patient_id,national_code,first_name,last_name,birth_date,gender,phone,address,blood_type,allergies,insurance_id,registration_date
1,9874817021,کیمیا,بیات,1985-03-19,زن,09359797771,13 مقدم جاده، قم,B+,,,2025-11-28
2,4950259891,فرشته,محمدی,2021-06-12,زن,09223409688,192 یزدانی خیابان، اصفهان,AB+,,,2025-05-18
3,2105585541,طاها,ملکی,2009-09-23,مرد,09160046956,148 مقدم بن‌بست، شیراز,,,4,2025-05-28
4,5230005793,بهاره,امینی,1990-02-13,زن,09246377481,162 نوری خیابان، کرمان,,,,2025-05-10
5,4139099763,کیمیا,حسینی,1985-06-23,زن,09281812140,83 عباسی میدان، تبریز,A+,,3,2024-12-29
6,2515092578,شهاب,دهقان,2015-12-22,مرد,09268820594,828 زارع بلوار، رشت,AB+,,,2025-09-16
7,4468965169,زینب,فرهادی,1963-07-04,زن,09370955249,742 نوری بن‌بست، یزد,AB+,,,2025-05-13
8,0914900781,آرمان,ملکی,2011-02-16,مرد,09202820036,53 مرادی کوچه، قم,,,,2025-09-13
9,5635339115,هستی,قاسمی,1993-03-30,زن,09351199198,41 بیات بلوار، اردبیل,O+,,,2025-11-27
10,4588340301,ریحانه,تحسینی,2020-03-16,زن,09200973169,837 تحسینی میدان، تبریز,O-,,2,2025-08-29
11,5480920642,نیما,دهقان,2006-04-13,مرد,09271491000,583 رضایی بلوار، همدان,A-,,,2025-02-22
12,0433068604,هانیه,نوری,1971-07-25,زن,09262218583,491 جعفری بن‌بست، بندرعباس,,,4,2025-07-16
13,0800304241,زینب,فتحی,2001-05-11,زن,09227941653,621 مقدم خیابان، قم,A+,,,2025-08-19
14,0056716400,یلدا,احمدی,2015-04-12,زن,09186853601,597 زارع میدان، یزد,AB+,لاتکس,3,2026-05-01
15,6278854449,کامران,حسینی,2011-02-24,مرد,09185224235,709 رضایی خیابان، ساری,A+,,3,2025-10-16
16,4456173701,مبینا,علوی,2017-09-08,زن,09191076388,31 قربانی کوچه، مشهد,A+,,1,2026-02-02
17,3094881890,فرشته,رحیمی,1999-05-21,زن,09289619611,451 نوری کوچه، تبریز,B+,,2,2025-10-17
18,1117957837,افسانه,غفاری,1991-07-11,زن,09342835457,210 محمدی میدان، کرج,,,,2025-04-29
19,1131368231,رها,زارع,2010-11-19,زن,09108507003,214 کریمی خیابان، قم,AB+,,2,2025-06-13
20,9591480946,ایمان,نجفی,2006-09-19,مرد,09377319186,500 کاظمی بلوار، اصفهان,,,2,2026-01-10
21,6022120276,ابوالفضل,جعفری,1978-01-23,مرد,09365970594,612 کریمی بلوار، رشت,B+,,,2025-06-29
22,0565893270,فرشته,مرادی,2003-01-12,زن,09122405012,509 مرادی جاده، کرج,A-,لیدوکائین,3,2025-08-23
23,1518456804,دلارام,مرادی,1994-11-21,زن,09241691082,95 یوسفی خیابان، ساری,O-,,,2025-11-06
24,2873187875,نگار,احمدی,1985-08-26,زن,09249343689,355 صادقی بلوار، همدان,,,1,2025-07-28
25,8546113815,کامران,رحیمی,1977-12-14,مرد,09219779716,411 نجفی بن‌بست، همدان,A+,لاتکس,5,2025-12-09
26,3469318281,نسرین,حسینی,2019-01-26,زن,09146325410,840 هاشمی کوچه، اردبیل,AB-,,4,2025-09-30
27,6800171530,ایلیا,احمدی,1962-09-15,مرد,09231978113,230 بیات جاده، کرمان,,,1,2025-11-30
28,5126995847,شیرین,احمدی,2016-09-08,زن,09171288670,768 علوی کوچه، شیراز,AB-,,2,2025-10-22
29,5888792799,علی,مرادی,2017-11-27,مرد,09181599555,4 علوی بن‌بست، ساری,,,3,2025-07-08
30,7038142641,حامد,یوسفی,1977-08-22,مرد,09146783533,322 عباسی خیابان، ساری,AB-,,1,2025-07-20
31,3223297553,نرگس,امینی,1970-10-03,زن,09171110783,207 نجفی کوچه، تهران,,,5,2025-06-02
32,3046879156,حامد,میرزایی,1981-08-27,مرد,09366610845,323 علوی بن‌بست، کرج,O+,,,2026-08-09
33,1672636876,رها,غفاری,1990-08-04,زن,09296357785,555 رستمی میدان، کرج,O+,,,2026-01-26
34,3489972228,نیایش,سلطانی,1995-04-22,زن,09140417930,592 سعیدی خیابان، رشت,A-,لاتکس,5,2026-07-11
35,3100999517,ثنا,توکلی,1972-02-23,زن,09144986382,81 صادقی بن‌بست، تبریز,B-,,,2025-12-14
36,5772413996,بهزاد,دهقان,1979-12-30,مرد,09128700388,833 موسوی بن‌بست، ساری,B-,,5,2025-11-01
37,2050304951,ترانه,توکلی,2018-10-06,زن,09353837049,421 قاسمی بلوار، تهران,AB+,,1,2025-12-29
38,4782853890,ثنا,قاسمی,2014-06-28,زن,09107520484,893 زارع جاده، بندرعباس,O-,,1,2025-07-23
39,2691810046,ترانه,محمدی,2017-07-28,زن,09248861718,113 زارع بلوار، همدان,O-,,5,2025-05-01
40,2364831202,شقایق,سلطانی,1992-03-31,زن,09142198054,507 عباسی میدان، کرمان,O+,,2,2025-07-10
41,7282787603,ثنا,توکلی,2023-02-05,زن,09206637488,237 نوری جاده، همدان,,,1,2025-05-27
42,7666063131,پریسا,رحیمی,1991-08-31,زن,09295087865,24 پارسا جاده، همدان,,,2,2025-11-15
43,6382111112,سعید,امینی,1980-09-12,مرد,09214677489,129 قاسمی میدان، یزد,AB+,,,2025-04-11
44,8244794631,معصومه,علوی,1968-01-27,زن,09146956919,614 امینی بن‌بست، رشت,O-,,,2025-12-05
45,0628189435,سوگند,رضایی,2013-02-23,زن,09369052331,774 عباسی خیابان، اهواز,AB-,,1,2025-06-13
46,4334244173,امیرعباس,پارسا,1987-01-22,مرد,09289272961,673 مقدم کوچه، اصفهان,AB-,,,2025-06-21
47,8942491847,شقایق,موسوی,1957-03-05,زن,09344343302,629 میرزایی بلوار، رشت,O+,,1,2025-12-29
48,6008821661,نسرین,نوری,1999-12-13,زن,09286699938,715 شریفی خیابان، اردبیل,AB-,,,2025-11-22
49,6275267666,شیرین,جعفری,1999-01-25,زن,09290891421,794 افشار بلوار، رشت,O-,,1,2025-06-25
50,3504980567,ابوالفضل,مقدم,1981-12-21,مرد,09275128713,458 جعفری خیابان، تهران,B-,,4,2025-03-19
51,9209398955,بهرام,اسدی,1973-11-04,مرد,09168043345,36 یوسفی بن‌بست، بندرعباس,,,2,2025-03-21
52,2550832213,طاها,یزدانی,1994-03-24,مرد,09192596897,126 افشار کوچه، یزد,O+,,1,2026-03-25
53,4508597890,مسعود,دهقان,2019-12-02,مرد,09168530870,500 نجفی بن‌بست، رشت,,,,2025-10-24
54,8890436204,ابوالفضل,فرهادی,2016-08-08,مرد,09169661033,660 زارع کوچه، همدان,AB+,,2,2025-03-13
55,4142134094,ایمان,محمدی,1994-06-22,مرد,09330038683,733 تحسینی بلوار، شیراز,,پنی‌سیلین,,2025-10-20
56,1640931732,مبینا,امینی,2005-10-21,زن,09135411723,145 سلطانی میدان، تهران,B-,,5,2025-11-01
57,9055359718,بهاره,جعفری,2003-04-30,زن,09238645552,355 بیات جاده، تهران,,,3,2025-08-22
58,2459393849,حامد,توکلی,1988-04-26,مرد,09149861633,679 صادقی خیابان، اردبیل,B+,,2,2025-06-30
59,4354411962,امیر,مقدم,1978-09-26,مرد,09376341088,396 شریفی بلوار، رشت,,,,2025-12-21
60,6107046453,زینب,رستمی,1974-02-15,زن,09322226269,61 توکلی جاده، قم,AB-,,,2026-01-11
61,7490593719,مهدی,کاظمی,1987-06-27,مرد,09355788521,797 صادقی کوچه، ساری,A+,,4,2025-09-12
62,4746889600,هانیه,رضایی,1973-04-02,زن,09190458582,190 دهقان خیابان، مشهد,B+,,3,2025-06-15
63,4330873941,ایلیا,کاظمی,1992-06-02,مرد,09273372976,488 میرزایی خیابان، شیراز,B-,,5,2025-12-24
64,2433929741,ثنا,بیات,2016-02-16,زن,09327965953,219 دهقان بلوار، شیراز,,,4,2025-01-08
65,2533288081,فاطمه,موسوی,2010-08-17,زن,09208491855,639 اکبری کوچه، یزد,A+,,4,2025-09-02
66,8890422203,افسانه,اسدی,1974-07-13,زن,09357631863,33 ملکی میدان، تبریز,O+,,,2025-05-08
67,3043201779,سوگند,علوی,1992-05-13,زن,09311331465,787 علوی کوچه، تهران,,لیدوکائین,,2025-07-18
68,6327787576,پرنیان,سعیدی,1981-07-09,زن,09183918122,31 امینی کوچه، یزد,,,2,2025-12-28
69,0359893831,ابوالفضل,بیات,1983-01-04,مرد,09371165936,25 میرزایی بن‌بست، یزد,O+,,2,2025-07-16
70,3998189051,کیمیا,رحیمی,1953-12-31,زن,09198844704,267 عباسی میدان، یزد,O+,,,2025-02-08
71,0534554301,هستی,مرادی,1974-09-06,زن,09247700385,585 دهقان کوچه، اهواز,B+,,2,2025-06-13
72,2994909464,سینا,نجفی,2023-06-01,مرد,09366365605,467 جعفری بلوار، مشهد,AB-,,,2025-06-28
73,9326980111,حامد,رحیمی,1992-01-16,مرد,09264704294,222 اکبری خیابان، تبریز,A+,,3,2025-06-17
74,3430470153,علی,ملکی,1987-08-02,مرد,09364936390,39 میرزایی بلوار، تبریز,B+,,2,2026-08-09
75,9325376571,ترانه,عباسی,2011-01-02,زن,09100426172,563 پارسا کوچه، کرمان,,,2,2025-04-16
76,6373935035,بهزاد,قاسمی,1957-09-06,مرد,09157987364,387 محمدی جاده، کرمان,,,1,2026-05-29
77,8240664180,علی,یزدانی,2004-04-23,مرد,09261008448,499 تحسینی میدان، بندرعباس,,,2,2024-11-30
78,6590662274,نرگس,رحیمی,1990-03-14,زن,09244396645,491 رحیمی جاده، همدان,A-,آسپرین,2,2026-02-23
79,0738291358,بهزاد,توکلی,2010-03-28,مرد,09179981051,76 شریفی جاده، اهواز,A-,,1,2025-11-19
80,9487213201,ابوالفضل,علوی,1990-01-17,مرد,09319314035,83 حسینی بن‌بست، تبریز,O+,,,2026-01-31
81,8513997684,جواد,یزدانی,2001-10-07,مرد,09368384283,802 اسدی بلوار، کرج,AB+,,1,2025-10-19
82,3130848029,پدرام,شریفی,1973-01-22,مرد,09264873052,215 کاظمی میدان، قم,O-,,,2026-05-11
83,7274992112,شقایق,رحیمی,2016-08-01,زن,09196487628,759 قربانی جاده، شیراز,O+,,4,2025-10-12
84,3320609319,رضا,میرزایی,1987-08-26,مرد,09365854336,839 ملکی میدان، همدان,O-,,,2025-02-21
85,8933898077,هستی,غفاری,1955-11-19,زن,09287419922,498 موسوی جاده، یزد,AB-,پنی‌سیلین,1,2025-07-17
86,1509350969,ریحانه,میرزایی,1989-09-18,زن,09287669641,153 قاسمی بن‌بست، کرج,AB+,پنی‌سیلین,2,2025-12-06
87,0308002792,سوگند,هاشمی,1962-07-24,زن,09287786651,427 رستمی بن‌بست، مشهد,A-,,3,2025-05-08
88,5843117790,ایلیا,تحسینی,1981-08-14,مرد,09399243852,780 یزدانی جاده، قم,A+,,1,2026-07-20
89,5495318242,معصومه,فتحی,1979-08-06,زن,09391829933,684 فرهادی خیابان، بندرعباس,AB+,,,2026-03-06
90,4342951185,پویا,رحیمی,1988-07-10,مرد,09247257845,876 رضایی خیابان، کرمان,B+,,5,2025-06-06
91,6669076320,بهاره,موسوی,2012-08-18,زن,09324975193,108 شریفی کوچه، ساری,,,,2026-08-02
92,5615286776,فاطمه,پارسا,1978-05-28,زن,09184649679,187 صادقی بن‌بست، رشت,A-,,1,2025-01-31
93,2321418192,رضا,افشار,1985-03-19,مرد,09297085800,199 قربانی میدان، تهران,AB-,,3,2025-05-02
94,8579526027,ریحانه,سلطانی,1950-03-31,زن,09206342126,327 احمدی کوچه، ساری,,,5,2025-11-04
95,6751874944,دلارام,ملکی,1999-11-01,زن,09381533995,106 عباسی میدان، تبریز,AB+,,,2025-10-30
96,7927567977,افسانه,جعفری,1998-07-13,زن,09210493068,386 یزدانی بلوار، مشهد,AB+,,4,2025-08-02
97,7226195577,نگار,هاشمی,1991-08-27,زن,09179800705,781 کریمی جاده، اصفهان,A-,,,2025-12-02
98,2764471122,نیایش,جعفری,1962-10-29,زن,09186872883,249 فتحی بن‌بست، قم,A+,آسپرین,3,2026-05-31
99,8202058120,فرشته,قربانی,2010-07-04,زن,09143416378,153 قاسمی بن‌بست، اصفهان,B-,,3,2025-04-29
100,6938292371,سمانه,تحسینی,1987-07-22,زن,09262587854,757 ملکی بن‌بست، بندرعباس,AB-,,2,2025-05-22
101,5917458820,وحید,فتحی,1986-06-26,مرد,09341576700,612 اسدی خیابان، تهران,AB-,,,2026-05-23
102,7763901292,افسانه,امینی,2001-09-11,زن,09267645440,464 غفاری بلوار، یزد,,,5,2025-07-15
103,2956291254,مجید,تحسینی,2021-02-03,مرد,09264224808,412 شریفی بن‌بست، یزد,O+,,4,2026-02-15
104,7162604536,رها,پارسا,1970-09-16,زن,09139486912,53 توکلی کوچه، تهران,B+,,,2026-07-06
105,4550551021,ترانه,افشار,2020-10-27,زن,09229962067,743 قربانی بلوار، رشت,B-,,2,2025-06-15
106,5999113253,جواد,پارسا,1976-12-30,مرد,09191275093,595 حسینی کوچه، بندرعباس,,,,2026-03-19
107,7056363441,سعید,دهقان,1993-08-20,مرد,09226020859,282 مقدم جاده، ساری,A-,,1,2026-02-05
108,2998392830,کیمیا,جعفری,1992-11-17,زن,09233563516,764 غفاری جاده، مشهد,AB+,,3,2025-03-31
109,3051673641,محدثه,رستمی,1980-11-17,زن,09232578066,857 عباسی خیابان، کرج,O-,,,2025-01-28
110,1808899520,رها,شریفی,2016-05-11,زن,09304663313,411 پارسا خیابان، ساری,B-,,,2025-12-19
111,0036778877,حامد,یوسفی,2006-10-01,مرد,09253112693,780 میرزایی بن‌بست، اردبیل,,,2,2025-05-02
112,7545462491,سعید,فرهادی,1975-10-11,مرد,09273582830,584 هاشمی بلوار، ساری,AB+,,,2025-07-16
113,4264548330,آناهیتا,افشار,1992-05-30,زن,09220846651,606 یزدانی کوچه، کرمان,B-,,3,2026-06-11
114,4317549174,لیلا,یزدانی,1983-09-04,زن,09127722264,659 علوی خیابان، اهواز,B-,,3,2026-05-17
115,2967780537,رضا,شریفی,2014-07-03,مرد,09333999021,551 افشار میدان، یزد,B+,,2,2026-02-21
116,1119533813,ترانه,محمدی,1997-07-08,زن,09188411946,18 افشار بلوار، کرمان,,,,2025-11-10
117,3081258898,لیلا,دهقان,1973-09-17,زن,09389798518,240 یزدانی بلوار، بندرعباس,A+,,4,2026-01-26
118,4738713396,هادی,نوری,1984-04-02,مرد,09379673470,287 جعفری خیابان، بندرعباس,B-,,,2025-02-17
119,3467754813,حسین,ملکی,1980-04-20,مرد,09152841964,740 موسوی جاده، اهواز,O-,,1,2026-02-03
120,3701929351,ثنا,زارع,1986-06-22,زن,09188520574,175 جعفری بن‌بست، شیراز,,,1,2025-12-15
121,8811451469,دلارام,عباسی,1967-08-01,زن,09237463849,184 صادقی بن‌بست، رشت,AB-,,1,2025-06-23
122,1295295504,ابوالفضل,سعیدی,2007-02-12,مرد,09345364518,868 هاشمی کوچه، بندرعباس,A+,,2,2025-08-10
123,9260402670,سینا,فرهادی,1982-11-08,مرد,09293131850,830 مقدم میدان، کرج,B+,,,2026-02-25
124,7746550592,مبینا,فتحی,2017-08-20,زن,09226173973,88 رستمی میدان، اصفهان,,,,2026-08-09
125,9966974857,سامان,علوی,1983-07-01,مرد,09373161295,787 نوری بن‌بست، اهواز,,,,2025-02-08
126,3492132243,غزاله,توکلی,1986-05-28,زن,09164347916,885 توکلی خیابان، قم,,,,2025-05-19
127,8773728314,غزاله,اکبری,2016-12-07,زن,09259148182,191 صادقی میدان، اردبیل,A-,,4,2026-06-20
128,8026297784,دلارام,حسینی,1984-04-15,زن,09324219827,9 هاشمی کوچه، بندرعباس,O+,,,2025-07-13
129,8096787985,نازنین,عباسی,1969-01-25,زن,09196523677,870 حسینی بن‌بست، تبریز,,,1,2025-11-05
130,6658860807,نیما,پارسا,1998-10-29,مرد,09145504048,123 امینی جاده، اصفهان,,,,2025-11-24
131,6218597652,ایمان,رضایی,2004-04-16,مرد,09192522352,140 مرادی خیابان، ساری,AB+,,,2025-07-11
132,6699676921,مهدی,نجفی,2001-07-21,مرد,09122338911,83 ملکی کوچه، تبریز,B-,,2,2025-08-12
133,1123098743,سمانه,جعفری,2012-09-30,زن,09192251511,58 امینی میدان، تهران,O+,,1,2026-01-09
134,1867055171,امیر,سلطانی,1971-04-16,مرد,09307698184,554 محمدی جاده، بندرعباس,,,,2025-09-10
135,2454622017,امیر,حسینی,2021-02-20,مرد,09154802613,853 پارسا جاده، اهواز,,,,2025-10-24
136,2231700255,سینا,اکبری,1981-09-06,مرد,09287158299,351 قاسمی میدان، یزد,AB-,,,2025-08-16
137,1734809876,پریسا,مرادی,1982-12-17,زن,09137426681,349 فتحی جاده، همدان,B+,لیدوکائین,1,2026-07-14
138,3620864721,نیما,رضایی,2008-01-18,مرد,09124957715,69 نجفی جاده، شیراز,O+,,,2025-12-18
139,6215099988,بهاره,سلطانی,1984-03-26,زن,09210308730,515 کاظمی خیابان، تبریز,B-,,1,2025-07-04
140,7996895414,سوگند,نوری,2021-12-06,زن,09130717269,56 نجفی بلوار، تهران,A-,,,2025-11-19
141,3238565052,معصومه,مقدم,2011-06-18,زن,09123663166,805 علوی کوچه، مشهد,,,2,2025-08-23
142,1750155001,یوسف,نوری,1976-04-18,مرد,09147000455,112 امینی بن‌بست، همدان,,,,2026-05-15
143,7531271893,مهسا,حسینی,1997-04-14,زن,09147298689,894 افشار خیابان، اردبیل,AB+,,,2026-05-24
144,9162400444,ریحانه,یوسفی,1978-02-08,زن,09247464919,609 شریفی بلوار، تهران,A-,,3,2025-02-15
145,8869013774,یلدا,موسوی,1993-02-28,زن,09344947964,884 امینی کوچه، اصفهان,B+,,4,2025-08-07
146,3146113041,شیرین,نجفی,1984-06-20,زن,09233894046,168 جعفری میدان، ساری,AB+,,,2025-05-25
147,3999708352,بنیامین,پارسا,2000-03-06,مرد,09132055902,305 کاظمی خیابان، شیراز,AB+,,,2025-10-29
148,8426708544,نسرین,کریمی,1959-07-27,زن,09348702235,612 صادقی میدان، رشت,,,1,2026-05-17
149,2748669703,پرنیان,پارسا,1976-07-22,زن,09202468574,875 یوسفی جاده، یزد,AB-,,,2025-03-22
150,0387666036,زهرا,بیات,2018-03-05,زن,09388325828,363 مرادی میدان، اصفهان,,,,2025-07-15
151,0115800107,جواد,امینی,1967-01-18,مرد,09103621883,488 بیات میدان، قم,,,1,2025-12-08
152,6334296371,علی,علوی,2012-05-27,مرد,09155553101,271 سعیدی بن‌بست، شیراز,O-,,5,2026-06-06
153,9932952389,افسانه,حسینی,2019-12-25,زن,09179906282,579 افشار جاده، یزد,A+,,5,2025-11-25
154,5933329975,نازنین,ملکی,1980-08-14,زن,09199688154,533 قاسمی جاده، مشهد,B+,,3,2026-07-13
155,8454740155,نگار,قاسمی,1985-01-27,زن,09395378806,583 رضایی بن‌بست، تبریز,,,3,2026-03-31
156,6027397527,ترانه,نجفی,1994-04-12,زن,09287165838,446 فرهادی جاده، مشهد,B+,,,2025-09-23
157,5435376378,الهام,یوسفی,2018-10-15,زن,09240729982,844 محمدی میدان، یزد,O+,,,2025-06-13
158,1402138857,سعید,پارسا,1979-09-22,مرد,09154455379,607 تحسینی میدان، قم,O-,,,2025-10-13
159,8239375170,سمیرا,امینی,1989-04-07,زن,09389947998,13 دهقان بلوار، اردبیل,B-,,,2026-07-07
160,8631676217,نازنین,غفاری,1997-03-07,زن,09214619055,71 نجفی بن‌بست، تهران,O-,لاتکس,,2026-01-18
161,7381504677,افسانه,قربانی,1960-11-27,زن,09190678177,227 زارع بن‌بست، همدان,B-,,4,2025-04-12
162,6262868909,بهرام,میرزایی,2021-05-24,مرد,09227727655,83 دهقان میدان، تبریز,AB+,,4,2026-06-18
163,6290379240,پویا,موسوی,2005-01-25,مرد,09196749776,651 نجفی بلوار، اصفهان,AB+,,1,2025-11-20
164,2022853725,کامران,یوسفی,1995-11-14,مرد,09310348264,319 علوی میدان، تبریز,B-,,,2025-07-29
165,6269070090,افسانه,اسدی,1977-11-30,زن,09219618141,686 صادقی بلوار، قم,B+,,4,2025-08-22
166,2099113580,بهاره,رستمی,1969-08-09,زن,09215468111,605 تحسینی میدان، رشت,B-,,3,2025-02-08
167,5839927988,میلاد,صادقی,2007-03-07,مرد,09169946452,17 اکبری بلوار، بندرعباس,AB-,,1,2026-01-30
168,9869029566,متین,یزدانی,1987-05-02,زن,09115965346,571 زارع بن‌بست، اهواز,A-,,3,2025-08-02
169,2807012515,نگار,غفاری,1949-09-04,زن,09274305255,238 امینی بن‌بست، شیراز,,,4,2025-08-10
170,7334797434,فرهاد,قاسمی,1980-05-13,مرد,09362149020,179 مقدم جاده، کرمان,,,,2025-11-27
171,4294442662,الهام,قربانی,1985-03-09,زن,09253961183,722 رحیمی بلوار، اردبیل,O-,,4,2026-08-09
172,5356544073,بنیامین,مقدم,1980-05-13,مرد,09382662048,643 قاسمی بن‌بست، مشهد,B+,,1,2025-01-11
173,3035334536,کیمیا,سلطانی,2018-09-16,زن,09275382466,653 فرهادی خیابان، یزد,A+,,1,2025-08-12
174,1114709247,سارا,اکبری,1979-07-16,زن,09340662656,590 نوری جاده، مشهد,,,5,2026-01-13
175,1046046586,آرش,دهقان,2023-04-19,مرد,09233816477,198 زارع بن‌بست، رشت,AB+,,,2026-01-31
176,3774354723,ایلیا,حسینی,2022-10-05,مرد,09222813594,856 دهقان خیابان، اهواز,O-,,,2025-11-28
177,2340187400,شیرین,کریمی,2012-12-09,زن,09267798788,463 پارسا خیابان، کرمان,,,3,2026-05-19
178,0990896099,شهاب,زارع,2012-09-08,مرد,09115434342,95 قاسمی کوچه، ساری,AB+,,,2026-04-10
179,9925112631,ریحانه,رستمی,2011-05-28,زن,09111967054,472 ملکی میدان، شیراز,A-,آسپرین,,2025-10-18
180,5834509241,متین,فرهادی,2003-12-15,زن,09188341271,314 یزدانی خیابان، تبریز,A-,,4,2024-12-06
181,0870105345,ماهان,علوی,1995-04-07,مرد,09175930657,515 غفاری میدان، اصفهان,AB-,,1,2026-02-09
182,5229980516,ماهان,میرزایی,2004-08-06,مرد,09206133997,335 فتحی بلوار، بندرعباس,AB+,,1,2025-04-27
183,3138667678,مجید,قاسمی,1998-05-25,مرد,09346080034,117 موسوی بلوار، تبریز,AB+,,1,2025-08-03
184,6163439767,کیمیا,غفاری,1949-05-31,زن,09288959729,217 محمدی بلوار، تهران,O+,,,2026-07-31
185,2947071931,آزاده,حسینی,2009-02-12,زن,09165492390,494 کاظمی کوچه، قم,O-,,4,2025-07-17
186,3635064084,بنیامین,میرزایی,2008-04-10,مرد,09336696952,290 قاسمی خیابان، بندرعباس,A+,,4,2025-06-26
187,0887753620,زینب,سعیدی,2011-07-22,زن,09147710071,766 موسوی میدان، همدان,AB+,,1,2025-05-20
188,0990834360,غزاله,کاظمی,1976-11-30,زن,09364227357,32 فتحی بلوار، شیراز,,لاتکس,,2026-08-09
189,2842159322,نگار,سعیدی,1987-08-27,زن,09216037657,287 ملکی خیابان، شیراز,A-,,2,2025-05-29
190,5909706276,پرنیان,قربانی,1976-05-27,زن,09317272313,274 قربانی کوچه، اهواز,A+,,4,2025-07-10
191,0529431556,هانیه,صادقی,2009-08-14,زن,09334672401,753 نجفی میدان، رشت,,,5,2025-04-06
192,9306811081,ریحانه,افشار,1998-11-30,زن,09361268446,359 محمدی بن‌بست، ساری,,,3,2025-05-16
193,7113074431,فرشته,نوری,1985-08-16,زن,09338652504,473 عباسی میدان، ساری,,,5,2025-03-10
194,1395970661,حسین,غفاری,2007-04-30,مرد,09165077259,203 دهقان خیابان، ساری,,,1,2026-07-11
195,9581538984,ماهان,بیات,1987-01-16,مرد,09311814393,596 یوسفی کوچه، شیراز,,,1,2025-05-23
196,8598919896,سینا,کاظمی,2018-03-14,مرد,09308111875,646 تحسینی جاده، بندرعباس,O-,پنی‌سیلین,1,2026-05-12
197,5749951766,یاسر,حسینی,1998-07-21,مرد,09157080007,63 دهقان جاده، شیراز,A+,,4,2025-01-04
198,9966942718,مسعود,نوری,2021-06-16,مرد,09185598344,43 امینی بن‌بست، یزد,AB-,,3,2025-09-29
199,4009425350,میلاد,موسوی,2017-05-09,مرد,09132924755,6 مقدم جاده، تهران,O+,,,2025-08-07
200,7602967879,متین,فرهادی,2010-06-03,زن,09195778899,401 صادقی کوچه، قم,,آسپرین,,2026-08-09
201,4867994261,متین,جعفری,2017-07-09,زن,09293623134,434 پارسا بن‌بست، شیراز,AB-,آسپرین,,2025-03-12
202,2592661816,حامد,کریمی,1991-03-21,مرد,09101792416,794 ملکی بن‌بست، مشهد,O+,,,2026-07-05
203,7617414374,مرتضی,مقدم,1987-10-19,مرد,09204402435,821 هاشمی کوچه، رشت,AB+,لیدوکائین,,2025-12-07
204,4314471050,سمانه,تحسینی,2010-06-19,زن,09121336578,776 علوی میدان، اهواز,AB-,,1,2025-05-31
205,9283697499,نیما,دهقان,1980-01-02,مرد,09349974186,755 میرزایی خیابان، اردبیل,A-,لیدوکائین,,2025-10-19
206,4406003479,افسانه,فتحی,2021-10-06,زن,09343237404,317 علوی بلوار، قم,,,,2025-04-10
207,0802419356,نیایش,اسدی,2014-01-07,زن,09342715336,590 غفاری خیابان، کرج,B-,,5,2025-07-04
208,3587670323,بهاره,غفاری,1993-06-17,زن,09223923167,881 اسدی کوچه، مشهد,AB+,آسپرین,3,2025-03-07
209,0479782903,حسین,شریفی,2012-05-14,مرد,09275520127,349 سلطانی خیابان، کرج,,,1,2025-01-01
210,9950083451,افسانه,دهقان,1991-04-10,زن,09186752865,652 عباسی بلوار، اردبیل,O-,,2,2025-06-03
211,8236352323,آرمان,امینی,1960-10-29,مرد,09358091695,66 فرهادی میدان، قم,AB+,لاتکس,4,2025-10-15
212,1877659487,مهدی,سلطانی,1998-12-28,مرد,09110673227,257 اکبری بلوار، اصفهان,O-,,1,2026-05-10
213,7849801172,نازنین,سلطانی,1989-10-24,زن,09152930789,417 قاسمی کوچه، قم,,,5,2026-02-28
214,5532010595,اردشیر,اسدی,1994-11-27,مرد,09100991015,203 دهقان بن‌بست، رشت,B+,,4,2026-04-20
215,7309895630,آناهیتا,اسدی,1997-07-06,زن,09221426936,351 فتحی کوچه، ساری,O-,,4,2025-03-04
216,8176718599,سبحان,موسوی,2014-07-26,مرد,09118633113,474 کاظمی کوچه، کرمان,,,,2025-07-28
217,7938471089,ریحانه,مقدم,1980-10-06,زن,09295757881,308 افشار میدان، رشت,AB+,آسپرین,1,2025-11-23
218,3832552898,بابک,نوری,1994-02-03,مرد,09355086285,176 رستمی بلوار، یزد,A-,,,2025-08-27
219,0248207415,علی,فتحی,1966-07-12,مرد,09275721204,455 رحیمی کوچه، تهران,A-,,1,2026-08-09
220,3732291618,سامان,عباسی,1984-06-07,مرد,09163398837,672 اکبری بن‌بست، شیراز,O+,,1,2025-05-09
221,5127995484,الهام,رستمی,1993-08-04,زن,09179111456,47 احمدی بلوار، مشهد,B-,,,2026-04-17
222,7276061272,شیرین,رستمی,1959-09-06,زن,09154114460,658 قربانی بن‌بست، ساری,B-,,,2025-06-28
223,1688766561,بهرام,امینی,1986-09-17,مرد,09148781349,51 علوی خیابان، قم,AB+,,1,2025-11-04
224,3937901337,طاها,صادقی,1969-01-07,مرد,09173093721,602 امینی کوچه، ساری,,,,2026-01-28
225,6307622008,سامان,اکبری,2010-05-03,مرد,09273493432,694 اکبری میدان، تهران,AB-,لیدوکائین,3,2025-12-30
226,7059375503,امیرعباس,یوسفی,2010-03-25,مرد,09199156629,598 سلطانی خیابان، ساری,O+,لیدوکائین,1,2025-11-04
227,7503844671,یاسر,احمدی,2013-02-12,مرد,09315337321,512 یزدانی میدان، یزد,A+,,3,2025-02-12
228,9553850979,بنیامین,نوری,2007-01-12,مرد,09224457021,527 علوی کوچه، بندرعباس,,,2,2025-02-02
229,2687021881,مرتضی,ملکی,1991-03-07,مرد,09356652334,133 زارع خیابان، بندرعباس,,,4,2025-06-14
230,9995354519,بهرام,توکلی,1984-12-15,مرد,09121149898,296 حسینی بلوار، یزد,AB+,لیدوکائین,4,2025-06-04
231,9775988561,پدرام,عباسی,2017-04-11,مرد,09323613825,605 بیات کوچه، ساری,O+,,4,2025-06-12
232,4814439636,میلاد,سلطانی,1982-07-28,مرد,09169628336,52 افشار بن‌بست، قم,O+,,4,2025-03-08
233,4588820710,سامان,نوری,1990-04-05,مرد,09152867754,593 فرهادی بلوار، کرمان,A-,,3,2025-11-23
234,9512155974,حامد,پارسا,1978-02-19,مرد,09163961478,730 رضایی میدان، تبریز,,,,2025-10-01
235,1667053795,پرنیان,زارع,2013-11-29,زن,09356518218,194 محمدی بن‌بست، مشهد,,,2,2026-03-29
236,9731154418,جواد,قاسمی,1995-02-27,مرد,09156864741,368 سلطانی بن‌بست، ساری,,,1,2026-04-29
237,4916947088,مهسا,رضایی,2002-11-10,زن,09326274837,70 صادقی میدان، کرج,O-,,4,2026-02-01
238,7598907978,نیما,موسوی,2011-02-15,مرد,09106441789,452 عباسی بن‌بست، یزد,,,1,2025-10-19
239,0434354473,ماهان,ملکی,2015-02-17,مرد,09396656587,256 هاشمی خیابان، قم,AB-,,1,2025-10-19
240,4176019514,فاطمه,سلطانی,1965-07-01,زن,09189868773,258 رضایی بن‌بست، اردبیل,AB-,,4,2025-06-19
241,6674895385,ثنا,یزدانی,2019-05-13,زن,09213529856,123 رضایی کوچه، همدان,B+,,,2025-06-27
242,4781923577,فرشته,مقدم,2002-03-16,زن,09209263568,583 موسوی بلوار، شیراز,B+,,1,2026-03-08
243,8053282822,پرنیان,صادقی,1986-03-25,زن,09335474056,536 صادقی کوچه، بندرعباس,AB+,,3,2026-03-27
244,1629091790,فاطمه,احمدی,1992-08-25,زن,09171177621,77 هاشمی بن‌بست، اردبیل,,,1,2025-10-09
245,4669659553,ایمان,افشار,1989-05-31,مرد,09388382069,831 میرزایی بن‌بست، اصفهان,B-,,1,2025-08-10
246,7370085635,زینب,توکلی,1950-06-02,زن,09238171693,43 حسینی بن‌بست، کرج,B+,,5,2026-01-11
247,1829184792,یلدا,هاشمی,1978-09-29,زن,09353877358,872 زارع بلوار، شیراز,O-,,1,2026-02-15
248,7800844749,حامد,موسوی,1982-01-31,مرد,09366780261,704 عباسی بن‌بست، بندرعباس,AB-,لیدوکائین,,2025-10-16
249,2412375399,محدثه,دهقان,2020-01-05,زن,09378065200,827 سلطانی خیابان، اصفهان,AB+,,,2026-03-10
250,6520684724,غزاله,علوی,1965-12-21,زن,09318648150,67 غفاری بلوار، بندرعباس,O+,,1,2025-05-05
251,7418807198,آرش,غفاری,1980-01-30,مرد,09330360344,18 صادقی خیابان، بندرعباس,,,3,2025-03-20
252,8485325461,پویا,توکلی,1987-08-04,مرد,09115182225,336 قربانی خیابان، ساری,A-,آسپرین,2,2025-04-08
253,0713774886,بنیامین,رحیمی,2005-07-12,مرد,09225006884,353 نجفی میدان، قم,,,,2025-01-23
254,2083604903,زهرا,زارع,1964-10-31,زن,09118092360,697 زارع کوچه، کرمان,B-,,2,2025-06-28
255,1256061697,سبحان,قربانی,2017-03-16,مرد,09154883921,34 رضایی خیابان، کرمان,A+,,1,2025-10-21
256,0700637486,امیر,رحیمی,1984-05-18,مرد,09203712476,646 اکبری خیابان، مشهد,B-,,2,2025-11-26
257,3967537234,سینا,رضایی,2015-11-15,مرد,09111310253,423 شریفی میدان، یزد,B-,,2,2025-12-04
258,6793882198,سینا,سلطانی,1997-08-28,مرد,09215123649,42 بیات بلوار، تبریز,B+,,1,2025-07-25
259,6897226521,ایلیا,رستمی,1954-06-19,مرد,09321744003,319 دهقان بلوار، تهران,B+,,4,2025-12-10
260,4961900443,مهسا,سلطانی,1981-07-08,زن,09267828999,776 اکبری جاده، همدان,B+,,,2025-03-25
261,3667572255,سینا,شریفی,1975-09-14,مرد,09399739855,38 اکبری بن‌بست، کرج,AB-,لیدوکائین,5,2025-06-22
262,4043233248,آرمان,یوسفی,1985-09-19,مرد,09196485669,749 حسینی جاده، شیراز,,,,2026-04-22
263,3277274853,سمیرا,تحسینی,1994-02-09,زن,09255513046,850 کریمی بن‌بست، تبریز,AB-,,,2025-06-19
264,1993001972,وحید,یوسفی,2013-11-22,مرد,09186106258,589 فرهادی خیابان، مشهد,B-,,2,2025-07-23
265,0308941233,هانیه,احمدی,2019-01-22,زن,09283487240,373 جعفری جاده، اردبیل,O-,,1,2026-04-25
266,3339742359,نیایش,تحسینی,1982-08-15,زن,09191231619,89 افشار کوچه، تبریز,AB+,لاتکس,2,2026-08-09
267,4704827054,ایمان,سلطانی,1990-07-04,مرد,09286675395,136 غفاری بلوار، شیراز,O+,,1,2025-06-05
268,9699250569,فرهاد,نجفی,2003-11-04,مرد,09294177275,465 قربانی کوچه، تبریز,,,,2025-11-16
269,4604923299,مسعود,مرادی,2022-09-20,مرد,09305636110,637 اسدی میدان، قم,B-,,,2026-03-20
270,6284666268,یلدا,امینی,1991-06-13,زن,09330667387,415 نوری میدان، رشت,A-,,1,2026-08-06
271,1231727721,مریم,عباسی,1990-06-24,زن,09204703428,887 یزدانی خیابان، رشت,AB+,,,2026-04-23
272,0744440513,مسعود,توکلی,2022-04-17,مرد,09276283945,548 افشار کوچه، اهواز,O+,,1,2025-11-13
273,1549568401,نگار,دهقان,1990-06-06,زن,09306261485,635 عباسی میدان، کرمان,AB+,پنی‌سیلین,,2026-08-09
274,8189869620,معصومه,مرادی,1993-06-01,زن,09159283096,425 توکلی خیابان، اهواز,AB-,,,2026-01-27
275,8213176294,ابوالفضل,تحسینی,1938-07-28,مرد,09340935596,356 عباسی جاده، مشهد,O+,,1,2026-03-16
276,6366427811,زینب,محمدی,1984-09-24,زن,09256806871,529 رحیمی میدان، قم,O-,,,2026-03-19
277,3387918720,سعید,عباسی,1984-03-23,مرد,09214847334,336 بیات خیابان، اردبیل,O+,,,2025-04-22
278,3567530666,آرمان,میرزایی,2007-12-11,مرد,09219783836,516 قاسمی میدان، تبریز,A+,,3,2026-01-29
279,3062463864,پرنیان,زارع,1989-02-01,زن,09297722850,568 یوسفی میدان، همدان,,لیدوکائین,2,2026-06-07
280,7659832824,ابوالفضل,عباسی,1999-11-13,مرد,09255629073,514 هاشمی بلوار، قم,A+,لیدوکائین,1,2026-08-09
281,3448190357,یاسر,میرزایی,1979-08-18,مرد,09297232341,869 بیات بن‌بست، ساری,A+,,1,2026-08-09
282,5712558491,هستی,سعیدی,2009-09-18,زن,09157077888,434 قاسمی کوچه، اصفهان,O+,,,2025-10-22
283,6928074108,یاسر,سلطانی,1988-06-27,مرد,09339447176,521 سعیدی میدان، کرمان,AB-,,4,2024-12-05
284,4014932850,یوسف,علوی,2013-11-14,مرد,09250393398,754 صادقی خیابان، اهواز,,,1,2025-02-18
285,7469754474,بهاره,احمدی,2012-05-02,زن,09340120837,795 محمدی بن‌بست، مشهد,,,3,2025-06-01
286,9523327992,متین,اسدی,1964-05-03,زن,09170479025,122 توکلی کوچه، کرج,,,,2025-03-28
287,1048630374,یوسف,اسدی,2019-06-20,مرد,09345789787,884 کریمی بن‌بست، رشت,,,1,2025-05-24
288,9254077526,الهام,بیات,2013-09-12,زن,09338543006,564 قربانی خیابان، تهران,,,1,2025-02-05
289,3352530051,حامد,عباسی,1983-03-24,مرد,09186224970,513 عباسی بلوار، بندرعباس,O-,,1,2025-11-17
290,0515424341,مبینا,نوری,1977-03-23,زن,09301550795,362 بیات بلوار، اردبیل,O-,,,2025-08-16
291,2492467406,رضا,فرهادی,1991-05-29,مرد,09269900696,892 قربانی میدان، اصفهان,A+,,2,2026-03-29
292,9409528666,مجید,کاظمی,1991-06-18,مرد,09225401792,860 رضایی خیابان، تبریز,B+,,1,2026-01-03
293,5479662971,یلدا,جعفری,2022-03-12,زن,09116105364,123 عباسی بلوار، اردبیل,O+,,3,2025-06-26
294,7695891932,جواد,افشار,1989-05-13,مرد,09205788869,311 شریفی کوچه، شیراز,,,1,2025-03-16
295,4870459639,رها,غفاری,2007-12-20,زن,09245202976,483 احمدی میدان، رشت,B-,آسپرین,,2025-07-19
296,3373155101,زینب,احمدی,1968-04-27,زن,09204007282,670 فتحی خیابان، قم,,,5,2025-04-22
297,4609582627,نازنین,سلطانی,1974-09-28,زن,09356412773,719 افشار خیابان، کرج,,لیدوکائین,4,2025-05-19
298,2845013973,ایلیا,سلطانی,1964-12-13,مرد,09271706398,455 یزدانی جاده، بندرعباس,B-,,4,2026-08-09
299,4750926515,پویا,مرادی,2012-02-15,مرد,09317937912,520 ملکی کوچه، تبریز,,,,2026-02-04
300,5520183287,محمد,رضایی,1979-03-10,مرد,09262166825,372 فتحی خیابان، رشت,,,2,2026-08-09
301,2853198537,فاطمه,شریفی,1993-03-20,زن,09290347070,293 دهقان میدان، ساری,O+,,3,2025-01-03
302,4295400203,مرتضی,محمدی,2020-09-05,مرد,09173511535,787 غفاری خیابان، اهواز,AB-,,,2026-02-19
303,2186203456,حسین,احمدی,2015-07-31,مرد,09385860706,412 افشار کوچه، تبریز,,,,2025-11-07
304,9910278510,طاها,کریمی,1989-03-02,مرد,09340310620,665 محمدی جاده، یزد,A+,,,2025-06-07
305,1691707198,ایلیا,احمدی,1989-09-25,مرد,09186918911,320 رستمی کوچه، همدان,,,,2026-05-24
306,6564118279,مهدی,پارسا,2017-06-16,مرد,09389367852,796 تحسینی کوچه، تهران,,,,2025-08-09
307,4126320172,سوگند,حسینی,1982-02-26,زن,09123540648,442 مرادی بن‌بست، اهواز,O+,,1,2024-11-28
308,6827687805,سارا,موسوی,1987-03-17,زن,09313096684,23 هاشمی جاده، تبریز,,پنی‌سیلین,4,2025-01-27
309,5089394660,حامد,تحسینی,2021-08-25,مرد,09397533157,33 فتحی کوچه، مشهد,O+,,1,2025-03-14
310,1366564618,سبحان,افشار,1981-01-15,مرد,09345662910,519 کاظمی کوچه، ساری,AB-,لاتکس,,2025-07-25
311,1695152905,آرمان,نوری,2017-08-20,مرد,09367132617,466 عباسی میدان، کرج,,,1,2025-09-18
312,5668687880,شیرین,اسدی,1983-02-15,زن,09214535278,295 سعیدی میدان، تبریز,B+,,1,2026-04-02
313,1563914042,نیما,احمدی,1981-05-21,مرد,09144799012,153 نجفی خیابان، بندرعباس,B+,لیدوکائین,,2026-04-10
314,8799079471,یوسف,امینی,2017-04-30,مرد,09181477436,293 غفاری میدان، تبریز,,,5,2025-09-10
315,4728110443,نیما,تحسینی,1991-10-24,مرد,09166030251,361 یزدانی خیابان، اردبیل,AB-,,1,2025-03-20
316,4338844205,یلدا,رستمی,1999-10-06,زن,09206977464,579 علوی خیابان، اردبیل,,,1,2025-05-01
317,0515435171,نیایش,رحیمی,1963-06-14,زن,09328531615,693 موسوی کوچه، کرمان,AB+,,3,2026-03-06
318,3234282633,کامران,غفاری,2014-05-25,مرد,09152681308,375 علوی کوچه، قم,O+,,1,2026-07-02
319,7440036980,فرهاد,محمدی,1982-10-08,مرد,09148164323,883 سعیدی خیابان، مشهد,,پنی‌سیلین,,2026-03-22
320,6422257562,نرگس,دهقان,1975-04-28,زن,09186918914,146 مرادی کوچه، تبریز,,,2,2025-12-27
321,4006814593,یاسر,کریمی,2020-02-15,مرد,09113227433,270 میرزایی میدان، اصفهان,,,,2025-11-21
322,9470163036,مریم,رحیمی,1987-02-28,زن,09146898757,369 قربانی خیابان، اهواز,B-,,,2026-08-09
323,4276567912,بهرام,هاشمی,2011-05-24,مرد,09350487130,564 صادقی بن‌بست، مشهد,,,1,2025-07-05
324,1069237809,شیرین,غفاری,1971-02-01,زن,09167133337,532 میرزایی خیابان، تبریز,O-,لاتکس,1,2025-06-11
325,5400135161,ملیکا,موسوی,2000-04-05,زن,09108666256,95 پارسا میدان، شیراز,AB+,,,2025-12-27
326,3793818454,ترانه,قاسمی,1977-06-02,زن,09308654734,113 میرزایی خیابان، قم,,,4,2026-01-10
327,9016858581,هانیه,قاسمی,2018-09-14,زن,09215367061,80 احمدی میدان، ساری,,آسپرین,2,2026-03-12
328,5974836901,حسین,سعیدی,1986-12-29,مرد,09384280362,230 میرزایی بلوار، تبریز,A-,,2,2026-07-21
329,0821327909,امیرعباس,سعیدی,1992-07-06,مرد,09254058892,673 محمدی کوچه، مشهد,O-,لاتکس,4,2025-06-22
330,7329053066,پریسا,بیات,1980-10-19,زن,09294516071,336 حسینی بن‌بست، تهران,AB-,,1,2026-08-09
331,6708791791,کامران,سلطانی,2020-09-27,مرد,09294715769,32 حسینی خیابان، قم,A+,,,2025-01-11
332,3244703781,مریم,ملکی,2011-08-08,زن,09247871548,879 نوری بن‌بست، رشت,O-,,2,2026-03-01
333,4992580726,بنیامین,توکلی,2013-11-12,مرد,09391473071,502 کریمی خیابان، کرج,O+,,1,2026-02-01
334,4624698002,ترانه,شریفی,2016-11-15,زن,09337262824,810 مرادی خیابان، تبریز,AB-,,,2025-06-01
335,0711759901,فاطمه,کاظمی,2018-01-13,زن,09216363365,302 یوسفی خیابان، شیراز,B+,,,2025-01-08
336,7623526138,مهسا,مرادی,1963-11-10,زن,09126853806,713 محمدی خیابان، مشهد,,,,2025-11-20
337,7989231042,بنیامین,عباسی,1998-07-18,مرد,09162104305,695 اکبری کوچه، قم,A-,,1,2025-08-24
338,2737865621,نرگس,احمدی,2021-06-01,زن,09243324179,240 حسینی کوچه، مشهد,B+,,4,2025-09-11
339,2504431457,آناهیتا,فرهادی,1995-12-17,زن,09356103140,468 کریمی جاده، شیراز,O-,,,2025-02-04
340,8403190549,مبینا,رستمی,1980-08-25,زن,09101106787,843 رستمی کوچه، یزد,,,5,2026-08-04
341,9398494167,بهرام,کریمی,1992-07-22,مرد,09389299759,729 تحسینی کوچه، کرمان,A+,,4,2025-04-16
342,9126778238,آرمان,مرادی,1995-03-29,مرد,09307388605,218 سلطانی بلوار، اردبیل,,,4,2025-04-02
343,6297516782,محمد,نوری,1975-11-27,مرد,09384027309,365 رضایی بن‌بست، بندرعباس,B+,,,2025-04-30
344,9497517548,رها,کریمی,1986-11-08,زن,09370646417,472 ملکی کوچه، کرج,B+,,2,2025-08-25
345,9713055004,پدرام,سعیدی,1996-02-05,مرد,09111565863,10 افشار جاده، بندرعباس,,,4,2025-01-29
346,6498641371,محدثه,موسوی,2008-10-19,زن,09281173688,364 نجفی خیابان، همدان,,,,2026-01-02
347,3921207150,کیمیا,عباسی,2018-03-23,زن,09287494156,77 پارسا خیابان، ساری,,,3,2025-06-12
348,6927141197,پرنیان,فرهادی,2015-08-02,زن,09109725817,174 احمدی کوچه، اردبیل,A+,لاتکس,,2025-03-04
349,1476877408,یاسر,یزدانی,1989-05-26,مرد,09378023311,894 نوری جاده، اهواز,,,,2025-06-23
350,1481827049,هانیه,تحسینی,1969-02-05,زن,09315011399,879 شریفی کوچه، ساری,O+,,,2025-01-26
351,3062974141,علی,محمدی,1982-10-26,مرد,09389845468,382 فرهادی میدان، تهران,AB+,,4,2026-02-19
352,9033305186,کیمیا,پارسا,2010-03-05,زن,09388781068,357 میرزایی بن‌بست، تبریز,AB+,,2,2026-04-25
353,2917891300,نیایش,رضایی,1996-09-22,زن,09392607470,271 زارع کوچه، اهواز,,,4,2025-11-24
354,8381866571,متین,میرزایی,2022-12-08,زن,09234409140,416 رحیمی میدان، شیراز,AB+,,4,2026-02-20
355,0360910467,سارا,شریفی,1999-12-08,زن,09210912220,662 محمدی خیابان، کرمان,O+,,2,2025-07-21
356,7696853538,سبحان,نوری,1959-06-12,مرد,09250497739,525 بیات میدان، اردبیل,AB-,,,2025-06-29
357,5338824744,جواد,سعیدی,1978-09-11,مرد,09390759208,846 رضایی جاده، ساری,A-,,3,2026-02-27
358,3325623875,سوگند,بیات,1971-11-19,زن,09208765038,700 امینی بن‌بست، کرمان,AB-,,1,2025-06-23
359,2129724302,سمانه,مرادی,1972-01-06,زن,09341194946,35 اکبری جاده، بندرعباس,,پنی‌سیلین,,2026-03-30
360,4723831045,زینب,محمدی,1991-11-10,زن,09210695442,600 سعیدی بن‌بست، رشت,,پنی‌سیلین,3,2025-12-23
361,5865065173,شیرین,فرهادی,1956-03-09,زن,09261844670,243 فرهادی میدان، ساری,A+,,,2026-08-09
362,8208502911,متین,احمدی,1982-11-21,زن,09392791093,121 فتحی خیابان، کرج,A+,,4,2026-04-10
363,5855451828,دلارام,تحسینی,2009-10-16,زن,09332598183,94 عباسی میدان، قم,,لاتکس,,2025-04-10
364,1229009841,علی,فرهادی,2022-08-25,مرد,09223388351,712 بیات میدان، بندرعباس,AB+,,1,2025-05-01
365,8579122503,معصومه,توکلی,1996-11-03,زن,09393326895,544 سعیدی بلوار، همدان,AB-,,2,2026-03-27
366,4328475223,پدرام,امینی,2015-02-07,مرد,09324662355,270 مرادی جاده، قم,,,4,2025-05-28
367,2257890183,حامد,کاظمی,2010-01-09,مرد,09285904737,242 کریمی میدان، بندرعباس,,,1,2025-09-03
368,4839155607,نیما,غفاری,2022-12-23,مرد,09142501112,515 هاشمی بلوار، تبریز,,,,2025-11-21
369,6759417968,پرنیان,صادقی,2021-12-09,زن,09116319806,539 مرادی میدان، تهران,A+,,1,2026-04-30
370,3992187209,شیرین,فتحی,1980-03-03,زن,09126846240,853 مقدم بلوار، تبریز,O-,,4,2025-03-14
371,7883605844,شیرین,فتحی,2002-08-17,زن,09334527842,410 سلطانی کوچه، تبریز,O+,,1,2026-08-09
372,4614581269,آناهیتا,رحیمی,2009-09-24,زن,09390188972,415 غفاری خیابان، بندرعباس,O-,,,2025-03-18
373,1411544676,میلاد,پارسا,2022-02-07,مرد,09347889892,247 افشار کوچه، رشت,,,1,2025-06-30
374,0083158596,یلدا,حسینی,1976-03-31,زن,09243005990,232 محمدی میدان، رشت,AB+,,,2025-10-18
375,7894445290,سارا,حسینی,1977-10-04,زن,09157804131,246 زارع میدان، قم,AB-,,1,2026-06-09
376,2804466140,ریحانه,مقدم,2022-04-23,زن,09384636230,684 قاسمی بلوار، همدان,O+,,2,2026-02-08
377,6455731204,پریسا,بیات,2017-10-06,زن,09148770311,497 ملکی جاده، اصفهان,O+,,3,2025-11-17
378,0537109935,ملیکا,حسینی,1985-07-28,زن,09275186797,482 زارع بن‌بست، بندرعباس,,,,2025-09-18
379,3067782623,ابوالفضل,حسینی,1988-07-03,مرد,09130144054,677 عباسی کوچه، بندرعباس,A-,,1,2025-09-21
380,6200505489,ملیکا,افشار,2007-11-14,زن,09391491038,620 اکبری میدان، یزد,A-,,,2025-05-13
381,5434851765,نرگس,کریمی,2021-11-12,زن,09131449944,389 کاظمی جاده، اصفهان,O-,,,2026-08-09
382,6509563428,شیرین,قاسمی,1992-05-12,زن,09193582687,608 احمدی میدان، قم,O-,,4,2026-04-06
383,5718751919,ترانه,سعیدی,2003-04-14,زن,09169139514,898 دهقان بلوار، رشت,,,5,2025-09-28
384,2587516048,وحید,بیات,2014-05-08,مرد,09317485438,46 مرادی کوچه، اهواز,B-,,2,2025-03-21
385,0622196219,حامد,میرزایی,2011-08-07,مرد,09213866876,494 میرزایی کوچه، همدان,,,1,2025-11-10
386,4615228562,ماهان,مرادی,2013-03-16,مرد,09256327940,67 جعفری کوچه، کرج,A-,لاتکس,5,2025-06-25
387,0627253482,محمد,زارع,2022-02-27,مرد,09119003917,419 جعفری کوچه، قم,B-,,4,2026-01-08
388,6616094960,بابک,فتحی,1993-07-03,مرد,09188390534,535 فرهادی خیابان، شیراز,A+,,5,2025-11-12
389,3002160148,وحید,اکبری,1973-09-21,مرد,09370451710,527 قربانی خیابان، رشت,B-,,1,2025-08-05
390,8854104647,دلارام,دهقان,2023-01-31,زن,09279901909,367 سلطانی جاده، اصفهان,,,2,2025-09-26
391,2303829526,امیر,پارسا,1993-01-16,مرد,09341404256,95 کاظمی میدان، کرمان,O-,,1,2025-11-08
392,7441663490,کامران,صادقی,1991-02-15,مرد,09228086655,169 رضایی بن‌بست، اصفهان,O+,,3,2025-04-22
393,1263020283,ایلیا,کاظمی,1981-05-07,مرد,09101497225,445 میرزایی کوچه، قم,,,3,2026-06-07
394,3543968785,شیرین,نجفی,1988-10-21,زن,09374717321,715 علوی کوچه، همدان,,,1,2025-09-16
395,6917014761,سارا,مقدم,1990-08-18,زن,09323389000,29 کریمی جاده، همدان,,,4,2025-04-14
396,2404485458,نیایش,امینی,2019-07-14,زن,09153105223,860 کریمی خیابان، اردبیل,,پنی‌سیلین,,2025-09-11
397,9427421673,بابک,سعیدی,1955-08-30,مرد,09172734726,583 ملکی کوچه، تهران,A-,,1,2026-01-15
398,9070957566,مهسا,پارسا,2009-02-25,زن,09182986427,791 توکلی بن‌بست، مشهد,,,3,2025-08-08
399,8806335596,نیما,زارع,2013-05-04,مرد,09174730429,490 هاشمی بلوار، اهواز,,,,2025-11-07
400,7938739529,سبحان,امینی,1994-04-17,مرد,09143571513,888 سعیدی خیابان، اصفهان,B-,,,2025-10-30
401,3537909926,پدرام,علوی,1989-03-01,مرد,09103443361,389 مقدم میدان، مشهد,A-,,1,2025-02-01
402,5593943753,محدثه,کاظمی,1994-01-09,زن,09224666564,339 فتحی خیابان، تبریز,,,,2026-03-28
403,1641644788,آرش,رحیمی,1983-05-28,مرد,09207069323,490 کاظمی بن‌بست، شیراز,B-,,,2025-07-04
404,8416678227,مبینا,میرزایی,1983-08-17,زن,09295598075,157 قربانی جاده، قم,O-,,,2025-04-03
405,9587160959,نرگس,قربانی,1993-05-14,زن,09291210886,556 تحسینی جاده، یزد,B+,,1,2025-08-13
406,5213302750,پرنیان,یزدانی,1996-08-08,زن,09347826578,535 سعیدی خیابان، بندرعباس,AB-,,5,2025-12-27
407,7399707561,نیایش,مقدم,1970-10-14,زن,09320565824,551 رضایی خیابان، شیراز,A+,,,2025-05-09
408,7491823564,نگار,موسوی,2014-03-03,زن,09173277553,587 میرزایی میدان، بندرعباس,B-,,1,2026-01-24
409,1787059049,ثنا,جعفری,1985-04-14,زن,09284874228,79 سلطانی بلوار، اهواز,B+,,,2025-03-31
410,0781379636,بهزاد,احمدی,2022-08-18,مرد,09347476229,355 اسدی میدان، شیراز,A-,,,2025-08-31
411,2913312187,یاسر,حسینی,1984-02-08,مرد,09363613350,224 سعیدی میدان، مشهد,B-,,4,2026-04-30
412,4604760497,نگار,مقدم,1987-09-04,زن,09220444585,596 اسدی بن‌بست، اردبیل,B-,,2,2026-03-14
413,4467131787,آناهیتا,دهقان,2010-02-26,زن,09274180404,274 سعیدی میدان، تهران,AB+,,2,2025-07-05
414,4671293171,لیلا,تحسینی,1980-07-12,زن,09232926018,586 یوسفی بلوار، بندرعباس,O+,,2,2025-07-16
415,3844069089,بهرام,حسینی,2009-06-24,مرد,09136851353,882 رحیمی کوچه، همدان,O-,,2,2026-07-08
416,0049304380,مرتضی,رضایی,1978-06-23,مرد,09348369315,399 جعفری بلوار، همدان,B+,,1,2025-01-26
417,6030302833,پرنیان,احمدی,1974-03-23,زن,09281392869,82 یوسفی بن‌بست، یزد,,,,2025-03-31
418,2761979869,نرگس,نجفی,1991-07-22,زن,09296519591,733 دهقان بن‌بست، اردبیل,AB-,,,2025-06-26
419,1319131875,لیلا,ملکی,1980-12-15,زن,09148789713,501 رضایی بلوار، بندرعباس,,,1,2026-03-13
420,0496395051,کیمیا,علوی,1984-05-24,زن,09236346636,108 فرهادی کوچه، تبریز,A-,,,2026-02-07
421,5180343755,طاها,زارع,2006-09-04,مرد,09386723331,607 رحیمی کوچه، تبریز,O+,,3,2026-03-04
422,6225788050,محمد,یوسفی,1997-08-31,مرد,09292010405,130 دهقان بن‌بست، رشت,AB-,,2,2026-05-02
423,7419257957,محدثه,زارع,1986-08-27,زن,09266301333,385 میرزایی بن‌بست، اهواز,,,,2025-07-11
424,0449179801,دلارام,صادقی,2002-01-21,زن,09399489835,363 سلطانی کوچه، شیراز,,,4,2025-08-21
425,2841168670,جواد,یزدانی,1981-08-25,مرد,09393045504,469 سعیدی بن‌بست، قم,,,,2025-04-20
426,5487129088,هستی,تحسینی,2019-06-27,زن,09252512697,504 علوی بلوار، تهران,AB-,لاتکس,,2026-03-14
427,6837580019,سوگند,صادقی,1998-05-24,زن,09198205342,584 هاشمی بن‌بست، اردبیل,O+,,1,2026-05-05
428,8637998062,ثنا,حسینی,2019-11-14,زن,09306380435,622 هاشمی خیابان، رشت,B+,,,2025-12-02
429,3226743716,ماهان,یزدانی,1968-07-19,مرد,09331915580,720 علوی بلوار، ساری,B+,,,2025-12-03
430,6809755292,یوسف,احمدی,2017-05-04,مرد,09132803258,765 عباسی میدان، یزد,,,2,2025-04-18
431,6295670581,بنیامین,فتحی,1981-10-09,مرد,09367766101,600 رستمی بلوار، بندرعباس,,لاتکس,1,2025-09-05
432,1924981238,علی,فرهادی,1990-04-22,مرد,09180420986,848 غفاری بن‌بست، اصفهان,,,,2025-10-05
433,6530148000,آرمان,موسوی,1998-05-03,مرد,09132579190,434 موسوی بلوار، قم,,,3,2025-03-27
434,4651394450,نسرین,حسینی,1979-02-15,زن,09276788874,362 محمدی بن‌بست، اردبیل,,,,2025-04-11
435,9037230687,مسعود,مقدم,1992-01-08,مرد,09291421137,754 فتحی جاده، قم,B+,,4,2026-08-09
436,2578656861,یوسف,پارسا,1994-02-10,مرد,09315595667,494 قاسمی کوچه، رشت,,,4,2025-09-03
437,7113553966,سمانه,قربانی,1971-08-04,زن,09287065588,739 ملکی خیابان، بندرعباس,,,,2025-02-11
438,5323051515,یوسف,رحیمی,2018-08-16,مرد,09335437960,746 ملکی میدان، کرمان,AB+,,2,2025-05-03
439,0615743031,حسین,کریمی,2023-04-23,مرد,09110444343,617 پارسا کوچه، مشهد,B+,,4,2026-01-14
440,1341149439,مریم,کاظمی,1994-10-03,زن,09280930972,574 تحسینی خیابان، اصفهان,A-,,1,2025-11-12
441,0334918448,سارا,کریمی,1963-03-08,زن,09266267901,70 امینی جاده، کرمان,A+,,1,2026-06-07
442,5216431578,سارا,محمدی,1978-03-21,زن,09138977807,819 قربانی بن‌بست، کرج,O+,,,2025-08-05
443,8569315031,لیلا,قربانی,1997-09-23,زن,09137107861,194 کریمی میدان، کرج,B+,,1,2026-04-19
444,5798252531,حسین,بیات,2022-11-06,مرد,09384473826,890 فتحی بن‌بست، ساری,,,2,2025-10-18
445,7163828594,مبینا,موسوی,1984-01-04,زن,09399688616,38 افشار بلوار، تبریز,O-,,2,2025-06-27
446,0605995877,سمیرا,افشار,1996-07-06,زن,09235726190,106 کریمی بلوار، رشت,,,1,2025-10-20
447,3574287496,مهسا,شریفی,1990-11-01,زن,09123229652,502 قربانی بن‌بست، رشت,AB-,,,2024-11-30
448,0214830861,آزاده,جعفری,1968-06-10,زن,09354195450,595 دهقان بن‌بست، اردبیل,A+,,5,2025-07-11
449,7041377490,لیلا,ملکی,2023-06-01,زن,09303363226,16 هاشمی بن‌بست، ساری,AB-,,,2025-11-30
450,2610377770,یلدا,محمدی,2022-09-02,زن,09217165778,148 سلطانی بن‌بست، تبریز,A+,,,2025-07-24
451,1723592021,ایمان,قربانی,1986-12-07,مرد,09366017090,272 اسدی میدان، ساری,A+,لاتکس,1,2026-07-23
452,5558058862,ماهان,سلطانی,1967-08-11,مرد,09235294105,439 محمدی بن‌بست، تهران,A+,,3,2026-05-25
453,7819502789,فرشته,مقدم,2018-01-15,زن,09115026947,67 شریفی بن‌بست، یزد,AB-,آسپرین,,2026-08-09
454,0347120407,یلدا,غفاری,2001-03-26,زن,09320409394,308 حسینی بلوار، ساری,A+,آسپرین,,2025-09-09
455,2676672592,مهدی,عباسی,2015-03-26,مرد,09296627633,242 پارسا بن‌بست، بندرعباس,O+,,1,2026-06-09
456,0354311417,بهرام,رضایی,2003-10-10,مرد,09146391359,688 بیات کوچه، کرمان,O-,,1,2026-05-14
457,7115739129,امیرعباس,غفاری,1986-12-23,مرد,09234326020,112 امینی خیابان، رشت,AB+,,1,2025-08-11
458,1836303289,سمانه,اکبری,1989-03-31,زن,09268039457,405 سعیدی جاده، تبریز,A+,,1,2025-01-10
459,4421895156,رضا,بیات,1976-05-11,مرد,09232366638,341 شریفی بن‌بست، رشت,AB+,,5,2025-08-06
460,6401044934,وحید,اسدی,2011-08-23,مرد,09153775796,296 توکلی بلوار، کرج,B-,,2,2025-07-21
461,8335454000,هانیه,سعیدی,1983-10-31,زن,09368308013,154 سلطانی بن‌بست، ساری,O+,,,2026-02-24
462,7933204554,بنیامین,دهقان,2020-05-31,مرد,09168944948,7 کریمی میدان، تبریز,A+,,2,2025-11-26
463,8260825139,نیایش,عباسی,2015-09-02,زن,09175028770,641 فرهادی میدان، کرج,,,4,2025-04-06
464,2189741599,ایمان,فرهادی,2007-12-02,مرد,09374697168,308 نوری کوچه، مشهد,B-,,,2025-07-16
465,9654463482,نسرین,ملکی,2015-10-25,زن,09364556462,332 کریمی بلوار، یزد,,لیدوکائین,4,2025-07-24
466,4730692306,مرتضی,فتحی,1962-08-13,مرد,09181871661,611 نوری بن‌بست، همدان,AB+,,2,2025-07-14
467,3841645399,محمد,کاظمی,1988-04-19,مرد,09134629194,277 جعفری خیابان، تبریز,,,2,2026-01-19
468,5524147196,سبحان,رستمی,1998-10-29,مرد,09274045045,620 مرادی بلوار، کرج,,,,2025-04-27
469,3563575169,امیرعباس,اسدی,2018-08-03,مرد,09309979586,21 حسینی خیابان، ساری,AB+,,,2025-03-22
470,8808669076,ثنا,رحیمی,2011-07-12,زن,09115477572,536 رضایی خیابان، اردبیل,B+,آسپرین,4,2026-08-09
471,1946678783,پویا,احمدی,1991-08-15,مرد,09165922708,427 بیات میدان، تهران,AB+,,2,2025-12-09
472,3135221059,ملیکا,امینی,2023-03-19,زن,09278857989,310 نوری بن‌بست، ساری,O+,,,2026-08-08
473,5671522587,مریم,زارع,2014-04-02,زن,09124322374,807 غفاری کوچه، قم,B-,,,2025-12-22
474,2353990932,ثنا,محمدی,1993-02-03,زن,09102746761,595 شریفی بن‌بست، اردبیل,,,1,2025-06-14
475,2684605157,یوسف,احمدی,2002-04-03,مرد,09133736731,567 هاشمی میدان، ساری,O-,,1,2025-10-03
476,8976785207,الهام,دهقان,2002-03-14,زن,09296219604,690 اکبری بلوار، تبریز,,,1,2025-04-21
477,4064453761,رها,هاشمی,2012-01-21,زن,09115613209,692 محمدی بلوار، یزد,O-,,,2025-02-28
478,8260258714,ثنا,یزدانی,2012-12-24,زن,09248541052,262 میرزایی کوچه، اردبیل,AB-,,1,2026-01-10
479,9192733174,کاوه,زارع,2021-04-04,مرد,09241979849,215 نوری میدان، اهواز,B+,,,2025-06-07
480,7620792686,ایمان,عباسی,2010-04-30,مرد,09267638551,744 فرهادی کوچه، اردبیل,O+,,1,2025-06-26
481,3615903528,پریسا,قربانی,2011-07-01,زن,09232614815,714 میرزایی میدان، شیراز,A+,,2,2025-09-24
482,5446586948,هانیه,احمدی,1983-03-16,زن,09220249439,203 امینی بلوار، رشت,,لیدوکائین,4,2025-02-11
483,4845610337,سوگند,قاسمی,2019-09-20,زن,09289385312,304 موسوی بن‌بست، اردبیل,O-,,,2025-09-04
484,4867422924,معصومه,شریفی,1974-10-17,زن,09320512346,769 عباسی خیابان، قم,A+,,2,2024-12-15
485,7640862760,مهدی,احمدی,1992-07-23,مرد,09391862810,577 مرادی خیابان، تهران,,پنی‌سیلین,,2025-01-06
486,1074288084,اردشیر,قاسمی,1974-06-12,مرد,09174631445,120 فرهادی خیابان، تهران,A-,,1,2025-07-26
487,4242722151,افسانه,زارع,2015-07-12,زن,09337254438,201 نجفی جاده، همدان,AB-,,1,2025-04-07
488,3434838041,ایلیا,رضایی,2015-03-10,مرد,09101826372,315 رحیمی میدان، تبریز,AB+,,1,2026-04-23
489,5434594525,آزاده,موسوی,1974-01-16,زن,09260324655,485 موسوی بلوار، همدان,A-,,,2025-03-15
490,0843712929,دلارام,قاسمی,2003-05-11,زن,09269042132,477 نوری بن‌بست، یزد,O-,,3,2025-03-14
491,9863023582,رها,پارسا,1966-07-02,زن,09198380635,451 یوسفی جاده، رشت,AB+,,1,2026-03-17
492,7610066346,ملیکا,افشار,1991-10-02,زن,09174956331,408 فتحی بن‌بست، رشت,AB+,,3,2025-11-14
493,7293820739,هادی,فتحی,2014-12-22,مرد,09360380851,30 اکبری کوچه، تهران,O-,,,2024-12-13
494,0272275743,رها,تحسینی,2019-02-17,زن,09201029605,714 زارع جاده، ساری,,,,2025-02-21
495,1752158326,ایمان,مقدم,1990-09-07,مرد,09333892135,630 موسوی کوچه، کرمان,B-,,,2026-07-15
496,7626346998,سوگند,فرهادی,1970-07-21,زن,09398222522,417 جعفری کوچه، کرج,O-,,1,2025-08-12
497,6417323226,فاطمه,یزدانی,1972-07-06,زن,09273603696,786 رضایی بن‌بست، کرمان,AB-,,5,2026-04-07
498,6035809804,حامد,احمدی,2010-01-27,مرد,09306587371,48 نوری جاده، اهواز,A+,لیدوکائین,,2025-08-01
499,0437287041,بهاره,یزدانی,1987-09-27,زن,09132428753,389 رحیمی بن‌بست، یزد,A+,,1,2025-06-17
500,1441551441,آزاده,سلطانی,2014-10-25,زن,09217260332,884 فرهادی کوچه، تبریز,,,4,2026-02-17
501,2601374421,مبینا,رستمی,1969-04-20,زن,09134556044,584 فرهادی میدان، شیراز,AB-,لاتکس,2,2026-01-10
502,7998315751,ایمان,رحیمی,1988-02-08,مرد,09289810371,716 کاظمی بلوار، اهواز,A+,,2,2025-04-14
503,8778666090,سمانه,احمدی,1995-08-04,زن,09118637799,882 فتحی میدان، اصفهان,AB+,,,2025-12-29
504,1491247231,مسعود,کریمی,2021-05-31,مرد,09237700239,177 سلطانی بن‌بست، رشت,,,5,2026-05-04
505,8359505373,مسعود,فرهادی,2013-08-16,مرد,09395985428,263 پارسا خیابان، اهواز,B+,,,2026-05-16
506,6464587676,زهرا,نجفی,1992-12-19,زن,09384552976,329 مقدم خیابان، کرمان,AB-,,,2025-01-18
507,7250812246,معصومه,سعیدی,2017-07-25,زن,09358192770,281 شریفی بن‌بست، همدان,O+,,1,2025-08-10
508,2729620125,آرمان,امینی,1987-03-22,مرد,09398741331,588 هاشمی جاده، کرمان,B-,,1,2025-06-07
509,1728315336,معصومه,رحیمی,1997-03-25,زن,09304528842,611 بیات بن‌بست، بندرعباس,O-,,3,2025-07-21
510,2295187729,نسرین,سلطانی,2001-11-14,زن,09305378060,603 کریمی جاده، اصفهان,AB-,,2,2025-07-20
511,4214126297,نگار,نوری,1994-12-17,زن,09346836998,621 اسدی خیابان، اهواز,A+,لاتکس,4,2026-02-16
512,0816549095,دلارام,محمدی,2016-02-12,زن,09177486287,616 شریفی بلوار، بندرعباس,,,4,2025-07-02
513,5415345485,ملیکا,نوری,1987-07-10,زن,09275908330,712 اسدی میدان، قم,A+,پنی‌سیلین,1,2026-08-09
514,3881356770,حامد,دهقان,1992-04-06,مرد,09100230030,137 سلطانی بن‌بست، اردبیل,AB+,,5,2026-03-26
515,1301406376,جواد,ملکی,1991-09-21,مرد,09398390231,351 دهقان میدان، ساری,A+,,5,2026-03-28
516,2707064025,نگار,امینی,1985-01-11,زن,09182588886,166 قربانی بلوار، همدان,O-,,2,2025-08-30
517,5100520833,یلدا,تحسینی,2015-11-10,زن,09273663211,420 افشار بن‌بست، کرج,O+,,,2024-12-07
518,8076984181,نیما,حسینی,2015-04-27,مرد,09221416497,85 محمدی بن‌بست، یزد,,,,2025-07-13
519,6455651219,سارا,صادقی,1985-05-22,زن,09310191901,213 رحیمی کوچه، اصفهان,O+,,4,2025-10-31
520,6626313169,مهسا,قربانی,1980-06-11,زن,09147198022,729 جعفری جاده، رشت,A+,,5,2025-04-12
521,8670636468,بهزاد,کاظمی,2004-03-31,مرد,09290850046,599 پارسا خیابان، مشهد,AB+,,,2025-11-14
522,5605733443,رضا,رحیمی,2012-06-09,مرد,09364175144,554 عباسی بلوار، اردبیل,O-,,1,2026-02-26
523,5112643481,رضا,رضایی,1973-08-10,مرد,09365030064,779 امینی بلوار، کرمان,,,,2026-03-25
524,2508867209,نگار,مقدم,1975-09-14,زن,09377731500,710 میرزایی بن‌بست، رشت,,لاتکس,4,2025-10-10
525,0003136787,شیرین,قاسمی,1984-05-08,زن,09356828550,371 فرهادی کوچه، بندرعباس,B+,,2,2026-05-20
526,7278628539,بهاره,امینی,2006-11-24,زن,09184136406,808 عباسی خیابان، کرج,O+,,4,2025-02-16
527,5050259436,ابوالفضل,غفاری,1992-03-18,مرد,09369390960,495 یزدانی بن‌بست، همدان,,,,2026-06-11
528,0534630383,فرشته,جعفری,2000-07-07,زن,09267238398,680 سلطانی بلوار، قم,O-,,,2025-12-01
529,0324353200,شیرین,مرادی,1991-03-07,زن,09272832605,157 اکبری بن‌بست، تهران,,,5,2025-05-24
530,1368219888,جواد,اسدی,2019-04-27,مرد,09263753527,11 رضایی خیابان، شیراز,,آسپرین,4,2025-11-19
531,2960694457,معصومه,مقدم,2007-05-06,زن,09296862563,599 یزدانی میدان، همدان,A+,,,2026-06-15
532,6326572975,غزاله,شریفی,2017-03-07,زن,09315320807,83 ملکی جاده، اردبیل,O+,,,2026-06-21
533,8280608559,مهسا,فتحی,1963-10-06,زن,09198255306,328 عباسی میدان، کرمان,A-,,,2026-08-09
534,5544304181,مهدی,شریفی,2014-08-19,مرد,09178424509,609 موسوی کوچه، اهواز,AB+,,1,2026-02-07
535,6211262078,مریم,کاظمی,1976-02-07,زن,09339162515,315 محمدی کوچه، رشت,B-,,3,2024-12-30
536,8296004811,سمیرا,عباسی,2016-06-13,زن,09299673888,628 دهقان میدان، ساری,B+,,,2025-09-20
537,8294884405,سارا,علوی,1990-08-16,زن,09142012318,123 غفاری کوچه، کرمان,O-,,1,2026-07-10
538,9908677357,کاوه,سلطانی,1971-04-08,مرد,09126660732,484 فرهادی میدان، همدان,A+,,1,2025-02-17
539,2239765348,محمد,نوری,2011-02-27,مرد,09211894607,264 پارسا میدان، تهران,A-,,4,2025-07-28
540,1832391418,پریسا,امینی,1992-04-13,زن,09341267206,672 سلطانی خیابان، اردبیل,AB+,,5,2026-05-17
541,4425245601,پرنیان,موسوی,2020-04-06,زن,09305885714,670 مرادی جاده، همدان,AB-,,,2025-01-18
542,7920919495,نرگس,کاظمی,2000-06-21,زن,09103681340,744 رستمی میدان، تهران,,,5,2026-01-02
543,5873807760,آناهیتا,رضایی,1963-04-25,زن,09283574826,598 امینی میدان، رشت,B+,,5,2026-06-25
544,9349598264,بهزاد,سعیدی,1980-07-09,مرد,09214088832,832 یوسفی بن‌بست، یزد,O+,,,2025-03-05
545,3407692366,کاوه,موسوی,2012-01-13,مرد,09294791835,747 یوسفی خیابان، بندرعباس,O-,,4,2026-03-26
546,7060726748,نگار,نجفی,1996-08-31,زن,09185673290,332 قربانی بن‌بست، اصفهان,,,4,2025-06-12
547,3104521808,شیرین,بیات,2018-11-27,زن,09127055223,228 ملکی جاده، کرج,A-,,,2025-03-23
548,4123483321,ملیکا,صادقی,1986-01-03,زن,09289674773,246 مرادی بن‌بست، ساری,,,2,2026-04-10
549,7035940235,افسانه,پارسا,1986-12-31,زن,09360918942,323 اکبری میدان، کرج,B+,,1,2026-08-05
550,7831718850,مهسا,شریفی,1978-12-07,زن,09113288350,564 رحیمی خیابان، کرمان,AB-,,5,2026-04-03
551,3414684195,یلدا,افشار,1976-07-18,زن,09316756846,372 فتحی کوچه، کرمان,,پنی‌سیلین,2,2026-05-02
552,2043961071,پویا,نوری,1987-09-28,مرد,09289626268,789 امینی خیابان، اصفهان,B+,,1,2025-05-31
553,3803158028,اردشیر,جعفری,1992-04-11,مرد,09393895953,781 جعفری جاده، اهواز,A+,,1,2025-02-04
554,6490956551,فرشته,پارسا,1985-01-31,زن,09244007180,623 عباسی بن‌بست، تهران,,,,2026-04-12
555,3920384652,شهاب,بیات,2018-02-05,مرد,09358456020,879 نجفی بن‌بست، کرمان,AB-,,3,2025-04-21
556,6452226487,مبینا,شریفی,2005-11-14,زن,09157351252,677 رستمی بن‌بست، قم,AB-,,1,2026-04-28
557,3213301396,غزاله,غفاری,1998-05-04,زن,09357953907,654 مقدم میدان، تهران,AB+,,5,2026-06-22
558,2957366150,نیایش,غفاری,1998-01-29,زن,09203010207,563 صادقی جاده، قم,AB+,پنی‌سیلین,3,2025-11-09
559,2003193774,امیر,فرهادی,1962-07-11,مرد,09251080257,760 اکبری کوچه، تهران,A+,,1,2026-01-13
560,7628842909,محدثه,فتحی,1998-01-26,زن,09197569507,673 رستمی میدان، مشهد,,,,2025-07-07
561,6296274629,ثنا,موسوی,1984-10-14,زن,09359052942,393 میرزایی بن‌بست، یزد,B+,,5,2025-09-01
562,8016966497,دلارام,تحسینی,1970-06-12,زن,09311505437,813 توکلی میدان، کرمان,,,,2026-02-02
563,0440731062,طاها,زارع,1973-12-06,مرد,09111870538,849 جعفری خیابان، اصفهان,O-,,2,2025-10-19
564,4050236680,الهام,موسوی,1994-05-10,زن,09388430467,898 مقدم کوچه، قم,O-,,2,2025-07-20
565,0209793996,ثنا,بیات,1987-11-16,زن,09183863162,512 میرزایی بلوار، اهواز,,,1,2026-07-22
566,9111426985,طاها,شریفی,2010-04-20,مرد,09122185511,246 دهقان بن‌بست، شیراز,A-,,4,2025-10-26
567,8860700681,نیایش,پارسا,1988-11-07,زن,09354009863,481 بیات جاده، رشت,,,,2025-07-11
568,7396888697,بهزاد,رحیمی,1983-05-07,مرد,09371928404,65 قربانی بلوار، کرج,B+,,1,2025-07-02
569,8577101223,امیرعباس,احمدی,1991-06-01,مرد,09174032059,716 یزدانی خیابان، یزد,O-,,2,2025-08-01
570,7718903087,سامان,کریمی,2015-10-30,مرد,09231618738,121 شریفی کوچه، اردبیل,O-,,1,2025-05-11
571,8821347915,آزاده,رحیمی,1997-08-06,زن,09101189478,128 نجفی بلوار، اصفهان,O-,,,2025-03-01
572,0601992512,رضا,غفاری,1999-04-03,مرد,09314924956,27 سعیدی بن‌بست، رشت,O-,,,2026-04-07
573,8252362729,مبینا,حسینی,2013-03-19,زن,09390838586,436 علوی جاده، اصفهان,O+,,,2025-10-19
574,3147269280,نیایش,زارع,1974-11-12,زن,09188505329,100 زارع کوچه، بندرعباس,AB+,,4,2026-08-09
575,7160278641,پدرام,کاظمی,2019-07-04,مرد,09231280369,105 علوی بن‌بست، اصفهان,A-,,,2025-04-18
576,2585964485,سمیرا,قاسمی,2013-06-25,زن,09159669019,352 بیات بلوار، بندرعباس,AB-,,1,2026-01-04
577,6718134201,نیما,شریفی,1989-04-11,مرد,09171692385,309 کاظمی میدان، همدان,,,1,2025-02-06
578,3765180017,ماهان,نجفی,1988-04-23,مرد,09315572864,401 رضایی میدان، قم,O+,,4,2026-07-22
579,4197095155,امیرعباس,غفاری,1979-04-04,مرد,09393031565,413 موسوی میدان، رشت,,,,2025-07-15
580,8658368777,رها,قربانی,1988-04-17,زن,09280534867,579 افشار بلوار، یزد,A-,,2,2025-06-12
581,0525746587,بابک,رستمی,1977-11-02,مرد,09123550725,751 پارسا بن‌بست، همدان,A-,,,2026-03-15
582,8768673515,هستی,علوی,2009-01-29,زن,09159361535,429 رستمی کوچه، شیراز,AB+,,5,2025-01-24
583,8678497661,اردشیر,نوری,1997-04-15,مرد,09379571691,676 توکلی خیابان، همدان,O-,,,2025-06-29
584,3451121816,نرگس,صادقی,2014-01-30,زن,09363490266,15 کاظمی جاده، شیراز,,,,2026-04-19
585,7862153901,علی,علوی,1975-01-02,مرد,09167894798,878 قاسمی بن‌بست، ساری,B+,,2,2025-02-14
586,4405243204,محمد,یزدانی,1961-08-29,مرد,09217790940,219 اکبری میدان، قم,B+,,2,2025-05-23
587,9827454331,زهرا,نجفی,2017-10-14,زن,09149371882,289 عباسی بن‌بست، یزد,A-,,1,2026-08-09
588,4373816654,ریحانه,رستمی,2023-02-09,زن,09385835158,535 دهقان بن‌بست، کرج,AB-,,,2025-10-08
589,8210189360,سمانه,دهقان,2017-07-07,زن,09341720146,470 افشار میدان، بندرعباس,O+,پنی‌سیلین,2,2026-01-30
590,9623767781,یلدا,اسدی,2017-06-24,زن,09233357624,869 میرزایی جاده، همدان,O-,,1,2026-01-09
591,3573060404,ترانه,سلطانی,1983-08-15,زن,09276726652,744 احمدی خیابان، تهران,,,1,2026-01-21
592,4165851663,شقایق,رحیمی,1984-03-26,زن,09337848496,794 تحسینی میدان، کرمان,A+,لیدوکائین,2,2025-01-06
593,0893364045,میلاد,میرزایی,1984-06-22,مرد,09299565198,3 قاسمی کوچه، یزد,A+,,,2025-05-27
594,3040907824,الهام,هاشمی,2021-11-07,زن,09306179732,325 سعیدی میدان، اهواز,,,2,2025-12-28
595,4335099411,پویا,علوی,2009-01-20,مرد,09352187715,763 سعیدی بن‌بست، قم,AB-,,4,2025-10-12
596,0848238036,بهاره,افشار,1971-10-07,زن,09253508659,777 دهقان خیابان، تهران,A-,,,2025-04-20
597,0715265865,هادی,علوی,1982-07-11,مرد,09129739140,361 رستمی جاده، بندرعباس,O+,,,2025-08-13
598,6984888433,نیما,علوی,1982-03-07,مرد,09354417138,668 هاشمی خیابان، ساری,,,4,2025-10-22
599,4217119712,شیرین,نجفی,2002-02-09,زن,09126071588,84 مرادی بلوار، قم,,,,2025-04-11
600,9822333382,نیایش,احمدی,1979-04-20,زن,09351684140,761 شریفی میدان، شیراز,A+,,3,2026-06-21
601,3973057478,جواد,فرهادی,1989-07-31,مرد,09274187779,117 کریمی بلوار، یزد,,,2,2026-03-23
602,0939792826,ریحانه,سعیدی,1995-07-13,زن,09335043296,588 احمدی بن‌بست، کرج,B+,,,2026-07-03
603,0319914747,علی,رحیمی,2008-05-09,مرد,09120814873,211 رضایی جاده، کرمان,O+,,,2025-08-17
604,7278558867,آرمان,مقدم,2013-09-16,مرد,09147770776,418 شریفی بن‌بست، بندرعباس,O-,,3,2026-04-09
605,5827673811,ریحانه,فرهادی,2020-10-03,زن,09360252506,821 ملکی کوچه، بندرعباس,B+,,,2025-01-23
606,9599258924,سعید,یوسفی,1995-08-16,مرد,09307629028,878 هاشمی میدان، تهران,A-,,2,2026-01-20
607,3988960454,دلارام,تحسینی,1968-05-03,زن,09210572871,195 مرادی بن‌بست، همدان,O-,,1,2026-02-28
608,7153171411,علی,کاظمی,1971-03-15,مرد,09245631576,4 محمدی بلوار، اردبیل,O+,,1,2025-10-26
609,5166572033,سمانه,نجفی,1957-05-09,زن,09221591267,687 تحسینی خیابان، بندرعباس,,,1,2025-10-20
610,6005497741,پرنیان,جعفری,2013-10-13,زن,09203670433,652 عباسی بلوار، شیراز,AB+,,,2025-02-18
611,3373225876,محدثه,احمدی,1978-06-03,زن,09213377523,691 جعفری میدان، اصفهان,A+,,,2025-10-23
612,6988943617,مبینا,فتحی,1979-05-26,زن,09314093739,134 قربانی بن‌بست، شیراز,AB+,,,2025-11-11
613,7753046195,ریحانه,نوری,2009-09-05,زن,09399788640,26 اکبری بن‌بست، یزد,AB-,,4,2025-11-22
614,5487090807,ترانه,مرادی,2010-03-22,زن,09135033235,608 غفاری کوچه، همدان,A-,,,2026-08-06
615,6267496961,الهام,حسینی,1992-01-01,زن,09288286030,847 رحیمی کوچه، رشت,,,3,2026-01-05
616,5322367365,بهاره,علوی,1994-12-07,زن,09285222398,517 موسوی بلوار، مشهد,O+,,4,2025-06-30
617,8291204756,حسین,محمدی,2009-07-10,مرد,09195670088,837 کریمی جاده، شیراز,AB+,,3,2025-12-20
618,9499505229,نیایش,بیات,1979-03-29,زن,09132756352,200 جعفری میدان، اهواز,AB-,,2,2025-11-21
619,6486543868,رضا,مرادی,1963-07-08,مرد,09189110544,631 کریمی بلوار، کرمان,B+,,2,2025-12-06
620,6436927638,شیرین,یزدانی,1966-06-07,زن,09137718338,356 افشار میدان، بندرعباس,O-,,,2024-12-09
621,7702114886,حسین,رضایی,2021-01-07,مرد,09163295018,313 تحسینی میدان، مشهد,,,1,2026-03-15
622,3200341246,ایمان,یزدانی,1989-08-04,مرد,09176897635,744 صادقی کوچه، تهران,AB+,,1,2025-07-23
623,8763877163,اردشیر,نجفی,2021-02-11,مرد,09393158504,13 احمدی کوچه، تبریز,B+,,1,2025-06-03
624,1163812412,مجید,کریمی,1957-09-03,مرد,09143877586,887 احمدی میدان، تهران,B-,لاتکس,,2025-08-26
625,4039520548,سوگند,علوی,1989-06-03,زن,09226597039,800 فتحی میدان، تهران,,آسپرین,5,2025-11-20
626,4764945479,محمد,دهقان,2009-06-05,مرد,09390303381,519 عباسی کوچه، اصفهان,B-,,,2025-01-31
627,1000469883,مهدی,نجفی,1955-08-06,مرد,09204572305,427 عباسی کوچه، ساری,A+,,,2026-03-12
628,7280227163,آناهیتا,بیات,2009-09-04,زن,09360410982,458 هاشمی بن‌بست، کرمان,AB-,,3,2026-02-13
629,1401364640,طاها,نوری,1967-07-20,مرد,09183503017,359 علوی کوچه، مشهد,A+,,1,2026-03-13
630,2443761584,هستی,مقدم,2018-05-19,زن,09167458627,839 سعیدی خیابان، تهران,A+,,5,2025-09-10
631,7045945728,نسرین,هاشمی,1965-09-07,زن,09178738181,499 فتحی کوچه، یزد,AB-,,,2026-04-19
632,5813103821,محمد,عباسی,1981-03-06,مرد,09215302995,321 اسدی بلوار، اهواز,AB+,,4,2025-07-05
633,5874402497,رضا,موسوی,1977-11-01,مرد,09211726628,855 قاسمی بلوار، ساری,,,1,2026-04-17
634,0269375112,هستی,محمدی,2015-02-07,زن,09334799723,437 محمدی کوچه، کرج,AB-,,1,2026-01-17
635,5924305074,کاوه,زارع,1981-07-03,مرد,09124105192,492 قربانی بلوار، مشهد,AB+,,,2025-09-25
636,9156444109,مهدی,یوسفی,1995-05-21,مرد,09386355498,376 فرهادی جاده، کرمان,A+,,3,2026-02-04
637,8747673605,شقایق,دهقان,2018-06-14,زن,09233605519,232 قاسمی بن‌بست، قم,B-,,5,2026-07-26
638,1844472981,زهرا,افشار,1965-07-27,زن,09201670145,315 زارع خیابان، کرج,AB-,,3,2025-09-16
639,4005986196,اردشیر,محمدی,1993-10-20,مرد,09276036428,806 بیات بن‌بست، تبریز,A-,,4,2026-02-03
640,0001528671,وحید,افشار,2001-06-06,مرد,09382774948,490 موسوی بلوار، مشهد,O-,آسپرین,2,2025-04-26
641,8155060152,امیرعباس,توکلی,2010-03-15,مرد,09379688761,642 شریفی جاده، کرج,A-,,2,2025-03-04
642,3957002664,آرش,زارع,2019-03-20,مرد,09100495810,143 غفاری میدان، اردبیل,A+,,2,2026-02-27
643,6793091931,بهاره,یزدانی,1970-02-08,زن,09228187353,170 علوی میدان، اصفهان,B+,,,2025-07-11
644,4121673931,دلارام,هاشمی,1988-04-02,زن,09174107709,481 رحیمی بلوار، اهواز,O-,,1,2025-07-30
645,8664543046,محمد,پارسا,1966-09-23,مرد,09321526397,803 کریمی جاده، تهران,A+,,2,2025-09-02
646,0989389103,ایلیا,محمدی,1985-04-07,مرد,09306029558,728 صادقی کوچه، مشهد,O-,,4,2025-02-17
647,7673209098,کاوه,سعیدی,1993-08-31,مرد,09287525401,609 عباسی کوچه، کرج,B+,,1,2025-08-02
648,1582408521,محمد,نجفی,2012-06-05,مرد,09179712083,617 امینی کوچه، بندرعباس,,,1,2025-04-18
649,2701032008,هستی,مرادی,2016-04-13,زن,09160907614,793 یوسفی خیابان، اردبیل,O-,,3,2025-03-25
650,6783168891,یوسف,نجفی,1978-01-22,مرد,09122531906,793 کاظمی خیابان، کرمان,B-,,,2025-02-17
651,4332288718,آناهیتا,ملکی,1986-11-02,زن,09151128440,317 بیات میدان، شیراز,B-,,2,2025-07-10
652,4909187091,نیما,رضایی,2013-07-11,مرد,09274459297,122 زارع کوچه، کرج,A-,,3,2026-03-31
653,2577048408,مجید,کاظمی,1963-05-09,مرد,09399607848,133 کریمی خیابان، تهران,AB+,,,2025-10-11
654,7301681811,آناهیتا,کاظمی,2002-10-12,زن,09107711284,822 قاسمی خیابان، ساری,B+,,1,2025-10-29
655,3145908871,بهرام,دهقان,1990-07-18,مرد,09158989301,665 اسدی بن‌بست، رشت,B-,,,2025-12-25
656,5680428474,آرش,عباسی,1982-12-19,مرد,09279683867,114 نجفی جاده، رشت,AB-,آسپرین,1,2026-04-15
657,2973173256,شقایق,نجفی,1994-05-09,زن,09399288528,553 صادقی میدان، یزد,B+,,4,2025-04-02
658,4854302364,پدرام,رحیمی,1976-06-29,مرد,09203592611,775 دهقان بن‌بست، ساری,A+,,1,2025-09-16
659,2792707135,رضا,زارع,1996-10-19,مرد,09293697474,196 نوری بن‌بست، بندرعباس,B-,,1,2025-05-09
660,8767320351,کامران,مرادی,2009-08-03,مرد,09259819774,556 عباسی خیابان، مشهد,,,1,2025-02-23
661,9179745474,بابک,محمدی,2006-05-10,مرد,09197595585,157 رستمی خیابان، قم,AB-,,,2025-08-27
662,6997316166,ایلیا,یزدانی,1981-03-18,مرد,09381598483,507 سلطانی بن‌بست، یزد,O-,,4,2025-04-19
663,9313354306,ایلیا,صادقی,1979-05-07,مرد,09323368124,416 علوی جاده، اصفهان,O+,پنی‌سیلین,1,2025-07-09
664,0870761293,امیر,یزدانی,1998-01-07,مرد,09287190157,692 امینی میدان، قم,B-,,5,2025-03-16
665,6510039052,متین,حسینی,1989-11-20,زن,09359162132,703 قاسمی جاده، اصفهان,AB+,,5,2025-10-07
666,0986495956,نسرین,کاظمی,1955-04-01,زن,09202233442,93 علوی بلوار، یزد,AB-,,1,2025-10-03
667,8543524601,آرمان,جعفری,1972-04-13,مرد,09296618381,616 هاشمی بن‌بست، قم,,,1,2025-09-27
668,3289726258,طاها,فتحی,1990-11-13,مرد,09354133343,154 مرادی خیابان، قم,B+,,1,2026-03-18
669,9199195798,افسانه,شریفی,2019-02-24,زن,09144497769,742 عباسی بن‌بست، اردبیل,O-,,,2025-05-10
670,4047971545,محدثه,ملکی,1999-11-13,زن,09155103607,363 کاظمی بلوار، همدان,O+,,1,2026-05-25
671,1934386022,ماهان,پارسا,1973-03-04,مرد,09125363869,466 حسینی میدان، یزد,B-,,,2025-07-20
672,6860719753,متین,ملکی,1990-02-02,زن,09166952571,190 اکبری بلوار، اصفهان,,,1,2026-01-25
673,7877026277,نگار,مقدم,1953-07-02,زن,09186410102,840 فتحی خیابان، قم,AB+,,3,2026-03-05
674,9464016183,ایلیا,کاظمی,2014-02-26,مرد,09397410134,152 کاظمی بلوار، بندرعباس,O+,,,2026-05-15
675,0288033930,غزاله,افشار,2004-06-09,زن,09393916026,796 احمدی میدان، تبریز,,لاتکس,2,2025-06-16
676,5345272859,آزاده,هاشمی,1973-03-26,زن,09199011484,802 اسدی میدان، تهران,B+,,3,2025-05-21
677,7727949310,سبحان,علوی,1992-07-09,مرد,09336353825,378 نجفی کوچه، اهواز,,,2,2025-03-29
678,9511246631,حسین,رحیمی,1975-08-23,مرد,09194156031,225 موسوی کوچه، مشهد,B-,لاتکس,1,2026-01-29
679,6260865562,نسرین,نجفی,2010-09-05,زن,09122255014,886 هاشمی خیابان، اهواز,O-,,1,2026-02-01
680,5349595628,بهرام,هاشمی,1980-03-31,مرد,09327457987,682 صادقی میدان، بندرعباس,O+,,,2025-05-31
681,9782254061,سوگند,یزدانی,1993-05-27,زن,09362037576,465 مقدم میدان، اهواز,,,5,2025-10-31
682,6209606857,محمد,بیات,1980-02-12,مرد,09393799271,690 علوی جاده، ساری,B-,,5,2026-05-10
683,5411493651,سارا,عباسی,2022-11-22,زن,09157192781,526 توکلی جاده، کرمان,A+,,1,2025-12-23
684,2280607239,بابک,علوی,2021-05-28,مرد,09304903478,530 کاظمی بلوار، اهواز,,,3,2025-07-16
685,9147281111,الهام,بیات,2014-10-01,زن,09289697743,317 رحیمی میدان، اصفهان,B-,,,2025-03-28
686,0268739013,فرشته,رستمی,1977-03-19,زن,09313821392,13 محمدی کوچه، یزد,O-,,,2025-09-19
687,4887010613,کاوه,اکبری,2010-11-25,مرد,09128631783,765 بیات میدان، ساری,A+,,1,2025-05-02
688,4605710027,ریحانه,میرزایی,1991-04-14,زن,09374047541,198 کریمی بلوار، شیراز,B+,,2,2025-07-06
689,1327895706,هادی,هاشمی,1993-10-22,مرد,09387356775,298 یوسفی میدان، رشت,,,1,2025-03-05
690,4329845490,ریحانه,فتحی,2020-04-08,زن,09169521499,469 کریمی خیابان، ساری,,,1,2026-06-11
691,8467527994,بهرام,یوسفی,1987-04-14,مرد,09181345481,825 زارع بلوار، کرج,O+,,4,2026-05-18
692,5716851304,ابوالفضل,علوی,1992-11-03,مرد,09152363987,525 صادقی بن‌بست، قم,B-,,,2026-07-18
693,2419290976,ترانه,تحسینی,1993-10-18,زن,09169032769,20 عباسی بن‌بست، تهران,B+,,,2025-07-17
694,7987483702,سمیرا,امینی,1979-04-11,زن,09340766793,17 قربانی بن‌بست، رشت,AB-,,3,2025-10-24
695,3712993463,شقایق,توکلی,1991-03-07,زن,09339734439,266 فرهادی خیابان، کرمان,,,4,2025-02-04
696,8743743471,ماهان,احمدی,2022-04-16,مرد,09261946904,328 نجفی خیابان، یزد,O+,,3,2026-02-10
697,1379468221,یوسف,هاشمی,2022-09-23,مرد,09169231502,553 شریفی کوچه، تهران,,,,2025-11-16
698,5679152509,ماهان,کاظمی,1986-04-20,مرد,09396252291,449 فتحی کوچه، بندرعباس,B+,,,2026-06-16
699,9026737858,مرتضی,پارسا,1989-01-14,مرد,09289998324,754 توکلی میدان، قم,AB-,,2,2025-07-06
700,0744240263,کیمیا,غفاری,1978-04-17,زن,09366014005,429 قربانی بلوار، اهواز,B-,,,2025-02-06
701,6597804732,فرشته,احمدی,1995-03-21,زن,09393378880,223 اکبری خیابان، تبریز,,,,2025-06-08
702,2156450161,فرشته,شریفی,1988-10-25,زن,09276167840,810 رستمی میدان، اهواز,B-,,3,2025-11-24
703,4027430905,پریسا,اسدی,1989-07-15,زن,09372014040,627 عباسی خیابان، تبریز,AB+,,,2025-10-17
704,2342392206,مرتضی,اکبری,1996-04-21,مرد,09118949538,851 اکبری میدان، اردبیل,O+,,,2025-04-21
705,4766856619,افسانه,تحسینی,1984-03-11,زن,09256853149,834 رحیمی خیابان، تبریز,,,3,2026-06-25
706,3050438940,مرتضی,فتحی,1977-05-18,مرد,09141154249,44 سعیدی خیابان، کرج,B-,,4,2024-12-25
707,4541033283,معصومه,میرزایی,1991-06-02,زن,09180046089,573 مرادی بلوار، کرج,,,5,2025-10-30
708,5324401889,ملیکا,سلطانی,2005-04-28,زن,09226339156,273 حسینی بن‌بست، شیراز,AB+,,,2025-05-13
709,0857758901,زهرا,کاظمی,1994-08-19,زن,09103513910,536 مرادی جاده، قم,AB-,لاتکس,,2026-03-20
710,4869904640,نازنین,کاظمی,2022-03-07,زن,09175091319,549 مرادی کوچه، بندرعباس,O+,,,2025-04-25
711,2691352927,مسعود,توکلی,2001-05-05,مرد,09189256526,22 توکلی جاده، مشهد,,,1,2025-04-10
712,0001675699,هستی,افشار,2021-07-22,زن,09298308622,501 پارسا خیابان، تهران,B-,لیدوکائین,2,2025-09-03
713,0633083021,حامد,نوری,1990-09-24,مرد,09172695373,365 قربانی کوچه، یزد,,,3,2025-07-16
714,2571701711,رضا,حسینی,1965-03-01,مرد,09273794831,765 کاظمی بلوار، بندرعباس,,,3,2026-07-29
715,4259468758,ریحانه,یوسفی,1973-10-16,زن,09262011958,365 قربانی میدان، تهران,AB-,,1,2024-12-26
716,2991093986,سارا,علوی,2001-12-27,زن,09257436725,294 توکلی کوچه، اردبیل,,,1,2026-02-06
717,3723084575,مریم,فتحی,1965-07-12,زن,09276529889,495 توکلی بلوار، کرمان,AB+,لیدوکائین,,2026-02-27
718,5856306716,رضا,قربانی,1979-06-02,مرد,09167590409,553 عباسی کوچه، اردبیل,AB+,,,2026-08-09
719,1463018983,غزاله,تحسینی,1943-10-25,زن,09272174026,326 امینی خیابان، شیراز,,,1,2025-03-26
720,4279744254,ایمان,تحسینی,1986-04-25,مرد,09351055424,499 مقدم جاده، تبریز,A-,,1,2026-01-22
721,2375825551,جواد,مرادی,1998-11-14,مرد,09309458328,67 فرهادی میدان، تبریز,,,5,2026-08-09
722,5547562750,وحید,صادقی,2016-01-24,مرد,09255116528,807 شریفی خیابان، اردبیل,,,1,2025-06-22
723,0924998563,هانیه,فتحی,2003-04-12,زن,09264110849,663 زارع میدان، ساری,O-,,1,2026-08-09
724,1591937061,بهاره,مقدم,1985-06-13,زن,09105556010,560 مقدم بلوار، یزد,,,3,2026-04-03
725,5702582871,وحید,فرهادی,2012-02-12,مرد,09125354556,222 زارع جاده، تهران,,,4,2025-06-21
726,2715896751,زینب,کریمی,1996-09-06,زن,09222369207,423 احمدی میدان، یزد,O-,,,2025-10-07
727,2410505600,نرگس,بیات,1994-02-10,زن,09346369988,659 حسینی میدان، کرج,B+,,,2025-03-10
728,9778241015,آرش,صادقی,2022-06-28,مرد,09103337137,385 رستمی کوچه، بندرعباس,AB-,,1,2025-09-01
729,2934364364,دلارام,علوی,1999-11-20,زن,09190309480,387 یوسفی میدان، اصفهان,O+,,,2025-07-10
730,1372097236,مسعود,میرزایی,2018-09-06,مرد,09196035668,688 نوری بن‌بست، کرج,A+,,3,2025-06-09
731,8260386526,امیرعباس,مقدم,1993-12-30,مرد,09125409161,176 بیات بن‌بست، رشت,AB+,,2,2025-06-18
732,7329626619,یاسر,اسدی,2008-09-08,مرد,09398993084,540 کریمی میدان، اهواز,O+,,,2025-06-13
733,3104682992,کامران,یوسفی,1981-12-12,مرد,09369285849,41 اکبری جاده، مشهد,B+,,5,2026-03-12
734,2567270809,رها,محمدی,1978-11-16,زن,09360960634,743 توکلی بلوار، همدان,O-,,3,2025-10-11
735,7097944994,غزاله,زارع,2012-10-12,زن,09356299793,194 اسدی کوچه، تهران,,,2,2025-08-14
736,9965391270,کاوه,شریفی,1989-10-10,مرد,09265979268,790 ملکی خیابان، تهران,,,2,2026-03-12
737,8278701067,نیایش,کریمی,2009-04-24,زن,09135752648,36 نجفی بن‌بست، بندرعباس,AB+,,,2026-08-09
738,8214750695,الهام,سعیدی,1984-02-19,زن,09354476035,576 توکلی بلوار، کرج,A-,پنی‌سیلین,4,2025-10-18
739,5764849640,امیرعباس,رحیمی,1986-08-13,مرد,09183960502,122 حسینی خیابان، اردبیل,O+,,,2025-05-30
740,0002030551,زینب,نوری,2012-12-03,زن,09118083826,107 نجفی بلوار، تبریز,,,2,2025-11-29
741,1075443148,سینا,محمدی,1987-01-08,مرد,09179139284,431 فتحی بلوار، رشت,AB-,,,2025-02-08
742,5972424045,یلدا,قاسمی,1983-04-25,زن,09113602225,2 تحسینی بلوار، ساری,A+,,3,2025-03-16
743,7662219496,معصومه,میرزایی,1982-03-02,زن,09318313530,849 فرهادی کوچه، کرج,AB-,,,2025-06-22
744,7966539369,فرشته,کریمی,1970-11-27,زن,09238343057,35 محمدی میدان، رشت,,,2,2025-08-09
745,1105758753,ابوالفضل,توکلی,1991-03-03,مرد,09225447864,715 توکلی بلوار، اصفهان,,,4,2025-08-25
746,5027181671,سعید,کریمی,1987-12-05,مرد,09390868112,357 کاظمی خیابان، مشهد,AB+,,,2025-12-17
747,0325842256,سعید,رستمی,1993-06-02,مرد,09391806549,474 توکلی خیابان، تبریز,B+,,1,2026-02-17
748,2650353082,پرنیان,تحسینی,1982-01-05,زن,09219421397,874 علوی جاده، ساری,B-,لاتکس,,2025-10-30
749,2029465437,الهام,اکبری,1990-12-03,زن,09151523034,665 محمدی بلوار، بندرعباس,O-,,1,2025-12-12
750,2532198321,محدثه,مرادی,2009-05-12,زن,09237164449,489 جعفری جاده، یزد,B+,پنی‌سیلین,4,2025-09-04
751,1833347633,ماهان,فرهادی,1986-12-28,مرد,09304682030,494 یوسفی خیابان، اصفهان,A-,,3,2025-11-14
752,4024208357,یلدا,افشار,1968-10-14,زن,09111463794,595 هاشمی جاده، همدان,O-,,1,2025-09-10
753,5470823938,معصومه,عباسی,1986-04-09,زن,09200018036,415 زارع بلوار، تبریز,,آسپرین,4,2025-12-22
754,7208959773,دلارام,موسوی,1996-06-08,زن,09383075778,606 میرزایی بن‌بست، اهواز,,,5,2025-07-01
755,6534935082,معصومه,رحیمی,1988-05-12,زن,09152547093,690 زارع جاده، مشهد,,,,2025-04-21
756,9533855207,دلارام,تحسینی,1999-03-07,زن,09140922298,474 جعفری میدان، بندرعباس,B+,,,2026-06-02
757,0856177512,سینا,قاسمی,2015-05-30,مرد,09350096921,706 فتحی بن‌بست، ساری,O+,,1,2025-11-26
758,5918289951,فاطمه,دهقان,2013-07-08,زن,09195914051,56 رستمی بن‌بست، اصفهان,B+,آسپرین,1,2025-03-01
759,3331435147,زینب,کریمی,1998-01-15,زن,09218438740,87 زارع بن‌بست، بندرعباس,AB+,آسپرین,4,2025-08-23
760,8367929071,غزاله,زارع,1984-01-31,زن,09379903117,524 کاظمی بلوار، اصفهان,AB-,,1,2025-03-10
761,5945914258,شقایق,کریمی,2022-12-14,زن,09309489677,390 مرادی بن‌بست، اهواز,AB-,,5,2025-02-04
762,1399731361,محدثه,کریمی,1982-04-03,زن,09166372220,781 پارسا بن‌بست، یزد,,پنی‌سیلین,1,2025-08-04
763,8943925255,نرگس,کریمی,2014-02-08,زن,09226670481,80 کریمی بن‌بست، شیراز,B+,,,2025-11-11
764,6324401324,شیرین,رضایی,1982-09-21,زن,09129527871,33 اسدی میدان، تهران,,,,2026-06-17
765,3811407813,پرنیان,هاشمی,2000-12-05,زن,09340923501,755 نجفی میدان، تبریز,B+,آسپرین,,2025-01-09
766,8989661609,فرشته,میرزایی,1997-05-10,زن,09111592993,510 میرزایی کوچه، اصفهان,,,1,2025-03-22
767,2143989598,ماهان,جعفری,1959-12-20,مرد,09146554030,373 علوی میدان، ساری,A+,,,2025-11-22
768,7786730621,مهسا,امینی,1981-11-12,زن,09303301427,244 یزدانی جاده، تبریز,B+,,1,2025-11-09
769,9890713721,هستی,نوری,1973-03-20,زن,09201212952,60 شریفی کوچه، مشهد,A+,,,2026-06-26
770,5975030803,ماهان,محمدی,2015-11-22,مرد,09110596543,302 اکبری میدان، اهواز,AB+,,2,2026-01-05
771,1430420677,سبحان,افشار,1984-05-22,مرد,09354783512,413 هاشمی جاده، کرج,,,4,2025-07-18
772,6185019892,اردشیر,بیات,2013-10-15,مرد,09371317955,781 مرادی بلوار، تبریز,AB-,,4,2025-07-25
773,4679243236,ابوالفضل,رحیمی,1962-07-15,مرد,09115182543,127 نوری بن‌بست، اصفهان,,,3,2025-03-22
774,4510435495,رها,مرادی,1988-12-24,زن,09261326856,888 حسینی بلوار، تبریز,A+,,5,2026-01-19
775,5666787861,نگار,موسوی,1989-01-08,زن,09147368428,529 اکبری بن‌بست، قم,O-,,5,2025-07-08
776,2452277266,معصومه,افشار,1988-02-19,زن,09224792304,283 دهقان خیابان، مشهد,,,,2025-05-05
777,6620204678,آرمان,سعیدی,2023-01-17,مرد,09285334924,838 میرزایی بلوار، کرج,AB+,,,2025-12-30
778,4373235074,ماهان,مقدم,1996-02-17,مرد,09197698977,239 افشار بن‌بست، اهواز,B+,,,2025-08-26
779,2430694719,ایمان,عباسی,2016-10-22,مرد,09142516851,773 فرهادی خیابان، اصفهان,A+,,,2026-02-03
780,3423358106,پویا,نوری,2013-08-01,مرد,09215437983,655 حسینی بلوار، یزد,,,3,2026-04-14
781,0764507222,زینب,امینی,1990-04-05,زن,09340461564,131 حسینی خیابان، ساری,AB-,,2,2025-05-27
782,3805357516,وحید,احمدی,2019-08-26,مرد,09287873345,241 یوسفی جاده، رشت,O+,,4,2025-08-17
783,7419042780,نیایش,جعفری,1997-12-23,زن,09207895767,759 مرادی بن‌بست، یزد,A+,,,2025-08-22
784,2212950012,سمیرا,محمدی,2015-08-05,زن,09111506876,322 صادقی میدان، ساری,A+,,2,2025-03-27
785,5568066175,آناهیتا,عباسی,1978-08-26,زن,09285651246,65 رضایی میدان، قم,A-,,4,2026-04-14
786,7943420561,حامد,بیات,2011-09-03,مرد,09390163984,189 حسینی کوچه، مشهد,O-,,4,2026-08-09
787,8923429481,الهام,مقدم,1997-04-17,زن,09149457758,670 رستمی کوچه، شیراز,O+,,4,2024-12-28
788,9725122852,مرتضی,فرهادی,2001-12-03,مرد,09367332315,6 احمدی بن‌بست، اصفهان,A+,,2,2025-09-11
789,8437451957,حسین,توکلی,2018-10-21,مرد,09258709200,480 موسوی جاده، ساری,A-,,2,2025-10-31
790,3259950680,هادی,احمدی,2010-06-14,مرد,09293464839,650 موسوی کوچه، اردبیل,B+,,1,2026-04-29
791,3689193044,آرش,نوری,2021-01-23,مرد,09244335947,91 صادقی بلوار، ساری,B-,,,2026-03-13
792,5973166732,ایلیا,زارع,1992-11-21,مرد,09244094207,151 سعیدی بلوار، مشهد,AB-,لیدوکائین,,2026-02-18
793,2543461949,فرشته,ملکی,1977-05-24,زن,09283187603,145 قربانی جاده، تهران,B+,,2,2025-12-11
794,6230557789,ایلیا,موسوی,1980-06-30,مرد,09382678328,71 نجفی خیابان، اردبیل,AB+,لاتکس,2,2025-11-26
795,3255084644,سوگند,حسینی,2013-11-22,زن,09314748108,853 کاظمی خیابان، کرج,O-,,5,2025-04-15
796,6478160191,نگار,قاسمی,1988-09-25,زن,09248478922,179 هاشمی بلوار، تبریز,AB+,,1,2026-01-26
797,4982089329,یلدا,تحسینی,1961-11-11,زن,09369504517,265 یزدانی بلوار، رشت,A-,,1,2026-02-23
798,7418863675,مجید,محمدی,1975-04-19,مرد,09144522221,704 پارسا بن‌بست، همدان,,,1,2025-07-14
799,7047597255,شیرین,پارسا,2023-07-07,زن,09178480531,828 مرادی بلوار، رشت,,,,2025-04-21
800,6683440603,محمد,ملکی,1989-06-23,مرد,09170058066,527 کاظمی جاده، یزد,,,1,2025-08-19
801,1662962096,مهسا,پارسا,1963-12-19,زن,09276655715,613 ملکی بن‌بست، شیراز,AB-,,,2025-11-14
802,5817859998,شهاب,حسینی,1980-05-27,مرد,09387773040,642 یوسفی بلوار، یزد,O-,,4,2025-12-06
803,9243751409,ثنا,رحیمی,2005-06-22,زن,09398883769,8 میرزایی جاده، مشهد,AB+,,,2026-04-08
804,4094632239,هانیه,توکلی,2009-01-21,زن,09323522050,798 قاسمی بلوار، کرج,AB+,,4,2025-12-22
805,8683919617,ملیکا,افشار,2013-07-24,زن,09301677133,583 قربانی بلوار، اردبیل,,,3,2026-05-22
806,8406091193,افسانه,یوسفی,1976-07-07,زن,09347822995,718 توکلی بن‌بست، تهران,AB-,پنی‌سیلین,2,2025-03-28
807,2608511872,پرنیان,حسینی,1993-04-06,زن,09206530735,213 احمدی کوچه، بندرعباس,A-,,1,2025-02-20
808,2015590684,محمد,نجفی,1992-08-06,مرد,09233372462,47 رحیمی خیابان، تهران,AB+,,,2026-08-09
809,1945990414,ترانه,رحیمی,1998-10-07,زن,09140699881,302 علوی میدان، بندرعباس,,,,2026-08-09
810,0201208512,رضا,توکلی,1996-09-16,مرد,09398040693,737 رحیمی کوچه، تهران,,,1,2025-05-12
811,5694305272,دلارام,میرزایی,2016-01-14,زن,09304683178,315 افشار بن‌بست، اصفهان,B+,,,2025-07-06
812,8192404791,فاطمه,اکبری,2015-12-27,زن,09144868650,735 میرزایی خیابان، کرج,A-,لیدوکائین,2,2025-05-27
813,6395062395,حامد,هاشمی,1985-09-12,مرد,09256814842,810 جعفری بلوار، مشهد,AB+,,,2025-06-23
814,4401617452,مسعود,نجفی,1993-07-05,مرد,09183769515,165 شریفی کوچه، اصفهان,,,2,2025-12-19
815,6701216900,مبینا,امینی,1990-10-11,زن,09272617721,182 رستمی جاده، شیراز,A-,,4,2025-05-02
816,5920250615,دلارام,بیات,1954-07-05,زن,09142031012,507 زارع جاده، تبریز,,,2,2026-07-31
817,4318370984,افسانه,محمدی,1971-08-06,زن,09326405458,205 رحیمی بن‌بست، رشت,,,2,2026-05-11
818,5338769239,مهدی,مرادی,1989-10-15,مرد,09386957193,246 یزدانی بن‌بست، ساری,AB+,,1,2025-04-15
819,2871309922,رضا,نجفی,2012-05-31,مرد,09357189982,494 حسینی میدان، اصفهان,B-,,,2025-02-12
820,8590127974,سمیرا,حسینی,1969-10-21,زن,09396382686,616 صادقی جاده، شیراز,,,1,2024-12-26
821,3391083360,ثنا,غفاری,1988-08-06,زن,09381927715,242 نجفی بن‌بست، اردبیل,B+,,,2026-08-09
822,2494044847,فاطمه,قربانی,2016-01-13,زن,09341257541,791 قاسمی کوچه، تهران,,,,2025-11-04
823,0577412655,زینب,یزدانی,2013-11-26,زن,09348936346,730 سلطانی میدان، کرمان,A+,لاتکس,,2025-05-01
824,6869565406,فرشته,امینی,2016-06-23,زن,09295341630,470 کریمی میدان، بندرعباس,,,,2026-04-23
825,6964338217,سمانه,عباسی,1983-07-30,زن,09225869902,509 اسدی خیابان، کرمان,,,1,2026-08-09
826,1347327177,وحید,ملکی,1995-11-24,مرد,09106604508,733 احمدی خیابان، تبریز,,,,2026-08-09
827,0363671511,شهاب,علوی,2019-10-16,مرد,09283603984,587 کاظمی جاده، شیراز,O-,آسپرین,5,2025-11-04
828,0103872231,ابوالفضل,بیات,2001-12-21,مرد,09114607100,289 تحسینی بلوار، بندرعباس,AB+,,,2026-04-17
829,4192631903,ملیکا,یوسفی,1992-05-25,زن,09377485678,702 زارع خیابان، شیراز,B-,,1,2025-04-27
830,5746733490,نگار,رحیمی,2011-09-22,زن,09312217634,574 قربانی کوچه، قم,A-,,,2025-10-23
831,8456928577,سوگند,اسدی,1960-06-04,زن,09200654358,487 دهقان بن‌بست، تهران,,,1,2025-10-10
832,5193588883,سبحان,رستمی,1990-03-17,مرد,09297042014,537 صادقی بلوار، شیراز,A+,لیدوکائین,,2025-10-01
833,8295190441,سعید,سلطانی,1998-01-03,مرد,09179108706,169 رضایی خیابان، همدان,,,,2025-05-17
834,7962603852,پویا,رحیمی,2011-03-14,مرد,09127811127,386 توکلی جاده، بندرعباس,A+,,,2025-11-16
835,5586142848,اردشیر,کاظمی,1984-11-06,مرد,09210907171,792 یوسفی جاده، ساری,B+,,4,2025-10-29
836,4579433246,کیمیا,شریفی,2004-05-01,زن,09171877848,57 محمدی بلوار، قم,,,2,2025-06-09
837,4354580071,امیرعباس,سعیدی,2021-05-27,مرد,09355386969,771 زارع میدان، کرمان,B-,,,2025-03-15
838,7918730161,علی,سعیدی,2012-05-07,مرد,09396953126,837 علوی بلوار، رشت,B-,لیدوکائین,3,2025-04-26
839,7452093925,بنیامین,بیات,2001-03-17,مرد,09154454555,862 کاظمی بلوار، قم,A+,,1,2025-07-25
840,1360610944,آرمان,میرزایی,1986-05-17,مرد,09387548630,739 اکبری کوچه، قم,O+,,4,2026-08-09
841,8918517696,آزاده,غفاری,2017-01-30,زن,09326465785,761 ملکی کوچه، همدان,B-,,,2025-11-14
842,6859660971,متین,مقدم,2022-12-09,زن,09260125313,592 مقدم بلوار، مشهد,B-,,4,2025-06-13
843,4670605070,جواد,یوسفی,2017-12-15,مرد,09399384995,52 نجفی بن‌بست، رشت,O-,,1,2025-05-31
844,1455984094,پرنیان,سلطانی,2015-07-31,زن,09346557000,865 مرادی بن‌بست، همدان,AB-,,4,2025-10-02
845,0837118905,حسین,سعیدی,2005-01-12,مرد,09156378276,500 ملکی بلوار، تهران,AB+,,1,2025-03-25
846,1086425243,فرشته,توکلی,1997-01-23,زن,09241151105,403 نوری جاده، کرمان,,,,2025-11-01
847,9986965667,کاوه,میرزایی,2019-01-15,مرد,09152104303,546 دهقان میدان، اهواز,O-,,1,2025-07-20
848,5309605169,جواد,یوسفی,1999-02-15,مرد,09106219778,835 هاشمی کوچه، کرمان,B+,,2,2025-11-01
849,2243568292,ایمان,یوسفی,2017-03-14,مرد,09335041778,642 فتحی میدان، قم,B-,,1,2025-06-24
850,9602795451,طاها,احمدی,2012-12-02,مرد,09138257962,461 دهقان بن‌بست، شیراز,A-,,2,2025-02-12
851,5837525904,ملیکا,مرادی,2006-12-03,زن,09228315181,54 کریمی بن‌بست، قم,AB+,,2,2025-07-06
852,2027997903,یوسف,اکبری,2013-12-10,مرد,09178300174,812 علوی بلوار، کرج,B+,پنی‌سیلین,,2025-11-16
853,6925552841,سارا,سعیدی,2015-04-29,زن,09132228998,24 فرهادی بلوار، شیراز,,,,2025-12-23
854,8470880217,آناهیتا,نوری,2008-02-24,زن,09276014262,847 حسینی جاده، کرمان,,آسپرین,2,2025-11-24
855,4374787811,جواد,نجفی,1990-06-22,مرد,09338680148,346 موسوی میدان، کرج,O+,,2,2025-04-23
856,3367023876,آناهیتا,زارع,1974-12-24,زن,09107595245,707 پارسا بن‌بست، کرمان,B-,,,2024-12-20
857,5110480974,سعید,اکبری,1986-04-28,مرد,09321826763,576 نوری جاده، تهران,B+,,1,2026-01-19
858,4904910001,ثنا,رحیمی,1992-09-08,زن,09149520919,360 موسوی جاده، قم,A+,,,2025-04-25
859,4055402236,امیر,اسدی,1987-03-21,مرد,09207377140,315 فرهادی بن‌بست، همدان,AB+,,4,2026-05-14
860,9606968154,سعید,قربانی,1968-05-14,مرد,09293066753,237 افشار خیابان، رشت,B+,,,2025-12-12
861,8491959920,بهاره,جعفری,1991-09-22,زن,09380056040,209 شریفی جاده، قم,A+,,,2025-05-15
862,7231132960,یاسر,نوری,1982-10-16,مرد,09381465811,642 دهقان بلوار، تهران,B-,,4,2025-06-07
863,6824462055,اردشیر,جعفری,2019-08-26,مرد,09284664440,571 علوی میدان، مشهد,,,3,2025-07-19
864,7845759856,سبحان,بیات,2020-05-25,مرد,09161035162,498 نوری بن‌بست، تهران,O-,,2,2025-05-29
865,7741123671,مریم,رضایی,2013-08-07,زن,09121544342,833 مقدم بلوار، مشهد,AB-,,1,2025-07-28
866,7011151575,معصومه,قربانی,2007-03-08,زن,09119660424,518 افشار بلوار، کرمان,O+,,1,2025-12-12
867,6622367132,مرتضی,حسینی,2005-08-22,مرد,09297672651,143 ملکی بلوار، کرج,O+,,4,2026-08-07
868,2459072521,اردشیر,حسینی,2013-05-08,مرد,09300618619,796 توکلی میدان، تبریز,,,1,2026-01-15
869,5399948974,نازنین,مقدم,1979-08-22,زن,09209712242,700 نجفی میدان، بندرعباس,,,,2026-07-24
870,7842912343,حسین,موسوی,1978-09-18,مرد,09255095737,227 محمدی کوچه، اهواز,B+,,1,2025-05-28
871,5074347971,آرش,سعیدی,1975-03-26,مرد,09237869831,231 افشار جاده، اصفهان,O-,آسپرین,,2025-03-09
872,1102568147,معصومه,نجفی,1969-06-21,زن,09234137443,498 تحسینی بن‌بست، تهران,O+,,4,2026-03-14
873,2573340325,ایلیا,نوری,1994-03-13,مرد,09371666793,838 امینی کوچه، قم,AB-,,4,2025-12-05
874,0137787073,کاوه,احمدی,2015-05-14,مرد,09226813623,891 مقدم بلوار، اصفهان,,,2,2026-03-12
875,7905819191,نرگس,قاسمی,1991-03-12,زن,09268729171,418 عباسی بلوار، شیراز,O+,,,2025-03-18
876,7315184627,آرمان,مقدم,2013-07-22,مرد,09262307637,353 مرادی میدان، قم,B-,,,2025-07-16
877,1116993937,مسعود,رضایی,1985-11-02,مرد,09180103237,536 غفاری بن‌بست، تبریز,O+,,2,2025-10-19
878,9668171578,ریحانه,کریمی,1964-06-19,زن,09330268054,657 محمدی بن‌بست، بندرعباس,A+,,,2025-03-14
879,9053598316,سینا,جعفری,1999-02-17,مرد,09252672797,31 محمدی جاده، اصفهان,O+,,,2025-09-25
880,3613775379,مهسا,جعفری,1999-06-07,زن,09149439916,857 صادقی جاده، یزد,AB+,,,2026-04-24
881,2871412960,محمد,اکبری,1985-03-09,مرد,09255502887,830 عباسی بن‌بست، اصفهان,A-,,1,2025-11-22
882,8874278152,آناهیتا,عباسی,1988-03-25,زن,09209589361,239 رضایی کوچه، مشهد,A+,,,2025-10-17
883,9356413071,یوسف,غفاری,1965-04-12,مرد,09379852936,736 بیات جاده، اهواز,AB+,پنی‌سیلین,1,2025-10-14
884,9879933192,الهام,محمدی,2009-08-26,زن,09247942951,665 میرزایی جاده، بندرعباس,,,,2025-06-14
885,1306222567,وحید,فتحی,1994-11-13,مرد,09211547078,225 رستمی بلوار، تبریز,,,,2025-03-26
886,0660603871,جواد,مقدم,1987-04-20,مرد,09345818536,612 غفاری جاده، رشت,A+,,,2026-01-25
887,6139424550,یاسر,افشار,1976-07-05,مرد,09357223352,432 غفاری بلوار، یزد,AB-,,4,2025-10-06
888,6935122929,افسانه,زارع,1991-01-25,زن,09165322753,263 یوسفی جاده، اردبیل,AB+,,,2025-10-20
889,2944175505,نیما,یزدانی,1993-12-30,مرد,09245622233,733 زارع کوچه، مشهد,O+,لاتکس,1,2025-10-31
890,2146725974,الهام,سلطانی,1965-02-16,زن,09243432769,392 ملکی جاده، ساری,,,,2025-10-05
891,7191418869,فاطمه,محمدی,1971-05-20,زن,09152839721,890 یوسفی کوچه، اهواز,,,,2025-08-20
892,9933411942,مریم,فتحی,2022-06-13,زن,09301766228,784 افشار بلوار، اصفهان,O-,,2,2025-07-21
893,1873953119,مجید,رضایی,1992-06-12,مرد,09132327160,268 احمدی بن‌بست، یزد,AB-,,2,2026-01-09
894,9630375869,سمیرا,رستمی,1993-08-07,زن,09234008722,656 شریفی میدان، مشهد,AB-,,,2025-02-28
895,3295790477,ثنا,صادقی,1998-08-04,زن,09379931044,634 قاسمی بن‌بست، کرمان,,,,2025-07-05
896,6712560241,سینا,غفاری,1979-10-06,مرد,09171357013,345 فتحی خیابان، ساری,O+,,3,2026-04-28
897,9246841522,زهرا,عباسی,1975-04-02,زن,09181423701,134 موسوی بن‌بست، کرمان,B-,,4,2025-09-14
898,9324975171,نیایش,موسوی,1983-11-29,زن,09231111861,777 رستمی خیابان، اهواز,O-,,4,2026-08-09
899,7266990513,آرمان,موسوی,1987-11-23,مرد,09278007627,467 سلطانی بن‌بست، کرج,A+,,4,2025-06-08
900,3237515851,رها,غفاری,2017-09-11,زن,09131530885,129 حسینی خیابان، قم,O-,,4,2025-08-01
901,0249794632,هستی,مرادی,1984-12-21,زن,09378719991,233 حسینی خیابان، اصفهان,AB-,,4,2026-07-26
902,2616766213,یوسف,رستمی,1975-08-26,مرد,09385829109,404 ملکی خیابان، یزد,A-,,1,2025-08-14
903,4219734791,یوسف,سعیدی,2011-06-02,مرد,09307120548,187 تحسینی بن‌بست، تبریز,,,,2025-11-05
904,9535510487,مریم,زارع,1967-01-02,زن,09342174803,705 کاظمی بلوار، کرمان,B-,,,2026-01-16
905,1582819327,نیایش,پارسا,1990-04-14,زن,09321493227,26 کاظمی بن‌بست، کرج,,,4,2025-05-03
906,2658613229,محمد,احمدی,1993-12-22,مرد,09214202148,59 فتحی کوچه، مشهد,O-,پنی‌سیلین,1,2026-08-02
907,1549203215,زهرا,زارع,1977-08-10,زن,09306116209,320 اکبری بلوار، تهران,,,,2025-04-20
908,3437005502,الهام,علوی,1998-11-21,زن,09127816012,605 رحیمی بن‌بست، همدان,,,,2025-03-05
909,2880543088,مهسا,کریمی,2023-01-15,زن,09199412095,588 احمدی بن‌بست، تهران,AB+,,1,2026-01-21
910,0272968196,سوگند,مرادی,1970-07-29,زن,09358890045,718 پارسا جاده، اهواز,,,1,2026-03-12
911,7976273094,بابک,افشار,2014-03-01,مرد,09325666961,128 رحیمی جاده، کرمان,O-,,1,2025-03-20
912,3244028098,مبینا,کاظمی,1973-03-21,زن,09154410039,386 قربانی جاده، اهواز,B-,,1,2025-01-27
913,5013908388,یلدا,اسدی,1995-07-18,زن,09120183316,444 غفاری خیابان، همدان,,آسپرین,,2025-02-28
914,9610136672,بابک,رستمی,1976-01-17,مرد,09176561445,599 نجفی بلوار، بندرعباس,,,1,2025-09-14
915,5577546621,محدثه,کریمی,1970-08-02,زن,09198394614,246 صادقی بلوار، تهران,O-,,1,2025-08-15
916,0435553828,بهاره,ملکی,1961-05-18,زن,09309192370,823 پارسا بلوار، اصفهان,A-,,,2025-06-19
917,6841813642,نیما,قاسمی,2008-07-20,مرد,09388727729,305 رحیمی خیابان، تهران,A+,,3,2025-03-30
918,4697930517,طاها,دهقان,1982-10-21,مرد,09106379238,640 اکبری بلوار، تبریز,,,3,2025-11-10
919,1407486632,فرشته,میرزایی,2003-02-05,زن,09385381779,326 مرادی بلوار، رشت,A+,,,2025-08-05
920,9139672131,نیایش,اسدی,1988-03-09,زن,09184125388,780 حسینی خیابان، اصفهان,,آسپرین,,2025-07-14
921,1379593603,بنیامین,شریفی,1977-04-17,مرد,09259779997,627 نوری بن‌بست، بندرعباس,O-,,3,2026-06-19
922,9522121241,هستی,تحسینی,1984-04-28,زن,09181896599,147 محمدی جاده، تبریز,B-,,4,2025-06-27
923,3260431187,شقایق,فرهادی,1987-01-21,زن,09269241107,287 یزدانی جاده، قم,A+,,,2025-12-30
924,8283740016,بهاره,فرهادی,2001-09-01,زن,09253152263,53 حسینی کوچه، شیراز,A-,,,2026-02-27
925,5484886661,پرنیان,غفاری,1988-12-30,زن,09206593136,710 شریفی میدان، همدان,,,4,2026-01-25
926,6332188911,پریسا,یوسفی,2011-11-13,زن,09307043554,490 سلطانی بلوار، مشهد,B+,,,2025-09-20
927,6831531067,سعید,شریفی,2002-12-25,مرد,09133384380,199 جعفری بن‌بست، تهران,AB+,,1,2025-01-14
928,3872263722,الهام,غفاری,1999-02-04,زن,09330191315,230 توکلی خیابان، مشهد,O-,,,2025-03-24
929,9131087450,پدرام,اکبری,2000-06-09,مرد,09162620784,846 پارسا کوچه، مشهد,B+,,5,2026-01-29
930,7540766506,ریحانه,پارسا,2020-02-16,زن,09263501105,418 بیات جاده، مشهد,A-,,1,2026-02-04
931,5682172353,سعید,ملکی,1983-05-16,مرد,09309720771,227 صادقی بن‌بست، اصفهان,A+,,,2026-03-05
932,1133702864,افسانه,شریفی,1992-05-01,زن,09390354113,185 تحسینی جاده، کرج,B-,,,2025-04-29
933,0145080277,ترانه,نوری,2010-10-15,زن,09156999467,709 رحیمی خیابان، ساری,,,1,2025-02-09
934,3530929786,رها,احمدی,2023-05-09,زن,09139414319,830 کریمی کوچه، مشهد,AB+,,4,2025-05-05
935,7341595574,سوگند,عباسی,1990-06-17,زن,09127778285,480 دهقان میدان، همدان,,,1,2025-08-06
936,3424102121,سمیرا,علوی,1989-01-29,زن,09133622520,353 دهقان جاده، اهواز,B+,لاتکس,,2025-04-05
937,3210158177,ابوالفضل,رضایی,1995-06-20,مرد,09126749483,150 یوسفی بلوار، قم,B-,,,2025-03-18
938,3599672504,سینا,جعفری,1982-04-30,مرد,09351855721,628 محمدی بن‌بست، کرج,,,,2025-10-22
939,0468328041,کاوه,حسینی,1988-05-08,مرد,09189666086,519 افشار جاده، اهواز,A-,,5,2026-03-08
940,9283357434,حسین,نوری,2011-11-11,مرد,09359940911,525 افشار جاده، رشت,O-,,2,2025-03-11
941,4402318491,رها,توکلی,1967-08-01,زن,09221460238,246 نجفی بن‌بست، کرمان,AB+,لاتکس,,2026-01-09
942,9875680011,پدرام,بیات,2012-11-26,مرد,09163049702,277 اکبری بلوار، اصفهان,A+,,1,2026-04-04
943,8518062772,سینا,دهقان,1977-12-05,مرد,09380978857,371 امینی بن‌بست، رشت,,,5,2026-07-03
944,9038096313,سمیرا,اکبری,2021-06-30,زن,09348222662,225 افشار کوچه، همدان,AB-,,2,2025-01-28
945,8012929155,حامد,قاسمی,2014-03-16,مرد,09318211563,331 پارسا خیابان، تبریز,A+,,,2025-07-30
946,5555807971,یاسر,تحسینی,2016-12-19,مرد,09354711902,99 هاشمی خیابان، بندرعباس,AB-,,2,2026-04-13
947,3219590853,سعید,اسدی,1956-06-21,مرد,09317085455,135 بیات کوچه، همدان,B-,,1,2025-10-01
948,5715185866,ملیکا,نوری,2021-07-21,زن,09179639234,509 سلطانی بلوار، شیراز,,,2,2025-06-15
949,1148471863,مهدی,سعیدی,1991-02-20,مرد,09114684982,708 اسدی بلوار، رشت,A-,,1,2025-09-04
950,0519247760,معصومه,افشار,1962-07-09,زن,09279909766,763 موسوی خیابان، مشهد,O+,,,2025-04-21
951,7622356751,آزاده,قربانی,2000-03-01,زن,09208888783,629 میرزایی کوچه، بندرعباس,,,,2026-08-09
952,1520055560,رضا,دهقان,2022-07-10,مرد,09238078579,377 حسینی جاده، تبریز,AB-,,1,2025-05-06
953,8203952747,فاطمه,اکبری,1992-06-25,زن,09385071705,480 غفاری بن‌بست، کرج,AB-,,4,2026-03-26
954,5603456655,سمیرا,تحسینی,1976-11-17,زن,09312363991,806 نجفی بن‌بست، بندرعباس,A+,,4,2026-06-03
955,6890240057,رضا,هاشمی,1985-01-10,مرد,09215373424,90 زارع بن‌بست، کرج,B+,,,2025-07-15
956,3305997788,یاسر,هاشمی,1979-06-15,مرد,09198161005,327 افشار کوچه، همدان,,,,2026-02-19
957,3565497998,زینب,زارع,2001-02-28,زن,09151131372,26 احمدی جاده، همدان,B+,,1,2026-01-25
958,9297107907,ایمان,یزدانی,1960-01-21,مرد,09228637443,245 نوری خیابان، ساری,,,2,2025-10-24
959,6442138526,پدرام,اسدی,1989-10-17,مرد,09235946002,671 سلطانی بن‌بست، یزد,AB-,,1,2025-10-11
960,2464908908,دلارام,مرادی,2015-06-12,زن,09229449362,84 فرهادی کوچه، کرمان,,,1,2025-07-17
961,3636714880,آرمان,میرزایی,1994-10-11,مرد,09232854650,86 امینی میدان، قم,O-,,1,2026-01-24
962,2865157156,یوسف,اسدی,1990-03-18,مرد,09385454018,68 غفاری جاده، یزد,B-,,3,2026-04-08
963,0016877675,سمیرا,مقدم,2010-10-20,زن,09101828977,179 بیات جاده، اصفهان,O+,,5,2025-09-25
964,2044396742,هستی,رضایی,1988-01-05,زن,09239523152,680 رستمی بلوار، کرج,B+,,,2025-04-14
965,3026156035,مهسا,امینی,1991-01-10,زن,09287730544,880 احمدی بلوار، تهران,AB-,,1,2024-12-23
966,8955754353,سعید,رستمی,2014-12-07,مرد,09374595275,671 زارع بلوار، یزد,AB-,,1,2026-05-05
967,9117968585,بنیامین,سلطانی,2019-01-01,مرد,09372006801,424 غفاری بلوار، قم,A+,,,2025-07-09
968,2100923722,کامران,یزدانی,2003-03-12,مرد,09164346408,706 یوسفی کوچه، بندرعباس,B+,,5,2025-05-31
969,1403331030,ایمان,یوسفی,1965-01-25,مرد,09229125074,330 نجفی بلوار، کرج,AB+,,1,2025-11-24
970,7005083555,بنیامین,دهقان,2002-07-07,مرد,09291112651,94 سعیدی خیابان، همدان,AB-,,1,2025-06-05
971,0971523401,یلدا,احمدی,1972-09-17,زن,09265221243,284 غفاری جاده، کرمان,AB+,,3,2024-12-24
972,4858840956,زینب,افشار,2003-09-02,زن,09133043082,365 علوی بلوار، کرمان,AB-,,,2025-07-12
973,8800381138,ایمان,پارسا,2003-02-27,مرد,09372611933,32 اکبری بلوار، کرج,AB+,,,2025-10-29
974,0193597731,غزاله,بیات,1961-11-03,زن,09331652384,750 قاسمی جاده، یزد,A+,,,2026-08-09
975,0633871141,دلارام,امینی,2018-05-19,زن,09259933870,27 نجفی کوچه، ساری,AB+,,4,2025-12-29
976,5115618540,اردشیر,نوری,2010-06-11,مرد,09297791368,285 احمدی جاده، اهواز,A+,,2,2025-09-09
977,5164036134,آرش,قاسمی,1998-09-05,مرد,09396880030,506 امینی جاده، بندرعباس,,,4,2026-02-22
978,7345422151,سینا,فرهادی,2020-06-05,مرد,09182025807,43 پارسا خیابان، کرمان,A+,,1,2025-10-03
979,5278095032,مرتضی,عباسی,1991-12-08,مرد,09215804957,249 ملکی بلوار، رشت,B-,,,2025-10-29
980,8111289553,سینا,مرادی,1978-08-14,مرد,09389508045,378 کاظمی خیابان، بندرعباس,A-,,1,2025-02-14
981,3419406037,رها,قاسمی,1999-04-04,زن,09145720626,87 امینی کوچه، اردبیل,,,4,2026-02-05
982,7854472114,نرگس,فرهادی,1974-11-09,زن,09148377383,636 رحیمی بن‌بست، کرج,B-,,1,2026-04-15
983,6005850768,ملیکا,یوسفی,1976-01-22,زن,09207422222,36 اسدی خیابان، کرمان,AB+,,4,2025-08-10
984,8571141959,رها,سعیدی,2006-05-21,زن,09152688720,39 فرهادی کوچه، قم,,,,2026-01-23
985,5960482681,یلدا,امینی,1994-02-03,زن,09276961431,719 نوری جاده، رشت,O+,,5,2025-04-12
986,2967093416,دلارام,پارسا,2004-10-08,زن,09108886898,39 زارع میدان، مشهد,,,4,2025-07-29
987,7474658127,مهسا,هاشمی,1972-11-29,زن,09342007473,740 عباسی جاده، اردبیل,O-,,5,2025-09-30
988,9747532212,نیما,فتحی,1974-05-15,مرد,09394648057,529 احمدی کوچه، کرمان,AB+,,1,2026-03-10
989,8577582752,مسعود,هاشمی,1965-05-11,مرد,09239334904,877 فتحی بلوار، اهواز,O+,,,2025-05-01
990,2342859201,محمد,ملکی,1969-04-20,مرد,09226704903,311 کریمی کوچه، تهران,B-,,4,2026-04-13
991,8690732632,آناهیتا,موسوی,1985-11-10,زن,09256709401,325 یزدانی کوچه، اردبیل,A+,,1,2025-07-27
992,3976940658,ایمان,موسوی,2020-04-06,مرد,09336607458,429 اسدی جاده، اهواز,,,,2025-12-25
993,4967765629,مهسا,قربانی,2008-11-04,زن,09387917878,584 مقدم کوچه، مشهد,A-,آسپرین,2,2025-12-16
994,7462430045,آناهیتا,زارع,2021-09-23,زن,09100713852,592 نوری کوچه، مشهد,,پنی‌سیلین,1,2025-08-20
995,8249018893,پریسا,نوری,1997-02-04,زن,09289439129,363 پارسا میدان، همدان,O+,,1,2026-03-25
996,2872489411,غزاله,جعفری,1996-06-19,زن,09275177484,135 دهقان بن‌بست، رشت,,,,2025-08-31
997,9991266062,امیرعباس,موسوی,1984-10-08,مرد,09294507802,81 سلطانی جاده، تبریز,O+,,2,2025-09-18
998,9242909920,ترانه,غفاری,2011-10-27,زن,09281801146,419 فتحی بن‌بست، رشت,AB+,,5,2024-12-27
999,3342237708,کامران,مقدم,1982-07-14,مرد,09209208145,672 علوی میدان، اردبیل,A-,,1,2025-03-30
1000,4586445661,متین,حسینی,1994-01-18,زن,09140507404,278 بیات کوچه، اهواز,B-,,1,2025-09-28
1001,1931309930,فرشته,مقدم,2011-09-11,زن,09316951236,770 احمدی میدان، اهواز,O-,,2,2025-03-20
1002,2884328637,یلدا,رضایی,2000-04-17,زن,09309634892,24 زارع جاده، شیراز,AB-,,1,2026-08-09
1003,8048888807,فرهاد,شریفی,1990-04-29,مرد,09231983893,726 کریمی بن‌بست، ساری,,,4,2025-06-18
1004,5915678173,پریسا,افشار,1978-10-29,زن,09210665309,100 زارع کوچه، اصفهان,O+,,,2026-04-26
1005,4292036047,یاسر,افشار,1948-04-02,مرد,09210121471,541 قاسمی بن‌بست، رشت,O-,,4,2025-10-01
1006,3194462598,شهاب,مقدم,1977-12-01,مرد,09374990267,892 کریمی میدان، اردبیل,,,1,2025-12-05
1007,6376001246,پریسا,کاظمی,2002-05-30,زن,09321119076,757 فتحی کوچه، رشت,,,2,2025-06-06
1008,9003122024,جواد,فتحی,2021-06-30,مرد,09179069253,236 یوسفی میدان، قم,O+,,1,2025-01-22
1009,3461435414,علی,جعفری,2005-02-13,مرد,09154655207,221 رضایی جاده، اصفهان,A+,,,2026-02-16
1010,4695616629,دلارام,شریفی,1989-09-07,زن,09125143373,356 زارع کوچه، بندرعباس,,,1,2025-09-03
1011,7195677631,لیلا,شریفی,1987-08-09,زن,09254788022,260 پارسا کوچه، تبریز,O+,,,2026-07-02
1012,7425748762,شهاب,فرهادی,1978-07-06,مرد,09269823701,331 افشار جاده، اردبیل,B+,,2,2026-08-09
1013,8643028126,سمانه,احمدی,1997-07-23,زن,09252088279,829 اکبری میدان، اردبیل,AB+,,3,2025-12-11
1014,7648641364,مجید,هاشمی,1989-07-13,مرد,09257240297,323 احمدی میدان، یزد,O+,,1,2025-01-06
1015,7005219368,مهدی,احمدی,1985-08-31,مرد,09106763070,94 رضایی بن‌بست، اصفهان,AB+,,,2025-12-28
1016,5513240416,پدرام,کریمی,2011-02-25,مرد,09293136239,220 غفاری جاده، قم,,,1,2026-04-01
1017,9235288061,سامان,سعیدی,1982-10-18,مرد,09388459325,356 افشار بن‌بست، ساری,,,1,2026-05-22
1018,7970531466,نازنین,توکلی,1962-06-22,زن,09264675031,476 صادقی کوچه، کرمان,,,2,2025-12-11
1019,8826301891,ایلیا,صادقی,1959-06-29,مرد,09112701837,865 شریفی خیابان، تبریز,,,,2026-02-18
1020,6053364401,مریم,رحیمی,1975-11-05,زن,09280739596,604 امینی کوچه، اصفهان,B+,,,2026-06-19
1021,0699979706,فرهاد,سلطانی,1985-10-09,مرد,09142759960,59 موسوی کوچه، اهواز,A-,,4,2025-05-19
1022,3732033678,مریم,قاسمی,1985-10-16,زن,09183807595,724 سلطانی جاده، ساری,A+,,1,2025-10-26
1023,1902238151,هستی,علوی,1959-08-02,زن,09253556597,152 کاظمی بلوار، اصفهان,A+,,4,2026-02-18
1024,0841832935,مجید,رستمی,1978-07-14,مرد,09366594823,125 دهقان بن‌بست، تبریز,B+,,,2025-03-25
1025,5428315911,مهسا,علوی,1994-05-19,زن,09201278358,686 ملکی میدان، مشهد,AB+,,4,2026-08-09
1026,8007999264,یوسف,یوسفی,1981-06-18,مرد,09351238851,336 افشار بن‌بست، تهران,A-,آسپرین,,2026-04-18
1027,4035352624,فرشته,سعیدی,1987-04-23,زن,09168629897,716 ملکی کوچه، تهران,B-,,,2026-03-11
1028,3566377678,بنیامین,مقدم,1992-09-21,مرد,09281720777,438 امینی بلوار، قم,,,5,2025-12-13
1029,6378086060,رها,احمدی,2016-11-23,زن,09133791390,54 اسدی جاده، اصفهان,A+,,,2024-12-06
1030,7680419061,زینب,تحسینی,2012-05-16,زن,09263202058,565 امینی کوچه، شیراز,AB-,,1,2025-11-23
1031,3812507331,ایمان,تحسینی,1961-02-13,مرد,09231263896,397 میرزایی خیابان، رشت,O+,,,2025-09-29
1032,7159868341,ثنا,محمدی,1991-08-03,زن,09271749008,81 نجفی کوچه، قم,B-,,1,2025-12-21
1033,8658528847,سبحان,اکبری,2012-05-19,مرد,09253372603,378 امینی بن‌بست، تبریز,O+,,2,2025-09-13
1034,0538953438,محدثه,محمدی,1974-07-15,زن,09283574576,807 حسینی کوچه، قم,A-,,,2025-06-27
1035,7543354901,طاها,غفاری,1968-10-04,مرد,09157288394,514 پارسا بلوار، اصفهان,A+,,1,2025-06-06
1036,4517198251,زینب,پارسا,1992-10-08,زن,09378653890,662 حسینی جاده، همدان,A+,,,2024-12-27
1037,3718704471,سمیرا,کریمی,2004-02-08,زن,09282702352,531 کاظمی کوچه، ساری,AB+,,,2026-03-18
1038,8982648291,حسین,موسوی,1975-12-01,مرد,09392238136,713 محمدی کوچه، اردبیل,A-,,5,2025-11-11
1039,3532134497,شیرین,زارع,1956-05-21,زن,09395488178,809 علوی بلوار، رشت,A+,,,2025-03-31
1040,3987240741,طاها,مقدم,2018-07-04,مرد,09188904558,898 فرهادی میدان، تهران,AB+,,1,2025-07-22
1041,1802834877,مرتضی,یوسفی,1999-01-31,مرد,09207232394,363 یوسفی کوچه، تهران,AB+,,1,2025-11-02
1042,6635568352,حسین,نوری,1976-10-09,مرد,09353471150,702 ملکی جاده، اهواز,,,,2026-08-02
1043,1127055577,افسانه,مقدم,2014-05-28,زن,09114756048,497 نوری میدان، اهواز,AB-,,,2026-03-11
1044,5206291145,کامران,سعیدی,1965-04-05,مرد,09124225929,97 کاظمی جاده، تبریز,B+,,3,2026-04-02
1045,0707206162,رها,تحسینی,2016-03-23,زن,09136540779,483 سلطانی خیابان، همدان,B+,,1,2025-08-18
1046,8958562714,فاطمه,اسدی,1965-10-22,زن,09191047529,288 رحیمی کوچه، قم,B-,,2,2025-08-18
1047,4108189078,علی,سعیدی,2022-12-08,مرد,09396326533,693 میرزایی بن‌بست، قم,,,1,2025-06-17
1048,2819163599,فرهاد,قربانی,1941-10-02,مرد,09353108122,451 مرادی بلوار، بندرعباس,B-,,,2025-08-25
1049,9482527976,سامان,رضایی,1990-08-23,مرد,09374045881,113 محمدی بلوار، کرمان,,,,2025-02-19
1050,8853638095,زینب,شریفی,1966-10-10,زن,09192301817,2 میرزایی خیابان، ساری,B-,,2,2026-02-05
1051,0938489380,نیما,موسوی,2008-04-06,مرد,09210258584,818 بیات جاده، تبریز,A-,,,2025-10-01
1052,0242437826,یلدا,مرادی,1995-06-24,زن,09229827187,200 سلطانی بلوار، شیراز,,,4,2025-08-12
1053,3965629999,هانیه,تحسینی,1981-05-10,زن,09169100512,515 ملکی کوچه، یزد,A+,,2,2025-11-03
1054,5243371556,ایلیا,احمدی,1977-03-24,مرد,09363707361,565 توکلی کوچه، تبریز,AB+,,4,2025-09-19
1055,6012122942,امیر,توکلی,1991-11-06,مرد,09354381877,227 پارسا بن‌بست، شیراز,O-,,,2025-01-19
1056,6718321664,مهدی,حسینی,2014-07-07,مرد,09394754494,774 علوی جاده، اصفهان,,,3,2025-06-18
1057,3072757712,شقایق,موسوی,2011-05-24,زن,09226906419,117 حسینی میدان، کرمان,A+,,1,2026-01-29
1058,7505893181,علی,جعفری,2006-04-10,مرد,09238863728,88 موسوی میدان، همدان,O-,,,2025-08-27
1059,5361273384,هانیه,عباسی,1995-05-11,زن,09107666293,770 فرهادی جاده، ساری,A-,,3,2026-08-09
1060,8607071726,غزاله,محمدی,1987-08-22,زن,09381049092,296 یزدانی خیابان، یزد,B-,,5,2025-05-08
1061,4552285319,علی,احمدی,1983-07-12,مرد,09131979486,312 قربانی بن‌بست، مشهد,A-,,1,2025-12-01
1062,9027878277,ملیکا,علوی,1978-06-16,زن,09190379215,225 دهقان جاده، تهران,B-,,,2025-10-31
1063,8018643237,الهام,بیات,1993-01-28,زن,09333847636,829 توکلی کوچه، ساری,AB-,,,2025-01-26
1064,4870591847,وحید,نجفی,1990-11-24,مرد,09321960690,512 قربانی خیابان، اردبیل,AB+,,2,2026-03-19
1065,4091765955,مسعود,نجفی,1995-11-02,مرد,09352339268,844 کاظمی خیابان، ساری,AB+,,4,2025-08-16
1066,6838974762,محدثه,فرهادی,2022-08-20,زن,09262620361,220 جعفری خیابان، تهران,A+,,3,2026-08-05
1067,1399402201,امیرعباس,تحسینی,1989-04-03,مرد,09304959836,875 اکبری بن‌بست، اردبیل,,,,2025-05-14
1068,4536697950,کاوه,رحیمی,2016-03-22,مرد,09168536384,97 تحسینی میدان، یزد,AB-,آسپرین,1,2026-08-09
1069,5811018932,کامران,یوسفی,1970-03-17,مرد,09311768600,483 رستمی خیابان، بندرعباس,,,4,2026-08-09
1070,0386958378,اردشیر,فتحی,1991-10-27,مرد,09110381550,361 رستمی میدان، همدان,O+,,1,2026-08-09
1071,4681286486,سامان,عباسی,1970-01-10,مرد,09180364763,713 بیات کوچه، قم,A-,,1,2025-05-29
1072,9656941365,پرنیان,میرزایی,1994-01-02,زن,09227538261,362 یزدانی میدان، تهران,B+,,1,2025-01-11
1073,9483040930,ایمان,رضایی,1966-11-22,مرد,09187781652,309 مرادی جاده، تبریز,O+,,,2025-09-26
1074,8924925148,پدرام,سلطانی,2018-11-08,مرد,09134651968,253 نوری میدان، مشهد,A+,,1,2025-08-24
1075,1457095513,مسعود,فتحی,1982-01-21,مرد,09142172438,762 قاسمی بلوار، اردبیل,,,,2026-01-09
1076,2318887861,حامد,یزدانی,1983-03-08,مرد,09347597588,411 اکبری میدان، اصفهان,,,,2026-01-03
1077,1669955354,آرش,نوری,2008-01-27,مرد,09259947024,448 بیات جاده، یزد,B+,,1,2026-08-09
1078,1234780852,زینب,مقدم,1980-07-01,زن,09164943357,354 زارع کوچه، شیراز,B+,,,2025-09-03
1079,7446181532,سوگند,پارسا,2013-11-30,زن,09202828093,17 نجفی میدان، مشهد,O+,,,2026-01-01
1080,7312617263,معصومه,موسوی,1989-02-12,زن,09158024250,546 توکلی میدان، یزد,AB-,,3,2025-07-18
1081,9951852939,مسعود,هاشمی,1983-10-30,مرد,09347930594,34 بیات بلوار، مشهد,AB+,,,2025-03-25
1082,5004089043,ترانه,میرزایی,1972-07-03,زن,09183981977,214 امینی بن‌بست، اهواز,O+,,4,2025-01-17
1083,3854257732,فرشته,یوسفی,1971-02-14,زن,09324717753,564 شریفی بن‌بست، اصفهان,A+,,1,2025-05-10
1084,5611428681,سمانه,مقدم,2016-08-01,زن,09153584604,292 تحسینی میدان، اصفهان,,,4,2025-10-22
1085,2478394782,جواد,فتحی,1975-05-08,مرد,09358447270,602 عباسی جاده، اصفهان,,آسپرین,2,2026-07-23
1086,3318316581,ملیکا,فتحی,2010-08-05,زن,09396440750,137 امینی بن‌بست، کرمان,B+,,,2026-08-09
1087,0790508591,سامان,کریمی,1969-12-06,مرد,09106279816,62 اکبری کوچه، اردبیل,B-,,,2025-04-09
1088,4854585250,کیمیا,رستمی,1995-03-22,زن,09313968306,539 پارسا بلوار، تبریز,O-,,2,2026-01-16
1089,0826609732,آرمان,علوی,2001-12-09,مرد,09117279077,60 ملکی بن‌بست، کرمان,,,1,2025-05-18
1090,1823683770,افسانه,یوسفی,2021-12-16,زن,09344902015,596 شریفی بن‌بست، اصفهان,,,4,2025-07-22
1091,1174110309,میلاد,محمدی,2001-02-19,مرد,09209877628,85 مقدم خیابان، تبریز,,,2,2026-07-11
1092,8743862640,کاوه,امینی,2018-07-26,مرد,09172046349,129 افشار جاده، مشهد,AB-,,2,2026-08-09
1093,4031028849,آزاده,قربانی,1997-06-11,زن,09337961164,360 یوسفی کوچه، ساری,A+,,2,2026-06-06
1094,1815395354,پریسا,نوری,1996-12-16,زن,09396507404,667 میرزایی جاده، مشهد,B-,,2,2025-11-14
1095,5962356063,هانیه,دهقان,1963-11-21,زن,09198553601,441 نجفی بن‌بست، تهران,,,1,2025-11-12
1096,4653294542,پرنیان,زارع,1997-08-14,زن,09316601136,291 یوسفی بن‌بست، مشهد,,لاتکس,1,2025-11-28
1097,7667477388,شقایق,کاظمی,1991-09-11,زن,09241824299,542 پارسا خیابان، کرمان,B-,,1,2025-11-08
1098,9333691308,ابوالفضل,سعیدی,1978-07-27,مرد,09371702271,712 غفاری بلوار، همدان,B-,,,2025-07-31
1099,9226973997,حسین,نجفی,1983-11-17,مرد,09223036138,528 صادقی خیابان، شیراز,AB-,,2,2025-10-30
1100,3657934571,کیمیا,یوسفی,1974-07-16,زن,09282466846,631 شریفی کوچه، اهواز,,,1,2026-03-06
1101,3472789379,مسعود,فرهادی,1969-04-11,مرد,09193959724,754 ملکی کوچه، رشت,A-,,,2025-06-25
1102,2486376550,آرمان,فرهادی,1982-06-30,مرد,09304199730,874 افشار کوچه، مشهد,AB-,,5,2025-09-30
1103,8128504886,یاسر,تحسینی,1990-02-14,مرد,09319717975,362 یزدانی میدان، همدان,,,1,2025-06-26
1104,4642025847,مرتضی,مرادی,1937-10-19,مرد,09174704765,699 دهقان کوچه، اصفهان,B-,,,2026-07-05
1105,6874557459,کیمیا,هاشمی,1985-03-25,زن,09182729878,299 جعفری بن‌بست، اهواز,,لاتکس,,2026-02-15
1106,2479401464,جواد,رستمی,2001-10-27,مرد,09372478526,370 حسینی میدان، بندرعباس,B+,,,2026-08-09
1107,9160178981,بنیامین,رستمی,1989-12-30,مرد,09105042914,134 یوسفی میدان، مشهد,AB+,,1,2025-12-16
1108,9215792821,هادی,افشار,2012-01-08,مرد,09121696010,201 توکلی بن‌بست، کرمان,,,,2025-12-21
1109,2014800413,اردشیر,حسینی,1953-08-30,مرد,09145970304,420 غفاری کوچه، کرج,A-,,,2025-02-26
1110,6311605813,هادی,میرزایی,1974-12-04,مرد,09237869534,465 جعفری میدان، ساری,B-,,1,2025-10-07
1111,3171807807,ابوالفضل,سلطانی,1978-12-19,مرد,09269802003,120 سلطانی کوچه، اصفهان,AB-,,1,2025-08-08
1112,4159500277,بهرام,دهقان,2014-05-29,مرد,09338695467,834 محمدی جاده، اردبیل,,,5,2025-10-01
1113,8281106573,پرنیان,قربانی,1989-04-04,زن,09137211976,280 یزدانی جاده، تبریز,AB+,,1,2025-11-14
1114,4464135242,نرگس,توکلی,1957-02-16,زن,09122669975,229 سلطانی بلوار، ساری,AB+,,2,2025-03-22
1115,1411181069,غزاله,مرادی,1979-06-23,زن,09139506682,649 میرزایی بن‌بست، شیراز,A+,,2,2024-12-23
1116,3926943866,جواد,دهقان,2016-10-16,مرد,09233904497,20 سلطانی خیابان، اصفهان,,,2,2025-02-13
1117,8878104231,یلدا,پارسا,2016-12-14,زن,09246096024,574 اکبری میدان، کرج,A-,,1,2026-08-09
1118,4148732317,یاسر,شریفی,2017-12-31,مرد,09162040686,115 توکلی خیابان، شیراز,B-,,3,2026-03-21
1119,8341853221,میلاد,امینی,1990-08-21,مرد,09210937262,695 احمدی بن‌بست، یزد,AB-,,1,2025-12-05
1120,9908253451,پویا,اسدی,1963-12-24,مرد,09181592818,414 فتحی خیابان، اصفهان,AB+,,1,2026-07-03
1121,0822702258,ماهان,رضایی,1984-08-01,مرد,09343999245,162 نوری میدان، بندرعباس,,,,2026-04-13
1122,3161774027,نیما,غفاری,1991-01-01,مرد,09165529184,212 مرادی بن‌بست، همدان,O-,,,2025-08-29
1123,6431137310,میلاد,سلطانی,2012-03-19,مرد,09155412575,90 ملکی خیابان، بندرعباس,AB+,,1,2025-12-11
1124,2110926252,کامران,فتحی,1982-05-02,مرد,09366061509,80 موسوی بلوار، ساری,O+,,2,2025-02-21
1125,7238815451,ریحانه,پارسا,2013-08-21,زن,09340901244,404 فرهادی بن‌بست، مشهد,A+,,,2026-08-09
1126,5614833714,بنیامین,یوسفی,1986-06-18,مرد,09235595258,52 عباسی میدان، کرج,,,,2025-02-15
1127,1365636471,مرتضی,یوسفی,2002-10-10,مرد,09232338358,295 امینی بن‌بست، ساری,B-,,1,2025-04-24
1128,2791333223,نگار,افشار,1962-02-23,زن,09158308077,216 هاشمی میدان، بندرعباس,AB+,لاتکس,,2025-06-04
1129,8169033888,فرهاد,احمدی,1986-02-15,مرد,09108066368,783 زارع خیابان، قم,AB+,,1,2026-01-10
1130,8942731953,پریسا,اکبری,2016-04-17,زن,09378077311,415 نوری میدان، اهواز,O+,,,2026-03-03
1131,7071582866,مریم,توکلی,2002-01-01,زن,09136910866,771 نجفی بلوار، بندرعباس,AB-,,5,2026-02-25
1132,1452534349,آرش,قاسمی,1987-08-26,مرد,09198070478,519 پارسا بن‌بست، همدان,A+,,1,2025-05-09
1133,3556517752,زینب,سلطانی,2006-01-17,زن,09327245222,654 کریمی بلوار، اردبیل,,,4,2026-03-05
1134,3725753581,کیمیا,فتحی,2019-06-11,زن,09187272177,773 علوی بن‌بست، کرج,B-,,2,2025-06-08
1135,4362159630,نگار,مرادی,1987-05-03,زن,09258508653,220 قاسمی خیابان، ساری,AB+,,3,2025-12-25
1136,6417168867,امیرعباس,پارسا,1976-03-09,مرد,09115085058,292 فتحی میدان، یزد,B-,,,2026-03-15
1137,6734924920,آرش,سعیدی,1974-09-10,مرد,09234492855,720 سلطانی جاده، اهواز,O+,,5,2026-02-04
1138,2842141792,ابوالفضل,احمدی,2021-11-25,مرد,09277971816,111 پارسا کوچه، اهواز,B+,,2,2025-02-13
1139,6350214730,هانیه,اسدی,2009-10-30,زن,09201957853,50 موسوی میدان، قم,A+,,,2026-08-09
1140,7662895823,پدرام,زارع,2008-11-23,مرد,09112889277,375 موسوی کوچه، یزد,B-,,,2026-02-27
1141,2892282373,رضا,دهقان,1998-08-02,مرد,09265387433,591 امینی کوچه، ساری,A-,,1,2026-05-01
1142,8000489449,اردشیر,نجفی,1982-09-23,مرد,09174052522,825 ملکی بن‌بست، مشهد,AB-,,2,2026-06-14
1143,0091226058,افسانه,هاشمی,1964-04-16,زن,09281322680,461 محمدی خیابان، قم,,,5,2025-11-16
1144,8361088091,مسعود,رستمی,2015-11-21,مرد,09398152206,201 غفاری جاده، تبریز,AB-,,1,2025-03-01
1145,8303326821,سمیرا,موسوی,1983-10-03,زن,09328499535,287 یزدانی میدان، مشهد,A+,,,2025-07-10
1146,4304101129,نسرین,بیات,2003-01-09,زن,09114690236,431 تحسینی کوچه، کرج,,,1,2025-01-20
1147,2901393926,سامان,غفاری,2019-07-18,مرد,09172115711,551 یزدانی کوچه، رشت,B-,,,2025-05-17
1148,9164707415,فرهاد,غفاری,2001-06-24,مرد,09143284006,580 عباسی خیابان، قم,A-,,5,2025-12-27
1149,6328484127,نسرین,زارع,1994-03-29,زن,09255129270,734 پارسا خیابان، قم,B+,,5,2025-02-18
1150,1309528217,لیلا,سعیدی,2017-05-20,زن,09206711321,700 قربانی بن‌بست، همدان,,,3,2025-01-21
1151,7576914084,وحید,رضایی,1967-09-07,مرد,09361943936,36 غفاری کوچه، اردبیل,O+,,,2026-01-24
1152,4478160465,شیرین,سلطانی,1962-02-23,زن,09148044179,746 توکلی جاده، تهران,,,4,2024-12-13
1153,2993377752,میلاد,محمدی,1978-08-08,مرد,09247508957,640 رحیمی بن‌بست، رشت,,,,2026-08-09
1154,9413151199,رها,قربانی,1999-09-11,زن,09353407468,706 یوسفی کوچه، اصفهان,A+,,1,2026-04-24
1155,5221382903,معصومه,سعیدی,2016-08-31,زن,09114800969,250 افشار بلوار، ساری,AB+,,2,2026-08-04
1156,8746918086,وحید,عباسی,2019-03-07,مرد,09217010961,599 رستمی کوچه، ساری,O+,,1,2025-12-06
1157,9920209201,غزاله,فرهادی,1986-10-09,زن,09338986837,484 فرهادی کوچه، رشت,B-,,5,2025-06-30
1158,0554069733,شیرین,احمدی,2014-04-29,زن,09226815607,243 یزدانی بن‌بست، یزد,B-,,2,2025-12-08
1159,8833348113,زهرا,فرهادی,1994-02-01,زن,09382477876,711 کریمی میدان، اردبیل,A-,,,2026-03-21
1160,0786675713,مرتضی,فرهادی,2008-05-18,مرد,09240736278,29 سلطانی جاده، اهواز,B-,,4,2025-10-27
1161,0441243541,سینا,سلطانی,2022-06-16,مرد,09232722696,774 هاشمی بن‌بست، کرمان,B-,,,2025-04-23
1162,4783957770,آزاده,تحسینی,1981-04-12,زن,09195534038,289 یزدانی بلوار، شیراز,AB+,,,2025-01-07
1163,6823479582,ماهان,رستمی,1978-08-28,مرد,09203636764,69 شریفی بن‌بست، اهواز,,,1,2026-02-27
1164,8542832906,مهسا,محمدی,1969-10-09,زن,09241873620,273 اکبری جاده، ساری,B-,,1,2025-07-21
1165,9926662633,اردشیر,امینی,2016-01-01,مرد,09305447859,17 سعیدی جاده، کرمان,,,1,2026-06-27
1166,6026394362,نگار,رستمی,1982-04-02,زن,09282958947,673 توکلی بلوار، کرمان,,,4,2026-04-12
1167,9626237351,نگار,دهقان,1997-06-28,زن,09113862576,190 نوری جاده، کرمان,,,4,2026-01-12
1168,9707852879,سوگند,پارسا,1995-01-21,زن,09148182902,377 یزدانی خیابان، مشهد,AB-,,,2026-01-21
1169,5904307217,سعید,سعیدی,1989-05-01,مرد,09156258602,214 رحیمی بن‌بست، کرمان,O+,,4,2025-12-04
1170,1475413653,علی,توکلی,2008-05-18,مرد,09287929751,444 قربانی کوچه، رشت,B-,,4,2025-06-21
1171,8753719271,زینب,قربانی,2021-07-31,زن,09325004515,204 مرادی جاده، یزد,A+,پنی‌سیلین,3,2025-03-20
1172,3332867709,محمد,موسوی,1970-10-23,مرد,09311246337,894 نجفی خیابان، شیراز,AB-,,5,2025-08-19
1173,0059116511,طاها,افشار,1965-07-13,مرد,09342009490,725 زارع جاده، همدان,,,,2025-09-03
1174,8027773288,ماهان,ملکی,1989-04-27,مرد,09316172388,387 عباسی جاده، اردبیل,,,,2025-10-05
1175,8570280718,لیلا,مقدم,2016-12-21,زن,09376142661,151 سعیدی میدان، تهران,,,,2026-08-09
1176,1246261766,غزاله,کریمی,2003-12-31,زن,09292779357,586 میرزایی کوچه، قم,A+,آسپرین,1,2025-01-20
1177,0860337448,ماهان,مرادی,2020-03-13,مرد,09123991419,520 یزدانی میدان، مشهد,AB-,,,2025-10-15
1178,8945060480,دلارام,فتحی,2016-04-01,زن,09387154429,521 امینی میدان، تهران,O-,,1,2025-06-07
1179,1501445944,پرنیان,سعیدی,1999-05-30,زن,09219144084,738 قربانی میدان، یزد,AB-,لاتکس,4,2026-08-09
1180,1363267698,هانیه,مرادی,1989-11-01,زن,09270868192,332 قاسمی خیابان، اهواز,,,,2025-09-30
1181,3255131871,سمیرا,سعیدی,2012-11-02,زن,09398532380,831 عباسی بن‌بست، رشت,A+,,4,2025-09-15
1182,7026626825,میلاد,عباسی,2015-08-22,مرد,09247217167,189 یوسفی بن‌بست، ساری,AB+,,1,2026-03-23
1183,8761918903,کاوه,حسینی,1984-06-22,مرد,09293358470,68 نجفی جاده، یزد,,,,2025-09-03
1184,6489357410,آرش,زارع,1971-04-28,مرد,09248056970,538 فرهادی جاده، تبریز,A+,,3,2025-12-23
1185,3675128024,سعید,نجفی,1974-04-02,مرد,09100799115,145 نوری جاده، کرج,A-,,,2026-08-09
1186,7693127569,زینب,غفاری,1994-03-12,زن,09158672212,14 دهقان کوچه، یزد,B-,,,2026-08-08
1187,4359070152,فاطمه,تحسینی,1990-01-05,زن,09237365621,57 علوی بلوار، اردبیل,,,,2025-08-19
1188,3780406454,حامد,بیات,2015-09-28,مرد,09366280303,583 یزدانی جاده، رشت,AB+,,1,2025-08-27
1189,0460057928,غزاله,زارع,1981-05-11,زن,09394632403,176 علوی بن‌بست، تهران,B+,,,2025-07-17
1190,5403186492,مبینا,سعیدی,1968-09-22,زن,09255779985,585 کاظمی جاده، همدان,AB+,,,2026-01-12
1191,0189330759,طاها,کریمی,1981-03-25,مرد,09295908595,321 هاشمی بن‌بست، اردبیل,AB-,,,2026-01-22
1192,1064086047,مهسا,قربانی,1993-01-21,زن,09218165598,311 یوسفی میدان، تبریز,,,,2026-01-08
1193,7366501001,رضا,توکلی,1980-04-28,مرد,09362754971,792 نوری بن‌بست، یزد,,,1,2025-08-03
1194,0307196879,هستی,اکبری,1989-11-02,زن,09286811676,859 نوری بن‌بست، یزد,A-,,2,2025-09-29
1195,2643751353,سمانه,فرهادی,1994-08-15,زن,09268627966,755 امینی جاده، کرمان,,,4,2025-10-18
1196,1502855437,علی,قربانی,2019-01-10,مرد,09151552012,278 موسوی بلوار، کرمان,A+,,1,2025-09-01
1197,0628646305,شیرین,رضایی,1977-08-07,زن,09267113688,674 ملکی خیابان، کرمان,O-,,3,2025-10-03
1198,7694270101,پدرام,صادقی,1960-06-11,مرد,09271892218,161 ملکی جاده، کرمان,A+,,3,2025-08-23
1199,2911151526,مبینا,عباسی,2019-02-18,زن,09257746016,147 رحیمی کوچه، شیراز,,,,2025-08-06
1200,2761217268,دلارام,محمدی,1988-02-03,زن,09178586564,814 موسوی جاده، کرج,AB+,,,2025-04-10
1201,5631433354,ابوالفضل,موسوی,2017-04-12,مرد,09250879000,398 سعیدی بلوار، کرج,A+,,1,2026-05-10
1202,3545574326,سمانه,کریمی,1964-08-27,زن,09396856419,462 پارسا کوچه، همدان,O-,,3,2025-01-25
1203,9068199714,ماهان,اکبری,1992-10-30,مرد,09275735827,401 بیات میدان، قم,AB+,,2,2025-10-24
1204,4378902672,طاها,اکبری,2021-10-20,مرد,09230835193,477 محمدی جاده، تبریز,O-,,,2025-10-28
1205,9840696610,نرگس,یزدانی,2008-06-23,زن,09152083355,596 کاظمی جاده، همدان,,,,2025-08-13
1206,8229273251,الهام,جعفری,1966-02-15,زن,09137629981,253 قربانی میدان، اصفهان,,,1,2026-02-27
1207,8882877639,دلارام,رضایی,1961-05-15,زن,09272174001,213 پارسا کوچه، مشهد,B+,,1,2025-11-29
1208,9298309031,ریحانه,قاسمی,1969-01-28,زن,09202848784,705 یزدانی بلوار، تبریز,O-,,5,2025-12-05
1209,4918148905,کامران,مرادی,1999-08-28,مرد,09256861782,83 نوری کوچه، ساری,B-,,,2025-01-04
1210,7471824727,نگار,جعفری,1981-10-20,زن,09313469690,430 فرهادی میدان، شیراز,A-,,1,2025-08-03
1211,2132448477,ابوالفضل,کاظمی,2000-09-01,مرد,09317312604,166 قاسمی خیابان، شیراز,AB-,,4,2025-07-10
1212,4705316061,پویا,توکلی,1989-09-14,مرد,09143317375,828 رحیمی میدان، کرمان,O-,,1,2025-04-16
1213,1100219749,ایمان,سلطانی,2022-06-19,مرد,09287320466,242 رضایی جاده، رشت,B+,,3,2025-02-02
1214,7034343047,دلارام,بیات,1990-05-31,زن,09389677644,320 افشار خیابان، تبریز,,,3,2026-06-02
1215,3048197451,ابوالفضل,هاشمی,1996-05-14,مرد,09273099098,853 توکلی خیابان، کرمان,B+,,4,2026-02-09
1216,2057240101,پویا,یوسفی,2023-07-24,مرد,09369754850,782 سعیدی خیابان، اصفهان,B+,,2,2025-08-02
1217,8341706024,ریحانه,اسدی,2023-04-27,زن,09369330834,422 صادقی کوچه، اصفهان,A-,,,2025-10-09
1218,0890293104,نیایش,صادقی,2003-03-03,زن,09326496600,791 ملکی کوچه، ساری,,,1,2025-04-30
1219,2720441279,افسانه,غفاری,1989-04-16,زن,09157357434,485 بیات خیابان، تهران,O+,,1,2026-07-14
1220,6774206999,بنیامین,اسدی,1969-08-22,مرد,09383361091,577 رضایی بلوار، تهران,A+,,1,2025-02-14
1221,7272559454,نگار,افشار,2013-09-12,زن,09361177008,341 احمدی جاده، رشت,AB+,,,2025-04-04
1222,8297111891,سامان,افشار,2003-07-03,مرد,09161381481,371 هاشمی خیابان، اهواز,A-,,,2026-05-17
1223,2554592438,نگار,سلطانی,2012-06-21,زن,09294437589,123 افشار بلوار، یزد,,,2,2026-05-23
1224,4591283429,کامران,سلطانی,1962-01-30,مرد,09106298705,724 نوری جاده، اهواز,O-,لاتکس,1,2025-11-09
1225,0183209184,مریم,اسدی,2023-01-26,زن,09231319305,564 هاشمی خیابان، شیراز,A-,,4,2025-11-26
1226,2664873628,نیما,نوری,1977-10-30,مرد,09384747184,625 قاسمی خیابان، یزد,B-,,1,2025-11-12
1227,7649863832,یاسر,بیات,2002-04-24,مرد,09391944332,428 شریفی بن‌بست، رشت,O+,لیدوکائین,,2025-04-24
1228,1101955287,کاوه,موسوی,1946-07-06,مرد,09111758459,327 حسینی بن‌بست، رشت,A-,,,2025-02-26
1229,1533515700,زهرا,رضایی,2017-11-29,زن,09313930588,226 سلطانی بلوار، یزد,,,,2025-06-26
1230,4477015062,ثنا,هاشمی,1981-03-20,زن,09205882049,246 قاسمی میدان، اصفهان,O-,,,2025-10-09
1231,3936569274,غزاله,پارسا,1994-02-01,زن,09179271351,736 علوی میدان، تبریز,O+,,1,2025-04-13
1232,2286459746,نیایش,نجفی,1964-10-21,زن,09183264423,636 شریفی بلوار، مشهد,B-,لیدوکائین,4,2025-04-08
1233,4462375807,کیمیا,فتحی,1991-01-18,زن,09268341484,766 مرادی بلوار، بندرعباس,A-,,5,2025-02-09
1234,8154706814,سوگند,موسوی,1977-05-29,زن,09248963083,493 رستمی میدان، تهران,,,4,2025-01-12
1235,4869038481,بهرام,اکبری,2011-09-02,مرد,09278257575,740 شریفی بلوار، اصفهان,,,5,2025-09-04
1236,3207208381,حسین,بیات,2013-02-23,مرد,09273280812,37 رضایی جاده، کرمان,AB-,,4,2025-09-11
1237,3704715816,بهاره,تحسینی,1991-02-16,زن,09357115647,89 سعیدی خیابان، مشهد,O+,,2,2025-12-16
1238,6079510571,بهزاد,دهقان,1966-03-04,مرد,09251305385,769 غفاری بن‌بست، بندرعباس,O-,,,2026-03-29
1239,9725102916,نازنین,نوری,1988-08-12,زن,09296307319,81 جعفری خیابان، رشت,A+,,4,2026-06-18
1240,5858391729,یوسف,اکبری,1994-06-06,مرد,09381961720,822 جعفری خیابان، تبریز,,,2,2026-01-22
1241,7454120423,بنیامین,نوری,1974-02-17,مرد,09382310394,663 فتحی بن‌بست، قم,AB+,,5,2025-06-22
1242,8109453074,فرشته,غفاری,2018-12-24,زن,09115526403,3 حسینی بلوار، کرمان,,,5,2025-09-27
1243,0375605673,محدثه,جعفری,2011-02-12,زن,09247966469,428 توکلی جاده، اصفهان,,,,2025-05-24
1244,7713538305,افسانه,علوی,1976-09-05,زن,09390720244,649 شریفی خیابان، همدان,O+,,,2025-12-03
1245,0889484902,بنیامین,جعفری,1994-06-09,مرد,09217324427,257 مقدم خیابان، قم,A-,,1,2024-12-25
1246,9472703127,مهدی,شریفی,1975-10-25,مرد,09151704041,1 فتحی بن‌بست، ساری,B-,,3,2025-05-09
1247,4494651982,متین,پارسا,2017-11-05,زن,09134999397,337 مقدم جاده، ساری,A-,,3,2026-02-23
1248,1280052767,یاسر,احمدی,1969-01-11,مرد,09310528664,384 رضایی بن‌بست، ساری,A-,,1,2025-10-15
1249,4809276201,لیلا,پارسا,1992-01-18,زن,09303633340,180 یزدانی جاده، اصفهان,B+,,4,2025-03-31
1250,1667767021,سینا,اکبری,1989-07-19,مرد,09387687837,258 زارع خیابان، اصفهان,,,,2025-07-04
1251,8973249770,کامران,نوری,1997-02-19,مرد,09181573341,557 جعفری کوچه، قم,,,,2025-09-06
1252,1009221442,سوگند,غفاری,1993-05-21,زن,09220196019,684 نجفی جاده، کرج,,,,2025-11-12
1253,6749855636,حامد,سلطانی,2003-09-29,مرد,09150566300,793 ملکی خیابان، شیراز,O-,,1,2025-06-09
1254,2925629849,کیمیا,فرهادی,1998-03-04,زن,09283217680,310 رضایی خیابان، قم,AB+,لاتکس,,2025-02-03
1255,6835434783,مجید,صادقی,1996-04-24,مرد,09342041796,898 کاظمی خیابان، کرج,AB+,,5,2025-11-01
1256,7261992178,بهاره,مرادی,1990-05-19,زن,09387509573,474 اسدی خیابان، شیراز,,,,2025-12-14
1257,9994879952,کاوه,جعفری,1987-06-08,مرد,09318888869,804 احمدی بن‌بست، بندرعباس,A-,,,2026-03-11
1258,9899791490,ریحانه,پارسا,1977-12-29,زن,09142363049,17 میرزایی جاده، یزد,,,1,2026-04-29
1259,0368512258,مبینا,عباسی,1986-06-27,زن,09144506757,739 امینی بن‌بست، رشت,AB-,,1,2025-05-23
1260,5043794100,علی,میرزایی,2010-06-09,مرد,09106660872,222 تحسینی بن‌بست، رشت,,,,2026-08-09
1261,5608008693,محمد,تحسینی,1946-10-02,مرد,09190311444,332 رحیمی بن‌بست، یزد,,,1,2026-02-02
1262,2575847567,بنیامین,اسدی,1985-01-08,مرد,09126465798,304 علوی کوچه، مشهد,O-,لاتکس,,2025-11-13
1263,3595336585,شقایق,صادقی,1995-04-11,زن,09316996453,411 علوی کوچه، همدان,A-,,2,2026-05-01
1264,6304488289,پرنیان,پارسا,1945-02-27,زن,09296130346,896 تحسینی بلوار، اصفهان,O+,,1,2025-12-01
1265,3516937211,سبحان,قربانی,1967-06-13,مرد,09176843187,59 سلطانی بن‌بست، اردبیل,A-,,1,2026-04-23
1266,4536584943,شیرین,هاشمی,1972-01-27,زن,09398747544,274 میرزایی میدان، اصفهان,,آسپرین,,2025-01-13
1267,0685215679,میلاد,جعفری,1981-05-08,مرد,09167451971,704 موسوی جاده، تهران,,,4,2025-07-07
1268,9083469808,سامان,رستمی,1982-07-06,مرد,09274864774,800 نوری جاده، شیراز,A-,لاتکس,,2025-04-28
1269,1650120338,لیلا,رحیمی,1971-02-09,زن,09220339332,541 نوری میدان، تبریز,B+,,,2026-06-02
1270,2489380834,علی,شریفی,2018-03-02,مرد,09225213599,541 عباسی خیابان، بندرعباس,AB+,,3,2025-02-19
1271,8871642236,حامد,تحسینی,1981-09-26,مرد,09393799488,443 قربانی کوچه، اصفهان,A-,,,2026-03-11
1272,2689408384,حسین,ملکی,2006-02-25,مرد,09123679081,35 کاظمی میدان، اهواز,O-,,1,2025-04-09
1273,7430616062,سوگند,رحیمی,1982-08-14,زن,09390521383,81 فتحی جاده، اهواز,AB+,پنی‌سیلین,4,2026-04-16
1274,0665570260,مریم,هاشمی,1997-07-19,زن,09279836520,482 محمدی جاده، یزد,O-,,1,2025-09-10
1275,2182899359,آزاده,حسینی,2016-01-22,زن,09395394068,446 نوری کوچه، همدان,,,3,2025-04-25
1276,9287111189,کیمیا,موسوی,1998-01-19,زن,09280401138,589 پارسا جاده، همدان,,,,2026-02-19
1277,4699339921,نازنین,فرهادی,1980-02-14,زن,09337404576,883 امینی جاده، کرمان,B+,,,2025-03-17
1278,5497109871,مهدی,زارع,2001-03-15,مرد,09325429590,200 علوی میدان، تهران,O-,,,2025-02-07
1279,1018121544,حسین,اسدی,1989-10-17,مرد,09344003946,365 محمدی بن‌بست، اصفهان,O+,,,2026-01-06
1280,5224749042,جواد,یوسفی,1992-06-17,مرد,09220642255,273 امینی بن‌بست، رشت,A+,,1,2025-10-28
1281,4338836652,ماهان,مرادی,1994-04-19,مرد,09143289706,433 مرادی بن‌بست، بندرعباس,A+,,,2025-01-12
1282,2495124771,بهاره,نجفی,1975-01-11,زن,09314985364,514 جعفری جاده، اصفهان,O+,,,2025-09-10
1283,7125282431,سمیرا,دهقان,1966-01-24,زن,09240474415,433 تحسینی خیابان، اردبیل,O-,,3,2025-12-28
1284,7158217760,فاطمه,اسدی,1984-03-19,زن,09305183422,565 عباسی بن‌بست، ساری,B+,,2,2025-07-03
1285,0561041768,پویا,قاسمی,2023-07-03,مرد,09215062031,291 توکلی میدان، اهواز,,,,2025-11-09
1286,3521072193,هانیه,اکبری,2001-12-25,زن,09192870861,19 مرادی میدان، اردبیل,,,2,2026-08-03
1287,8724106860,پویا,نوری,1982-12-19,مرد,09308374229,585 رضایی میدان، اهواز,B-,,,2025-02-09
1288,0140745947,بابک,حسینی,1959-03-25,مرد,09325947375,877 صادقی جاده، شیراز,A+,,5,2025-05-12
1289,8237832078,ایمان,امینی,2003-05-16,مرد,09168232118,639 موسوی خیابان، ساری,,,,2025-05-28
1290,6842558409,سامان,رحیمی,1987-06-11,مرد,09373191598,566 تحسینی میدان، همدان,O+,,5,2026-05-14
1291,7284828625,زهرا,فرهادی,2017-11-19,زن,09124111373,96 سلطانی جاده، بندرعباس,O+,,,2026-06-26
1292,6215267856,زهرا,رستمی,1995-06-15,زن,09238454030,32 علوی بلوار، تهران,B-,,1,2025-10-24
1293,0272407682,مهسا,امینی,1987-09-30,زن,09316915835,362 پارسا خیابان، اصفهان,AB-,,1,2025-09-02
1294,2687266957,سمیرا,علوی,1970-10-15,زن,09390640450,316 قاسمی کوچه، تبریز,O-,,1,2025-02-06
1295,8308664652,مهدی,امینی,1989-05-20,مرد,09182703666,603 مقدم کوچه، اهواز,AB-,,,2025-09-02
1296,8600086515,بهزاد,جعفری,1993-04-09,مرد,09262317873,408 ملکی کوچه، اصفهان,AB-,,4,2026-04-18
1297,2593047331,پرنیان,کاظمی,1979-12-19,زن,09298154664,29 توکلی کوچه، بندرعباس,A+,لاتکس,5,2025-01-23
1298,5481313464,نگار,توکلی,1992-09-03,زن,09132108887,724 جعفری میدان، شیراز,AB-,,,2025-01-04
1299,4280606536,متین,پارسا,2001-12-22,زن,09222144991,77 احمدی بن‌بست، اردبیل,,,3,2026-08-09
1300,1148032894,رها,بیات,1991-12-30,زن,09102352254,134 سعیدی جاده، یزد,AB+,,1,2025-09-07
1301,9483830575,زهرا,رحیمی,1992-02-02,زن,09144551083,876 حسینی کوچه، شیراز,B+,,,2025-06-27
1302,3186064015,آرمان,حسینی,1982-11-21,مرد,09242458712,269 حسینی بن‌بست، اردبیل,AB-,,,2025-07-29
1303,0654096783,کامران,اکبری,1970-09-08,مرد,09307652841,72 ملکی بلوار، تبریز,AB+,,2,2025-01-26
1304,8051282639,ایلیا,توکلی,1990-11-08,مرد,09280601313,28 محمدی بن‌بست، کرج,A+,,,2025-06-26
1305,1268050067,رضا,یزدانی,1974-03-21,مرد,09145760953,571 رضایی خیابان، شیراز,,,,2025-09-13
1306,1315440865,ریحانه,رحیمی,2023-05-11,زن,09128480220,122 سلطانی خیابان، مشهد,B+,,1,2025-07-30
1307,2019662566,سمیرا,ملکی,1974-09-06,زن,09317643289,293 غفاری جاده، یزد,O+,,5,2025-05-25
1308,4118795541,بهاره,سلطانی,1999-10-19,زن,09266536657,67 عباسی بلوار، قم,B+,,,2025-11-30
1309,8861838553,آزاده,بیات,1994-12-27,زن,09399705585,17 احمدی بلوار، قم,AB+,,1,2025-03-06
1310,5037850096,سوگند,قاسمی,2017-11-04,زن,09369059076,183 رستمی بن‌بست، تهران,,,,2025-10-05
1311,7915977008,وحید,فرهادی,1984-12-04,مرد,09268160454,239 جعفری بن‌بست، بندرعباس,,,,2025-03-19
1312,1043153616,یوسف,اسدی,1987-04-13,مرد,09361507865,155 علوی جاده، ساری,,,,2025-11-13
1313,8837517319,حسین,میرزایی,1960-02-11,مرد,09187298357,384 دهقان جاده، اهواز,O-,,2,2026-05-24
1314,4359930852,متین,صادقی,1984-03-16,زن,09297320532,317 فرهادی خیابان، قم,O+,,2,2026-04-01
1315,6614111434,محدثه,فرهادی,2019-01-26,زن,09366068971,468 کاظمی بن‌بست، شیراز,A-,,3,2026-03-07
1316,8843444611,آزاده,رضایی,1982-08-13,زن,09243991100,46 تحسینی بن‌بست، ساری,B-,,2,2026-01-12
1317,9377383080,لیلا,فرهادی,2004-07-25,زن,09237728123,686 صادقی بن‌بست، اهواز,AB-,,3,2026-08-09
1318,4872334108,آرمان,توکلی,2018-07-19,مرد,09243527331,197 بیات جاده، مشهد,AB+,,3,2025-01-28
1319,9901237793,ملیکا,شریفی,1976-02-15,زن,09104141021,650 پارسا بلوار، تبریز,A-,,,2026-05-13
1320,5333862869,پویا,جعفری,1991-03-26,مرد,09233798267,435 سلطانی خیابان، اهواز,AB-,,1,2025-09-18
1321,9228048891,پدرام,عباسی,1981-01-27,مرد,09118121563,22 میرزایی کوچه، بندرعباس,AB-,,1,2025-12-08
1322,4930845920,پریسا,زارع,1996-06-01,زن,09146861266,761 احمدی بلوار، کرمان,,,1,2025-12-16
1323,8538730908,سامان,محمدی,2014-01-01,مرد,09255182346,794 کاظمی خیابان، قم,B-,لیدوکائین,,2025-12-01
1324,8632705644,سعید,رضایی,1978-10-19,مرد,09159520466,642 قاسمی کوچه، مشهد,AB-,آسپرین,1,2026-08-09
1325,1715914351,مهدی,قاسمی,1998-11-05,مرد,09306582118,135 بیات بلوار، بندرعباس,O-,,4,2026-08-09
1326,7892501355,بهزاد,اکبری,1997-02-15,مرد,09386764593,422 غفاری بلوار، شیراز,A+,,4,2026-05-12
1327,5164638916,حسین,تحسینی,1967-04-04,مرد,09252168902,787 شریفی بلوار، کرج,O+,,1,2026-01-14
1328,5132644635,کاوه,رستمی,1977-12-30,مرد,09213860842,509 صادقی جاده، رشت,B+,,1,2025-01-05
1329,9579814562,امیرعباس,سعیدی,2017-03-30,مرد,09289269627,768 محمدی میدان، تهران,A-,,,2026-06-21
1330,1605225185,رها,مرادی,2009-01-09,زن,09385668368,485 مرادی خیابان، بندرعباس,O+,,,2025-12-21
1331,0516256841,وحید,اسدی,2015-07-29,مرد,09244023286,149 صادقی بن‌بست، کرمان,,,,2025-08-01
1332,5767911304,فرشته,علوی,1976-03-02,زن,09352125923,46 نوری جاده، کرمان,O+,,2,2025-07-06
1333,6901083823,سبحان,تحسینی,2023-05-29,مرد,09383145156,341 یزدانی جاده، اردبیل,A-,,5,2025-04-12
1334,0235729711,کامران,شریفی,1993-09-23,مرد,09329931963,47 علوی کوچه، کرمان,A+,,1,2024-12-15
1335,4800553628,مریم,فتحی,2007-03-12,زن,09206017744,780 کریمی میدان، مشهد,B+,,,2025-12-31
1336,3465779231,یلدا,فتحی,1962-11-28,زن,09368519165,153 جعفری بن‌بست، کرج,A-,,1,2025-09-29
1337,4423548437,کامران,نجفی,1991-12-13,مرد,09196675768,576 فرهادی جاده، تبریز,AB+,,5,2025-10-17
1338,6520032697,سوگند,ملکی,1984-05-30,زن,09370171075,310 پارسا میدان، شیراز,O-,,,2025-10-24
1339,5299863799,پرنیان,عباسی,1998-10-21,زن,09380294507,352 میرزایی میدان، کرمان,,,,2025-02-22
1340,6848797456,رها,مقدم,2009-12-17,زن,09234421318,731 علوی بلوار، کرمان,B+,,1,2025-02-18
1341,6478152197,مسعود,اکبری,1976-05-25,مرد,09348859085,193 یزدانی کوچه، اردبیل,AB-,,1,2026-06-27
1342,2525911709,بنیامین,میرزایی,1980-10-05,مرد,09182782136,709 رضایی میدان، شیراز,,,,2025-02-06
1343,3219777678,مجید,احمدی,1989-04-21,مرد,09330294062,578 امینی بلوار، قم,,,5,2025-02-17
1344,8612385091,مهسا,میرزایی,1986-03-12,زن,09204682533,197 بیات میدان، قم,,,3,2025-08-21
1345,2151832910,زهرا,صادقی,1990-06-10,زن,09279868368,433 صادقی میدان، ساری,AB+,آسپرین,1,2025-08-09
1346,2059124166,زینب,اسدی,2007-12-14,زن,09256789905,729 زارع بلوار، یزد,A-,,,2025-10-14
1347,5428602988,هستی,افشار,1963-11-01,زن,09278045652,745 عباسی کوچه، همدان,A-,,5,2026-03-27
1348,3551180989,نازنین,نجفی,1987-01-02,زن,09135971736,628 شریفی جاده، شیراز,AB+,,,2025-08-15
1349,1565292316,حامد,کاظمی,1994-09-13,مرد,09138815063,361 جعفری خیابان، همدان,O+,,,2025-09-21
1350,5982454176,سوگند,بیات,1991-06-16,زن,09375607083,689 میرزایی خیابان، تبریز,O+,,2,2024-12-27
1351,8176577375,کیمیا,هاشمی,1981-10-27,زن,09157030038,644 توکلی خیابان، کرمان,,,1,2026-05-27
1352,4298275132,ایمان,قربانی,1996-06-16,مرد,09282675793,526 زارع بن‌بست، رشت,AB+,,1,2026-01-26
1353,6145386495,میلاد,فتحی,1975-07-01,مرد,09370357219,411 یزدانی کوچه، رشت,O+,آسپرین,,2025-07-02
1354,1651476985,فرشته,سعیدی,1980-01-25,زن,09108792729,478 یوسفی کوچه، اهواز,B-,,2,2025-09-25
1355,3065095378,نرگس,مرادی,2021-04-27,زن,09137451639,865 افشار بلوار، شیراز,,,,2025-09-05
1356,0919882188,نسرین,میرزایی,2003-06-20,زن,09359774569,249 فتحی کوچه، تهران,,,5,2026-03-31
1357,7326239266,حامد,جعفری,1991-02-09,مرد,09296116839,646 رحیمی خیابان، بندرعباس,,,3,2026-06-08
1358,6754455500,غزاله,نجفی,2010-11-08,زن,09354176606,162 یزدانی جاده، کرج,,,4,2026-01-15
1359,5112647302,سامان,دهقان,2018-12-19,مرد,09116449447,786 صادقی خیابان، اهواز,B+,,1,2025-04-09
1360,7525095752,آزاده,عباسی,2009-08-27,زن,09178890101,716 رستمی جاده، بندرعباس,AB-,,2,2025-12-04
1361,3140964145,سارا,قربانی,2001-05-19,زن,09308524178,509 یوسفی بلوار، تهران,O+,,4,2026-01-15
1362,2945701731,امیرعباس,نوری,2010-07-04,مرد,09173211834,299 اسدی خیابان، تبریز,,,,2025-08-26
1363,5972431191,ابوالفضل,احمدی,1969-10-16,مرد,09268542223,282 احمدی بن‌بست، قم,B-,,,2025-07-22
1364,7672967517,بنیامین,اکبری,1990-11-07,مرد,09301166463,877 احمدی میدان، یزد,A-,,,2025-07-12
1365,3115536992,شقایق,سلطانی,1993-12-15,زن,09395559034,189 رضایی میدان، کرمان,,,2,2025-01-16
1366,5988257666,رها,رضایی,2014-11-18,زن,09330131942,300 زارع بلوار، تهران,B+,,,2025-04-02
1367,1137119217,نرگس,دهقان,1980-10-25,زن,09174445176,400 مقدم کوچه، رشت,A+,,1,2025-10-09
1368,4447626535,طاها,زارع,1996-08-03,مرد,09271608766,430 موسوی بلوار، کرمان,,لیدوکائین,1,2026-07-16
1369,4442154732,فرهاد,کریمی,2019-01-26,مرد,09283216407,693 نوری میدان، یزد,B+,,,2025-10-08
1370,7788779792,حامد,یزدانی,2019-08-14,مرد,09396875607,205 افشار کوچه، اصفهان,AB-,,,2026-07-26
1371,0120806355,افسانه,علوی,2010-01-23,زن,09126808847,732 هاشمی میدان، تهران,AB+,,4,2025-05-30
1372,0877201919,نگار,سعیدی,1997-05-10,زن,09195763154,47 نجفی میدان، اردبیل,O+,,1,2025-08-02
1373,3989040901,زینب,فتحی,2021-08-27,زن,09299066598,646 موسوی کوچه، قم,A-,,,2025-07-10
1374,7216111656,سینا,صادقی,1986-10-26,مرد,09123402939,114 اکبری خیابان، تبریز,,,4,2025-07-06
1375,2252260610,معصومه,بیات,2001-11-16,زن,09281240819,184 پارسا خیابان، یزد,O+,,4,2025-07-16
1376,7003418541,بهاره,زارع,1989-07-16,زن,09143783615,10 ملکی میدان، یزد,A-,,4,2026-07-07
1377,1890864862,نرگس,جعفری,1981-06-30,زن,09136518036,508 فتحی بلوار، کرمان,,,1,2025-08-26
1378,5520537399,نازنین,عباسی,1980-02-10,زن,09265628861,438 نوری خیابان، اهواز,,لیدوکائین,3,2025-04-26
1379,6904890861,کیمیا,فرهادی,2014-02-15,زن,09364224205,714 اکبری خیابان، اردبیل,O+,,,2026-01-17
1380,3080839269,پویا,یزدانی,1979-06-17,مرد,09288354033,200 یزدانی میدان، تهران,A+,,2,2025-05-28
1381,8691738308,ملیکا,امینی,2021-12-19,زن,09349974478,79 قربانی بلوار، یزد,AB+,,,2025-09-23
1382,6512895411,ملیکا,مقدم,1988-09-11,زن,09132220938,752 رضایی بن‌بست، شیراز,B+,,,2026-04-11
1383,9685266328,هستی,دهقان,1941-12-28,زن,09384130216,465 اکبری کوچه، شیراز,A+,لاتکس,,2025-10-07
1384,7094810954,اردشیر,تحسینی,2023-08-09,مرد,09175627740,661 کریمی جاده، یزد,,لیدوکائین,,2026-04-11
1385,3002756751,ابوالفضل,نجفی,2021-01-04,مرد,09165505672,223 توکلی جاده، اهواز,,,,2026-05-31
1386,0845423797,زینب,احمدی,1991-08-13,زن,09124255837,864 فتحی میدان، قم,A-,,,2025-12-02
1387,7180114588,سمیرا,قاسمی,2008-11-16,زن,09242650921,794 رستمی بن‌بست، مشهد,,,1,2026-05-12
1388,3719552284,پویا,غفاری,2001-02-11,مرد,09322526054,556 نجفی کوچه، رشت,A+,,,2026-01-03
1389,5222363562,آرش,کریمی,1983-10-01,مرد,09341961041,555 جعفری خیابان، تهران,B-,,2,2025-09-15
1390,3546479556,سامان,احمدی,2021-06-11,مرد,09259197505,46 مرادی میدان، تبریز,O+,,,2025-01-22
1391,1962039714,معصومه,قاسمی,1997-11-06,زن,09141307505,698 غفاری جاده، قم,AB+,,1,2025-07-09
1392,3471248587,جواد,بیات,1949-03-03,مرد,09312142223,213 ملکی کوچه، تهران,,,2,2026-03-29
1393,7630568312,محمد,قاسمی,1980-01-28,مرد,09179642202,446 محمدی جاده، تهران,,,4,2025-07-23
1394,7598641341,هانیه,غفاری,2009-02-16,زن,09368295780,443 قربانی میدان، اردبیل,AB-,,1,2025-09-13
1395,4188670061,جواد,قاسمی,2011-08-21,مرد,09133669901,746 محمدی کوچه، یزد,O-,,,2025-11-18
1396,3399812477,مبینا,صادقی,2015-01-15,زن,09366130583,72 نوری بلوار، شیراز,O-,لاتکس,1,2025-10-04
1397,6225537406,مبینا,کاظمی,1977-08-09,زن,09138717396,486 فرهادی بلوار، یزد,AB+,,,2025-10-21
1398,0120998475,یوسف,یزدانی,2001-04-17,مرد,09137957637,763 احمدی بلوار، اهواز,B+,,,2026-01-04
1399,3692647026,یلدا,اسدی,1989-02-05,زن,09352915793,399 اکبری بلوار، اهواز,O-,,3,2025-01-12
1400,5746733679,بابک,فرهادی,1953-12-16,مرد,09380038959,704 اسدی میدان، اهواز,B+,,1,2025-11-08
1401,7286998862,نرگس,فتحی,2018-12-01,زن,09324809093,854 مقدم کوچه، همدان,,,2,2026-08-09
1402,2029198765,ایلیا,حسینی,2004-09-30,مرد,09207376630,448 پارسا بن‌بست، یزد,O-,,1,2026-05-01
1403,7417291570,پدرام,اکبری,1990-09-01,مرد,09359658731,89 اسدی بن‌بست، شیراز,AB-,,,2026-01-08
1404,7928930285,پریسا,موسوی,1982-03-27,زن,09217162784,515 اکبری خیابان، مشهد,,,3,2025-11-18
1405,7297462578,هستی,ملکی,1994-04-09,زن,09141505180,788 تحسینی کوچه، قم,,,4,2026-06-12
1406,1923270176,بهزاد,شریفی,1998-04-27,مرد,09265422739,241 مقدم خیابان، قم,,,4,2025-09-10
1407,0340049936,اردشیر,یزدانی,1983-11-04,مرد,09264535786,17 غفاری کوچه، کرمان,B+,,5,2024-12-31
1408,3019957702,آرش,سعیدی,2000-05-31,مرد,09182620555,89 قاسمی خیابان، تهران,A-,,1,2026-02-27
1409,3153348421,محدثه,فرهادی,2021-09-14,زن,09247298688,358 رستمی میدان، اهواز,,,1,2025-11-16
1410,7521091401,هانیه,اکبری,1999-08-19,زن,09222629828,367 دهقان خیابان، تبریز,B+,,1,2025-10-26
1411,6366113742,ابوالفضل,هاشمی,1989-01-19,مرد,09291953314,686 مرادی بلوار، کرج,B+,,1,2026-03-18
1412,4750476013,مهدی,شریفی,1944-09-29,مرد,09182868959,266 توکلی بلوار، رشت,,,,2025-02-17
1413,9647831668,نسرین,حسینی,2015-11-17,زن,09117206782,732 افشار بلوار، یزد,,,,2025-02-18
1414,6432556546,نیما,نوری,2012-07-03,مرد,09161487418,446 هاشمی میدان، شیراز,,,3,2025-11-16
1415,7174968627,وحید,نجفی,1986-12-01,مرد,09187232644,436 سلطانی خیابان، همدان,,,1,2025-07-23
1416,7709323421,غزاله,یزدانی,1985-12-02,زن,09131340531,242 زارع میدان، تهران,A+,,,2025-12-23
1417,2999879822,رها,غفاری,2021-10-17,زن,09103329999,27 نوری کوچه، یزد,O-,لاتکس,1,2025-07-27
1418,9587598482,مهسا,سلطانی,1981-04-10,زن,09309794882,88 امینی بن‌بست، تبریز,,,,2026-01-25
1419,0336213042,سعید,رضایی,1964-04-03,مرد,09112051893,261 سلطانی بلوار، اصفهان,O+,,,2025-07-23
1420,0547636253,یلدا,موسوی,1978-12-28,زن,09229582873,493 محمدی خیابان، اردبیل,B-,,5,2026-07-18
1421,8456211273,بهاره,فتحی,1979-01-21,زن,09279923177,2 ملکی کوچه، مشهد,,,4,2025-08-12
1422,4854010371,سمانه,ملکی,1997-06-25,زن,09388958389,671 غفاری کوچه، یزد,AB+,,,2025-10-16
1423,3372217217,شقایق,احمدی,1962-11-10,زن,09212737916,202 حسینی خیابان، همدان,A+,,2,2025-01-02
1424,7542659911,معصومه,میرزایی,1964-12-06,زن,09383198380,521 افشار بن‌بست، شیراز,B+,,,2025-07-25
1425,9047084403,مریم,جعفری,1991-03-24,زن,09171618523,295 سعیدی خیابان، کرمان,,,4,2026-07-13
1426,7724771911,نیایش,میرزایی,2021-01-01,زن,09123010306,509 بیات خیابان، ساری,B-,,,2026-03-28
1427,7446919930,دلارام,صادقی,1987-02-03,زن,09201849864,436 ملکی خیابان، تبریز,,,,2026-04-06
1428,0115978593,نگار,توکلی,2012-03-05,زن,09393453837,343 اکبری بلوار، بندرعباس,AB-,,1,2025-06-05
1429,2995308545,مبینا,نجفی,1996-06-12,زن,09257141283,899 هاشمی کوچه، رشت,O-,,1,2025-12-15
1430,1898108031,غزاله,کریمی,2018-01-15,زن,09223136297,824 سعیدی بن‌بست، همدان,B-,,3,2025-09-24
1431,6844276915,زهرا,حسینی,1980-02-21,زن,09217150815,58 فرهادی کوچه، رشت,,,3,2025-06-12
1432,4092278586,متین,قاسمی,1985-12-22,زن,09227288268,624 دهقان میدان، مشهد,A+,,,2026-04-29
1433,8386876662,فرهاد,یوسفی,1990-07-20,مرد,09252968227,374 کاظمی بلوار، شیراز,O-,,,2025-05-18
1434,5966184100,زینب,کریمی,2020-08-05,زن,09320926673,360 جعفری کوچه، اردبیل,A+,,,2025-05-29
1435,4421113931,سمیرا,کاظمی,2012-06-08,زن,09228869773,166 قاسمی خیابان، بندرعباس,,,2,2025-02-15
1436,9515257360,آزاده,افشار,1989-12-29,زن,09155299462,423 احمدی میدان، کرج,B-,,,2025-06-29
1437,0667761004,آزاده,مرادی,1985-05-06,زن,09314563790,306 هاشمی جاده، اردبیل,A+,,1,2025-01-24
1438,7363463360,یلدا,کاظمی,1993-11-14,زن,09192742503,126 موسوی خیابان، اصفهان,A-,,,2025-09-26
1439,0154272337,زهرا,احمدی,1989-04-01,زن,09255671968,34 غفاری میدان، کرج,,,1,2026-03-31
1440,7871510215,هستی,اکبری,1988-01-23,زن,09102476894,555 قربانی بن‌بست، همدان,,,,2025-07-31
1441,8706839991,پرنیان,پارسا,1997-12-26,زن,09362229719,690 فتحی بلوار، اردبیل,AB+,,4,2025-12-08
1442,1618306456,یلدا,امینی,2011-02-15,زن,09397969472,639 فرهادی بلوار، اهواز,B-,,,2025-08-04
1443,0636860477,پریسا,رحیمی,2014-12-27,زن,09192644083,356 کاظمی بن‌بست، کرمان,AB+,لیدوکائین,1,2025-04-10
1444,5550354934,نازنین,بیات,1980-09-19,زن,09181719466,753 عباسی بلوار، بندرعباس,,,,2026-03-01
1445,9797184498,وحید,تحسینی,1978-08-29,مرد,09329170914,5 محمدی بلوار، بندرعباس,AB-,,1,2025-06-19
1446,7753417177,الهام,شریفی,2022-10-17,زن,09202086103,885 قاسمی بن‌بست، کرج,AB+,,1,2026-02-18
1447,7103592926,سمانه,اکبری,2017-03-02,زن,09380254005,529 زارع بن‌بست، اصفهان,AB-,,3,2025-10-26
1448,7913571535,بنیامین,زارع,1996-01-07,مرد,09376537819,885 کاظمی کوچه، یزد,O-,,,2026-04-09
1449,6699919458,اردشیر,جعفری,1981-04-16,مرد,09380440002,11 فرهادی کوچه، ساری,A-,,1,2026-03-15
1450,0713553685,رها,قربانی,1982-02-21,زن,09352321278,825 تحسینی بلوار، اهواز,AB-,,,2025-05-20
1451,0127565779,بهاره,امینی,1992-06-14,زن,09306579670,339 بیات بن‌بست، اصفهان,B-,,5,2026-04-06
1452,7413401177,ایمان,پارسا,1976-01-08,مرد,09223243383,362 میرزایی کوچه، یزد,AB-,,,2026-08-09
1453,2938172206,سینا,تحسینی,1971-06-27,مرد,09116231390,567 شریفی میدان، کرج,A+,,,2026-06-30
1454,3991903989,ریحانه,یزدانی,1992-12-17,زن,09395985662,213 تحسینی میدان، اهواز,O-,,2,2025-01-05
1455,1827079312,لیلا,دهقان,1977-09-30,زن,09296466325,351 یوسفی جاده، یزد,O+,,,2026-01-22
1456,1475145497,نسرین,اسدی,1993-02-02,زن,09223571059,657 یزدانی بن‌بست، یزد,B-,,4,2026-01-04
1457,2956253646,اردشیر,محمدی,1984-08-13,مرد,09200451261,729 کریمی کوچه، کرمان,B-,,1,2025-08-14
1458,7259857064,پویا,اکبری,2012-10-18,مرد,09362381888,460 نوری خیابان، کرمان,O+,,2,2026-04-01
1459,2249102546,سامان,افشار,1984-09-17,مرد,09149224330,599 ملکی خیابان، کرمان,,,2,2026-01-24
1460,3247979557,جواد,مرادی,2006-02-22,مرد,09288950093,851 قاسمی جاده، قم,A-,,3,2025-02-11
1461,8212795160,آرمان,هاشمی,1984-06-05,مرد,09397342759,327 مقدم میدان، مشهد,B-,,1,2026-05-15
1462,0978058933,آرش,کریمی,1992-06-11,مرد,09341959400,829 بیات خیابان، اصفهان,B-,,1,2025-02-21
1463,6145475048,بنیامین,نجفی,1980-05-20,مرد,09202170733,47 سعیدی بن‌بست، بندرعباس,O+,,1,2026-03-26
1464,1743859856,مسعود,افشار,1990-03-05,مرد,09112750535,270 نجفی بلوار، تهران,B-,,1,2025-09-13
1465,0367165538,کامران,شریفی,1972-07-11,مرد,09258697639,519 علوی خیابان، مشهد,,,,2026-08-09
1466,6992722522,کاوه,ملکی,2015-12-22,مرد,09220616328,805 رحیمی خیابان، ساری,A+,,,2025-06-30
1467,3569504417,نسرین,احمدی,1968-01-06,زن,09301131375,11 امینی بن‌بست، همدان,O-,,1,2025-04-05
1468,8065287530,کامران,صادقی,1969-06-09,مرد,09234668144,120 رضایی کوچه، اردبیل,,,3,2025-08-11
1469,7459390682,بهرام,نوری,1992-07-03,مرد,09122209172,301 نوری بلوار، اصفهان,A+,,,2025-05-30
1470,7845672572,رها,قاسمی,2020-08-02,زن,09304763154,361 پارسا جاده، همدان,,,1,2025-09-29
1471,2953143068,نیما,تحسینی,1989-12-27,مرد,09370372740,541 قربانی جاده، تبریز,B-,,1,2025-11-06
1472,3009251009,سمانه,یوسفی,2015-08-24,زن,09164927058,235 نوری میدان، اصفهان,O-,,1,2025-12-11
1473,4151492976,زینب,نجفی,1961-01-18,زن,09159143780,717 تحسینی جاده، کرج,,,3,2025-10-05
1474,8118812634,میلاد,شریفی,2004-09-21,مرد,09132329137,20 امینی بلوار، یزد,B-,,,2026-04-12
1475,7787382368,آزاده,مقدم,1994-10-24,زن,09204555304,818 جعفری کوچه، اهواز,,,,2026-06-05
1476,7033205872,محدثه,امینی,1986-11-18,زن,09292642580,264 مرادی بن‌بست، رشت,B+,,5,2025-05-20
1477,5426220409,علی,زارع,1982-12-30,مرد,09334369313,868 توکلی بلوار، رشت,,,2,2025-12-18
1478,5854317176,ایمان,افشار,1978-12-05,مرد,09256448940,560 قربانی بن‌بست، قم,AB-,,2,2025-12-31
1479,3815409993,نگار,توکلی,1971-12-01,زن,09280145248,155 جعفری بلوار، اهواز,AB-,,3,2025-05-11
1480,5395555927,نرگس,کاظمی,2005-08-12,زن,09133627460,11 موسوی بلوار، اهواز,B-,,,2026-04-15
1481,0806285842,شیرین,اکبری,2004-07-13,زن,09262448156,757 محمدی خیابان، اصفهان,A+,,2,2025-10-15
1482,6776096902,علی,ملکی,1977-11-06,مرد,09235804674,176 سعیدی بن‌بست، مشهد,AB+,,3,2025-10-31
1483,1018041923,لیلا,امینی,1979-01-30,زن,09287988992,845 سلطانی جاده، بندرعباس,AB+,,4,2025-01-06
1484,8619989774,اردشیر,رستمی,2021-04-26,مرد,09366656698,811 نجفی خیابان، قم,A+,,1,2026-08-09
1485,3499072221,هستی,فرهادی,2011-12-20,زن,09380125608,680 کریمی کوچه، شیراز,O+,,2,2026-01-01
1486,1347325980,نسرین,نجفی,1983-08-14,زن,09149531305,391 علوی بن‌بست، قم,B-,,,2025-08-29
1487,9013866141,سامان,رحیمی,1984-08-08,مرد,09359303221,873 یزدانی کوچه، ساری,O+,,,2025-05-20
1488,2056780712,یلدا,کریمی,1976-11-06,زن,09183366244,289 عباسی بن‌بست، مشهد,B+,,,2025-06-15
1489,2510811762,یلدا,زارع,1970-11-11,زن,09262513767,137 عباسی میدان، اصفهان,O+,,,2025-06-22
1490,3193925500,ترانه,ملکی,1999-07-26,زن,09169386608,894 مرادی جاده، کرمان,AB+,,,2025-09-04
1491,9980967544,نازنین,یزدانی,1987-11-02,زن,09343633334,84 اسدی میدان، یزد,B+,,3,2026-06-12
1492,4531861116,امیرعباس,افشار,1994-05-13,مرد,09101065081,287 شریفی بن‌بست، تهران,B-,,1,2026-04-04
1493,1262138604,پویا,غفاری,1986-03-14,مرد,09344785324,560 صادقی جاده، کرج,A+,,,2025-09-23
1494,3136206185,سامان,توکلی,1957-05-28,مرد,09345971234,741 رحیمی بلوار، اردبیل,AB+,,2,2025-09-27
1495,4715220040,پریسا,هاشمی,2013-08-17,زن,09243412187,584 ملکی بن‌بست، مشهد,,,1,2025-11-13
1496,5471788869,مهدی,احمدی,2017-09-18,مرد,09297714138,122 قاسمی خیابان، اهواز,,,1,2025-05-05
1497,4503598457,پدرام,صادقی,1993-09-15,مرد,09377465122,831 تحسینی کوچه، رشت,AB-,,,2025-06-18
1498,2463206421,غزاله,صادقی,1995-12-21,زن,09340029560,722 احمدی بن‌بست، کرمان,O+,,1,2025-02-14
1499,3088269941,ریحانه,سعیدی,2011-09-01,زن,09227289976,788 نجفی جاده، اهواز,O+,,5,2026-06-19
1500,6601830674,نیما,قربانی,2009-02-25,مرد,09362634708,107 اسدی کوچه، یزد,A+,,,2026-08-05
1501,7897629198,بهاره,رحیمی,1985-11-21,زن,09182636657,852 سلطانی بن‌بست، رشت,A+,,4,2026-08-09
1502,9763116678,زینب,عباسی,2016-10-30,زن,09155492940,764 تحسینی بن‌بست، اردبیل,AB-,,,2025-07-08
1503,6586268737,زهرا,صادقی,1984-06-21,زن,09256087274,235 زارع بن‌بست، کرمان,,,2,2026-08-09
1504,2359306091,امیرعباس,قربانی,1991-03-28,مرد,09128686313,327 رستمی بن‌بست، شیراز,A-,,2,2026-04-14
1505,7052541440,امیرعباس,کاظمی,1990-10-13,مرد,09328828784,338 نوری بلوار، قم,O+,,,2025-09-02
1506,6242436612,سمانه,کاظمی,1999-08-07,زن,09380520994,235 یزدانی خیابان، کرج,,,1,2025-06-07
1507,6171016691,یوسف,کاظمی,1980-04-04,مرد,09387059111,653 زارع میدان، کرمان,AB-,,1,2024-12-11
1508,9216702461,سارا,موسوی,2012-03-17,زن,09132133335,476 حسینی خیابان، اصفهان,O-,,,2025-05-08
1509,4682006134,مرتضی,جعفری,2017-05-25,مرد,09276188042,412 یوسفی میدان، رشت,A-,,3,2026-08-09
1510,7055113229,یوسف,سعیدی,1992-07-30,مرد,09235577801,879 غفاری جاده، همدان,,,,2025-09-09
1511,7611552473,سامان,هاشمی,2011-08-06,مرد,09170600507,144 جعفری کوچه، مشهد,AB+,,2,2025-04-01
1512,5249794351,مبینا,تحسینی,1968-08-23,زن,09288855853,99 امینی خیابان، شیراز,B+,,,2025-08-21
1513,6958116615,سبحان,پارسا,1964-02-04,مرد,09267740828,107 فرهادی میدان، بندرعباس,AB+,,,2025-09-21
1514,7322577299,نیایش,تحسینی,1983-03-23,زن,09250684399,108 امینی بلوار، همدان,AB-,,1,2026-06-27
1515,8275186331,سعید,محمدی,1986-07-25,مرد,09151491833,269 زارع میدان، قم,,,,2025-02-21
1516,3265235459,مهسا,غفاری,1975-11-18,زن,09182726472,183 یوسفی بلوار، اصفهان,O-,,1,2025-10-23
1517,8395325721,غزاله,میرزایی,2019-01-18,زن,09177910859,127 عباسی کوچه، کرمان,,,3,2025-10-03
1518,9320843694,فرهاد,کریمی,1994-06-03,مرد,09128515257,295 تحسینی خیابان، کرمان,O+,,2,2025-04-30
1519,7053799425,نیما,احمدی,1995-07-06,مرد,09128195768,172 محمدی بن‌بست، ساری,A-,,,2025-05-11
1520,7700116024,مریم,توکلی,2009-06-10,زن,09122075540,730 یزدانی کوچه، ساری,AB+,پنی‌سیلین,,2025-04-13
1521,6772069137,آرمان,پارسا,2010-11-02,مرد,09138812785,492 کریمی بن‌بست، رشت,,,4,2026-04-30
1522,3976169226,علی,احمدی,1994-10-15,مرد,09226148241,644 پارسا جاده، مشهد,O+,,1,2025-07-03
1523,9946003163,سمیرا,مرادی,2013-07-07,زن,09398205297,780 احمدی کوچه، کرج,O-,پنی‌سیلین,,2025-10-25
1524,6587827071,طاها,نوری,2009-07-13,مرد,09238207396,807 حسینی خیابان، کرج,A+,,,2025-03-18
1525,0605732930,شهاب,موسوی,1981-04-06,مرد,09180571475,543 مرادی بلوار، اهواز,,آسپرین,,2025-05-09
1526,4499767733,حامد,علوی,1968-08-21,مرد,09332929052,102 یزدانی بن‌بست، تهران,,,,2025-01-12
1527,4309165699,هستی,دهقان,1987-01-28,زن,09265152772,620 حسینی بلوار، اردبیل,AB+,,,2026-06-18
1528,7157730200,سمیرا,سعیدی,1981-10-29,زن,09399208687,300 دهقان میدان، قم,O+,,,2026-03-27
1529,4695063166,ریحانه,فرهادی,1994-05-08,زن,09263357560,812 بیات بلوار، قم,O-,,1,2025-07-13
1530,8117401568,یاسر,فتحی,1981-12-17,مرد,09176579658,808 رحیمی بلوار، یزد,A-,,3,2026-05-27
1531,8366039031,بهرام,رحیمی,1973-11-27,مرد,09140826163,83 علوی میدان، اهواز,B-,,5,2025-03-24
1532,9104413830,مبینا,هاشمی,1986-12-15,زن,09159129459,836 یزدانی بلوار، کرمان,,,,2025-09-18
1533,0543881377,محدثه,اسدی,1988-07-19,زن,09375052254,123 ملکی میدان، همدان,B+,,1,2025-12-09
1534,0106810413,سبحان,اکبری,1954-07-11,مرد,09160085335,363 جعفری کوچه، اردبیل,,,,2026-08-09
1535,2003757902,مرتضی,رستمی,1986-06-19,مرد,09201380197,411 قربانی بن‌بست، یزد,A+,,3,2025-01-15
1536,1158712456,شیرین,یوسفی,2011-11-26,زن,09193661459,837 رضایی بلوار، ساری,A+,,2,2025-06-06
1537,3169184512,نسرین,اکبری,1997-12-29,زن,09272506074,419 اکبری بن‌بست، یزد,A-,,4,2025-09-29
1538,2811142584,نازنین,توکلی,2016-04-16,زن,09319013743,576 پارسا میدان، قم,A-,,2,2025-12-03
1539,4501399430,حسین,فتحی,1991-07-29,مرد,09106195340,356 کریمی کوچه، مشهد,A-,,4,2025-09-25
1540,6884832762,پویا,مرادی,1975-10-15,مرد,09297523654,675 نجفی بلوار، شیراز,AB-,,4,2026-03-18
1541,0604964005,بهزاد,رضایی,1983-05-28,مرد,09109651179,97 ملکی خیابان، همدان,AB+,پنی‌سیلین,,2025-05-29
1542,2433845793,اردشیر,قربانی,2014-10-15,مرد,09360608987,562 نوری بن‌بست، اهواز,A-,,,2026-08-09
1543,6233409160,سعید,زارع,1995-11-04,مرد,09256935872,644 کریمی کوچه، قم,,,,2026-08-09
1544,3710338875,سمیرا,کاظمی,2014-11-04,زن,09122654553,568 پارسا جاده، اصفهان,AB-,,1,2025-11-10
1545,3563861201,آناهیتا,صادقی,1982-04-25,زن,09273137589,345 حسینی میدان، اهواز,,,2,2025-01-27
1546,7930013529,سینا,یزدانی,2018-05-15,مرد,09251101044,683 فتحی کوچه، همدان,,,,2025-06-19
1547,3564861051,پدرام,محمدی,1989-10-05,مرد,09155919704,334 احمدی میدان، کرمان,B-,,2,2026-01-08
1548,9139317692,نرگس,ملکی,1988-10-24,زن,09375953415,9 تحسینی میدان، یزد,O-,,,2025-12-05
1549,3922634052,معصومه,میرزایی,1991-11-02,زن,09254337671,6 افشار بلوار، قم,,,2,2025-09-26
1550,9526387694,کیمیا,توکلی,1989-01-15,زن,09113989682,416 بیات خیابان، تبریز,B+,,4,2026-02-07
1551,2403933074,دلارام,نجفی,2009-05-02,زن,09344856258,475 کریمی خیابان، ساری,O+,,4,2025-08-15
1552,7589770401,نیما,رضایی,1989-03-03,مرد,09178443063,578 جعفری بلوار، بندرعباس,O-,,4,2025-12-21
1553,3385981816,معصومه,مرادی,1980-06-16,زن,09318853010,158 یزدانی جاده، شیراز,AB-,,,2025-07-05
1554,0809806274,لیلا,عباسی,2011-11-01,زن,09354664250,365 سلطانی بلوار، رشت,,,5,2025-11-22
1555,0145377539,لیلا,احمدی,1987-11-21,زن,09233763055,272 فرهادی بلوار، اردبیل,O-,,,2025-03-21
1556,6899326345,سعید,رضایی,1972-04-14,مرد,09158114023,809 کریمی جاده، ساری,O-,,,2025-08-15
1557,5259039335,مریم,پارسا,1999-09-27,زن,09329725570,317 سعیدی میدان، کرمان,A+,,2,2025-06-28
1558,0463542762,رضا,افشار,2021-04-11,مرد,09228129345,227 قربانی بن‌بست، اهواز,,,,2026-02-03
1559,1114222356,شیرین,مرادی,1999-03-28,زن,09194242618,835 کاظمی میدان، اصفهان,,لاتکس,,2025-04-29
1560,7410277531,آناهیتا,مرادی,2009-12-24,زن,09361450989,352 تحسینی جاده، همدان,O-,,,2025-07-21
1561,1819061833,بهرام,جعفری,1993-01-06,مرد,09303714378,182 دهقان میدان، کرمان,AB+,,,2025-08-04
1562,5979526145,حسین,فرهادی,1982-11-11,مرد,09191902049,584 رضایی کوچه، قم,,,2,2026-04-07
1563,8085603209,محدثه,جعفری,2019-12-14,زن,09192635565,219 رضایی بلوار، رشت,A-,,,2026-08-09
1564,4934640479,نگار,رستمی,1982-10-13,زن,09302776337,888 تحسینی بن‌بست، رشت,AB+,,5,2026-02-25
1565,1153645033,کیمیا,غفاری,1992-02-29,زن,09395251658,451 فتحی خیابان، ساری,AB-,,,2026-02-17
1566,7369644669,ترانه,مقدم,1975-01-05,زن,09347594493,284 فتحی جاده، تبریز,A+,,,2025-11-08
1567,9071636984,سامان,شریفی,1993-02-14,مرد,09378206638,587 شریفی کوچه، رشت,A+,,2,2026-07-19
1568,8676924007,ترانه,مرادی,2017-05-04,زن,09300602872,256 زارع خیابان، ساری,A+,,4,2025-03-07
1569,1732490392,مهسا,محمدی,2018-12-27,زن,09359561540,810 جعفری خیابان، تبریز,B+,,1,2026-01-17
1570,1060081822,مهسا,نجفی,1988-08-25,زن,09305001700,170 فرهادی کوچه، یزد,AB-,,1,2026-08-09
1571,7403282337,میلاد,غفاری,2009-11-01,مرد,09174228347,482 توکلی خیابان، یزد,,لاتکس,4,2025-08-04
1572,5199146297,سمیرا,دهقان,1979-07-20,زن,09322890250,209 ملکی خیابان، کرمان,,,1,2026-05-27
1573,2566076758,معصومه,حسینی,1971-10-20,زن,09353610047,510 بیات بلوار، کرمان,O-,,,2026-05-04
1574,0048797863,ملیکا,فرهادی,1970-08-25,زن,09127803675,74 عباسی کوچه، کرمان,O-,,1,2025-03-30
1575,2610165064,سارا,رضایی,2021-01-14,زن,09258502840,287 قربانی بن‌بست، تبریز,,,,2025-08-21
1576,7540671556,ترانه,ملکی,1993-01-31,زن,09132884973,580 توکلی جاده، رشت,AB+,,,2024-12-12
1577,4829423331,هادی,کاظمی,2001-12-14,مرد,09234344400,268 تحسینی کوچه، ساری,AB+,,1,2025-03-22
1578,8674905943,سینا,سلطانی,1988-01-30,مرد,09272693993,12 رضایی جاده، اصفهان,O-,,,2026-03-20
1579,5599234185,ایمان,علوی,2016-01-23,مرد,09192897649,699 صادقی بلوار، کرج,B+,,3,2026-06-07
1580,4853482520,نیما,مقدم,2013-05-28,مرد,09104654963,754 پارسا جاده، تهران,O+,,1,2025-07-09
1581,7818863036,سمانه,مرادی,2013-05-31,زن,09259319273,651 رحیمی بلوار، ساری,,,1,2025-08-31
1582,7709749895,ملیکا,هاشمی,2015-09-06,زن,09379916423,132 نوری بلوار، قم,O-,,,2025-08-08
1583,2927774005,یاسر,امینی,1991-07-21,مرد,09358435958,95 فتحی خیابان، همدان,AB+,,,2025-03-23
1584,1365919714,شهاب,مرادی,1984-05-25,مرد,09208890012,552 صادقی میدان، همدان,,,,2026-03-15
1585,6674114278,مجید,یوسفی,2013-01-18,مرد,09103516906,379 محمدی خیابان، تبریز,A-,,1,2025-09-21
1586,8305523853,هادی,رحیمی,1981-12-14,مرد,09103561917,381 فتحی بلوار، رشت,B-,,,2025-03-08
1587,9734803603,آرمان,یزدانی,1962-09-18,مرد,09123240258,685 اکبری کوچه، شیراز,A-,,,2025-06-21
1588,2430808099,علی,افشار,2019-09-01,مرد,09149860331,899 نوری بلوار، تهران,O+,,1,2025-10-31
1589,8214623421,محدثه,نجفی,1967-10-14,زن,09373303439,65 اسدی بن‌بست، ساری,B-,لاتکس,2,2025-10-27
1590,1865978401,زهرا,سعیدی,2013-06-27,زن,09118097564,573 یوسفی جاده، قم,,,4,2025-05-10
1591,9244827670,محمد,شریفی,1986-12-25,مرد,09290408361,345 ملکی کوچه، یزد,A+,,3,2025-05-13
1592,0932209440,سعید,شریفی,2017-08-12,مرد,09395902327,386 مرادی بلوار، کرمان,,,1,2026-02-02
1593,6794706709,امیر,هاشمی,1990-04-11,مرد,09371431822,202 زارع بن‌بست، اصفهان,B-,,4,2025-05-05
1594,6464548905,بنیامین,صادقی,1982-02-11,مرد,09192428277,885 پارسا بلوار، تبریز,A-,,,2026-02-26
1595,0032518226,بهزاد,اکبری,1972-04-15,مرد,09339279385,426 سلطانی جاده، اردبیل,,,,2026-06-03
1596,7657031298,مریم,قربانی,1979-10-07,زن,09224661018,501 ملکی جاده، اردبیل,O+,,2,2026-04-16
1597,5944695781,لیلا,پارسا,2004-06-27,زن,09358348236,56 پارسا کوچه، رشت,A-,,,2025-06-11
1598,5682585399,غزاله,نجفی,1990-07-21,زن,09218482884,410 دهقان کوچه، اصفهان,AB+,,1,2025-07-30
1599,6918996721,ابوالفضل,اسدی,1994-10-19,مرد,09133211421,846 موسوی خیابان، شیراز,B-,,1,2026-07-14
1600,8845839044,وحید,محمدی,1989-12-16,مرد,09368684915,555 نوری بن‌بست، ساری,AB-,,1,2026-04-22
1601,7935393419,سمیرا,موسوی,1990-07-12,زن,09269780623,670 صادقی بلوار، تبریز,AB-,,2,2026-01-19
1602,2526035414,امیر,ملکی,1981-01-01,مرد,09374850019,122 صادقی خیابان، رشت,,,1,2025-02-14
1603,8595233896,شقایق,میرزایی,2005-03-17,زن,09127104552,38 کریمی کوچه، یزد,,,1,2025-12-01
1604,0261086170,یوسف,رستمی,2018-07-23,مرد,09230609640,833 موسوی کوچه، کرمان,,,,2026-08-02
1605,6698577227,کامران,سلطانی,2018-09-25,مرد,09286270914,118 یوسفی میدان، قم,AB+,,5,2025-09-11
1606,9191538361,آرمان,نوری,1976-11-07,مرد,09204842660,777 موسوی جاده، قم,O-,,1,2025-03-05
1607,0876540744,وحید,زارع,2015-11-26,مرد,09178080092,540 امینی کوچه، تهران,,,1,2025-06-24
1608,8291674280,علی,غفاری,2022-11-10,مرد,09181196116,849 کاظمی میدان، قم,B-,,1,2025-04-04
1609,6522712342,ملیکا,یوسفی,1977-03-11,زن,09324558531,834 میرزایی بلوار، تبریز,O+,,2,2025-03-16
1610,6589102384,ریحانه,رستمی,2012-09-18,زن,09188465183,851 قربانی بلوار، یزد,A+,,,2025-08-31
1611,9516004334,سبحان,نوری,1987-12-05,مرد,09226939429,567 فرهادی بن‌بست، رشت,A+,,1,2025-07-12
1612,7456350639,سامان,حسینی,2016-03-17,مرد,09119454584,853 اکبری جاده، یزد,A-,,3,2025-09-10
1613,8604391126,سوگند,امینی,1993-01-05,زن,09164552426,703 زارع میدان، شیراز,,,1,2026-01-19
1614,4486551753,مبینا,عباسی,1975-07-11,زن,09119112933,185 یوسفی بلوار، اصفهان,,,5,2025-06-13
1615,1121624138,شیرین,بیات,1987-11-30,زن,09122898805,465 غفاری بلوار، اهواز,A-,,3,2026-08-09
1616,7858634437,سوگند,قربانی,2021-03-29,زن,09211710818,704 پارسا جاده، کرج,B+,,2,2025-08-18
1617,1307693970,سمیرا,امینی,1986-07-22,زن,09144231077,859 زارع جاده، بندرعباس,A+,,,2026-04-05
1618,5819834291,الهام,سعیدی,2009-12-06,زن,09366242050,274 نجفی میدان، کرمان,,,,2025-06-25
1619,1450015301,آناهیتا,مقدم,1990-05-29,زن,09124279086,858 قاسمی بن‌بست، قم,,,,2025-01-13
1620,6591442405,پویا,مرادی,2016-06-30,مرد,09356548159,831 احمدی جاده، همدان,,,2,2026-03-08
1621,0680398953,ملیکا,سلطانی,1989-04-01,زن,09363985526,471 زارع میدان، اصفهان,,,4,2025-12-24
1622,7281726910,یاسر,رضایی,1986-07-09,مرد,09360489177,74 اکبری خیابان، کرج,,,1,2025-11-22
1623,3952745936,شهاب,سلطانی,2016-11-04,مرد,09124496611,391 پارسا کوچه، مشهد,AB-,,,2024-12-25
1624,9289002867,یاسر,رستمی,1987-01-06,مرد,09269598558,67 صادقی بلوار، تهران,B-,,2,2026-06-01
1625,3699281612,امیر,مقدم,1995-06-05,مرد,09303221941,872 افشار کوچه، شیراز,A-,,,2026-04-08
1626,6445576079,افسانه,تحسینی,1991-05-12,زن,09342782411,267 اسدی بن‌بست، مشهد,O+,,2,2025-01-04
1627,5352808742,یوسف,افشار,1982-06-12,مرد,09398500253,37 رضایی میدان، اصفهان,AB+,,3,2025-10-11
1628,7956296994,فرهاد,غفاری,2016-03-20,مرد,09350151025,563 اکبری کوچه، یزد,AB+,,2,2025-06-05
1629,7356374862,شهاب,اکبری,1992-08-09,مرد,09158112119,714 دهقان جاده، کرمان,,آسپرین,3,2026-02-07
1630,5174979872,کیمیا,رحیمی,2011-11-15,زن,09309030257,71 موسوی میدان، اصفهان,A+,,,2025-05-05
1631,8329253635,مسعود,نجفی,1989-09-26,مرد,09113517917,615 ملکی جاده، بندرعباس,,آسپرین,2,2025-05-13
1632,8197277125,مریم,علوی,2003-02-03,زن,09176253306,646 میرزایی کوچه، اصفهان,,,5,2026-05-12
1633,1654350729,لیلا,رستمی,1974-05-27,زن,09160892623,799 مرادی جاده، رشت,A-,,1,2026-05-30
1634,1148889809,وحید,هاشمی,1965-02-02,مرد,09336661054,814 مقدم بلوار، کرج,,,4,2025-06-20
1635,0947871276,امیرعباس,یوسفی,2014-03-25,مرد,09201840708,421 نوری میدان، کرج,AB-,,4,2025-11-06
1636,7466093736,طاها,کریمی,1975-09-09,مرد,09126082636,747 یوسفی میدان، کرمان,O-,,3,2026-01-03
1637,8743883842,الهام,یوسفی,2014-08-27,زن,09323594359,735 دهقان میدان، شیراز,B-,,1,2025-12-12
1638,3591293237,یوسف,فرهادی,1979-01-31,مرد,09367544485,795 دهقان جاده، قم,O-,,3,2025-12-22
1639,2067868454,پریسا,دهقان,1970-11-28,زن,09317459042,190 قربانی میدان، ساری,O+,,1,2025-09-04
1640,8266793794,پریسا,موسوی,2015-04-03,زن,09153354326,553 سلطانی جاده، شیراز,B+,,2,2025-10-10
1641,5182792506,سینا,کریمی,1989-01-23,مرد,09231816698,251 زارع میدان، اهواز,,,1,2025-10-07
1642,9885398554,پدرام,امینی,2000-07-09,مرد,09197089507,821 جعفری بن‌بست، رشت,A+,,1,2026-02-10
1643,6420259746,غزاله,افشار,1984-06-30,زن,09158008386,295 مرادی بن‌بست، یزد,AB-,,5,2025-07-27
1644,5680054434,اردشیر,توکلی,1998-02-26,مرد,09310151959,866 قربانی کوچه، کرج,B-,آسپرین,5,2025-11-29
1645,4710414874,پریسا,علوی,1987-10-17,زن,09216534486,539 رستمی جاده، کرمان,B+,,4,2025-09-08
1646,9169545529,دلارام,مقدم,2011-11-22,زن,09115850454,752 غفاری خیابان، اردبیل,,,3,2025-12-05
1647,2490510101,سمانه,اسدی,1967-04-07,زن,09151958396,722 رحیمی جاده، اردبیل,,,,2025-03-15
1648,0339429399,امیرعباس,قربانی,1974-08-31,مرد,09244295088,526 سلطانی میدان، اصفهان,A-,,2,2025-09-14
1649,9018677140,علی,سلطانی,2020-01-05,مرد,09351919927,210 ملکی جاده، اهواز,B-,,,2025-03-16
1650,7937718420,پریسا,اکبری,1977-06-28,زن,09341608286,183 بیات بلوار، اهواز,AB+,,1,2025-09-05
1651,0586790365,پریسا,تحسینی,2019-02-11,زن,09147542453,352 کاظمی کوچه، قم,A+,,,2025-05-25
1652,5619844919,نگار,شریفی,2013-04-21,زن,09377306773,176 توکلی بلوار، ساری,,,,2026-08-09
1653,8210966286,سارا,اسدی,1965-02-04,زن,09207770851,745 فرهادی کوچه، ساری,B-,,,2025-11-25
1654,7950882212,پرنیان,قربانی,1977-02-03,زن,09325302700,28 جعفری جاده، تبریز,AB+,,2,2025-08-12
1655,2416938290,مهدی,علوی,2013-09-23,مرد,09204734909,555 اسدی خیابان، بندرعباس,AB-,,4,2025-09-06
1656,2250918651,نیایش,مقدم,2014-04-12,زن,09303086077,383 دهقان میدان، کرمان,B-,,,2025-01-07
1657,0045897042,آناهیتا,محمدی,1977-04-11,زن,09253194000,73 نوری بلوار، اصفهان,AB+,,1,2025-09-10
1658,0117059668,پریسا,جعفری,2006-12-15,زن,09164719334,112 قاسمی بلوار، اصفهان,O-,لیدوکائین,,2026-06-27
1659,4799793004,ترانه,اکبری,2008-08-06,زن,09252491048,232 افشار کوچه، رشت,A-,,2,2025-08-10
1660,5255132500,سمانه,بیات,1978-08-27,زن,09232648762,449 هاشمی خیابان، کرج,B+,,2,2026-05-17
1661,6775998988,نیما,میرزایی,2017-02-10,مرد,09241273215,586 عباسی کوچه، تهران,,,,2025-04-14
1662,1392535565,مرتضی,امینی,1997-03-08,مرد,09103919479,724 غفاری جاده، کرمان,,,2,2025-11-10
1663,8302885959,ثنا,تحسینی,1995-04-30,زن,09210489847,439 هاشمی بلوار، اردبیل,AB-,,2,2025-06-11
1664,7586556271,اردشیر,صادقی,2018-06-12,مرد,09378089606,717 محمدی جاده، اردبیل,O+,,4,2026-03-30
1665,0188062750,بهاره,دهقان,1992-05-16,زن,09218747778,626 عباسی بن‌بست، یزد,A-,,,2025-10-28
1666,0853964777,مریم,کاظمی,2014-04-02,زن,09371493315,614 قربانی کوچه، مشهد,,,2,2025-09-09
1667,3738880771,کامران,اکبری,1997-10-23,مرد,09392564054,752 رحیمی خیابان، تبریز,B+,,,2025-11-02
1668,7464803639,کامران,قربانی,1996-11-13,مرد,09148408723,520 حسینی خیابان، یزد,B-,,,2025-09-29
1669,8602013035,زینب,سعیدی,2011-12-15,زن,09203038522,666 غفاری کوچه، رشت,B+,,,2026-07-14
1670,0300336608,نرگس,رستمی,2004-09-29,زن,09265976955,438 جعفری بلوار، اصفهان,,,2,2025-02-09
1671,2872304851,میلاد,ملکی,1981-08-24,مرد,09125838369,310 صادقی جاده، مشهد,,,,2025-03-08
1672,8327018507,سمانه,ملکی,1978-10-26,زن,09160358348,764 فتحی بن‌بست، اهواز,AB+,,1,2025-09-13
1673,1423093003,مجید,رضایی,1975-10-28,مرد,09210870923,599 توکلی میدان، رشت,AB+,,1,2025-10-02
1674,0265279501,نگار,اسدی,1983-02-21,زن,09153022755,656 علوی کوچه، مشهد,B+,,,2026-01-23
1675,3034832958,جواد,اکبری,1981-02-28,مرد,09364731791,316 پارسا کوچه، رشت,AB-,,2,2025-11-11
1676,0300339471,سوگند,توکلی,1974-02-21,زن,09262950930,874 محمدی کوچه، شیراز,B+,,1,2025-09-09
1677,3617972756,لیلا,موسوی,2020-05-07,زن,09314624105,715 کاظمی بلوار، اردبیل,B-,,,2025-04-21
1678,8230458898,دلارام,یزدانی,1974-10-08,زن,09396400702,716 صادقی میدان، کرج,,,2,2026-06-22
1679,1533151121,شقایق,امینی,1991-12-23,زن,09234847649,141 یوسفی خیابان، قم,O+,آسپرین,1,2025-05-10
1680,2617039137,بهاره,غفاری,1981-05-11,زن,09190089151,265 زارع میدان، کرج,B-,,3,2024-12-29
1681,7474981459,بنیامین,تحسینی,1975-06-24,مرد,09256159232,267 تحسینی خیابان، اردبیل,AB+,,1,2025-08-18
1682,8567919509,نرگس,اسدی,1957-04-09,زن,09220511476,600 قربانی بن‌بست، رشت,A+,,3,2026-05-13
1683,3180943661,پرنیان,بیات,2010-09-27,زن,09222771188,548 هاشمی بلوار، مشهد,A-,,,2025-11-20
1684,0003788911,مجید,میرزایی,1990-03-31,مرد,09232079758,548 نجفی خیابان، اهواز,,,5,2025-05-20
1685,4005885845,فرشته,دهقان,1993-05-30,زن,09285902464,126 غفاری خیابان، مشهد,A+,,1,2025-04-23
1686,9564191386,رضا,یوسفی,2021-06-04,مرد,09134083633,833 اکبری خیابان، اهواز,,,,2025-10-06
1687,4992150624,طاها,ملکی,1994-06-13,مرد,09325233940,642 صادقی میدان، مشهد,O-,,1,2025-10-16
1688,2186510529,هادی,یزدانی,1975-08-10,مرد,09127763822,49 دهقان جاده، کرمان,O+,,1,2025-11-09
1689,0135356938,آرش,امینی,2016-03-10,مرد,09395275401,261 زارع جاده، یزد,,,1,2025-11-20
1690,1862386269,سعید,قاسمی,1986-07-31,مرد,09155144753,293 نوری بن‌بست، قم,O+,,,2025-10-24
1691,3463108046,لیلا,قاسمی,1984-10-07,زن,09296483164,679 غفاری خیابان، اصفهان,B-,,,2025-02-18
1692,1497376793,یوسف,علوی,1996-03-31,مرد,09396347347,300 توکلی خیابان، تهران,AB+,پنی‌سیلین,,2026-04-25
1693,1654363995,بهزاد,غفاری,1992-10-06,مرد,09285930999,787 مقدم میدان، رشت,AB+,,1,2026-06-29
1694,6637986658,یوسف,مقدم,2023-03-24,مرد,09230458400,262 رستمی خیابان، تهران,B+,,,2026-05-19
1695,7997720006,ابوالفضل,توکلی,1991-09-01,مرد,09186344860,642 تحسینی خیابان، تهران,,,,2026-08-09
1696,2429698341,کامران,کاظمی,1996-10-31,مرد,09380405367,151 محمدی کوچه، کرمان,,,1,2025-12-21
1697,1787338053,اردشیر,غفاری,1980-06-18,مرد,09339142564,175 فتحی جاده، قم,B+,,1,2025-12-29
1698,9123705663,افسانه,شریفی,1987-05-26,زن,09302140805,630 رضایی کوچه، ساری,O+,,4,2025-08-11
1699,3213418226,معصومه,یزدانی,2015-12-25,زن,09200218231,872 صادقی جاده، اردبیل,O-,,2,2025-12-25
1700,1094443141,مجید,یزدانی,2001-02-15,مرد,09189404897,141 نوری میدان، اردبیل,AB+,,,2025-08-04
1701,3003615297,سعید,نوری,1990-05-05,مرد,09376592475,680 نوری میدان، همدان,AB+,,,2026-02-26
1702,6609712956,مجید,کریمی,1996-12-07,مرد,09258283728,238 موسوی جاده، بندرعباس,AB+,,,2025-07-09
1703,1886481954,وحید,هاشمی,1973-07-28,مرد,09166260758,760 قاسمی بلوار، قم,AB+,,4,2025-05-06
1704,0636851907,نرگس,سلطانی,2001-10-01,زن,09129342352,249 عباسی جاده، یزد,,,2,2025-05-16
1705,1208043196,ریحانه,غفاری,2018-02-16,زن,09322198029,626 پارسا میدان، تهران,O+,آسپرین,1,2025-01-21
1706,3163006728,سبحان,مرادی,2021-10-29,مرد,09363594254,654 پارسا خیابان، کرج,B+,,4,2025-08-19
1707,5740460336,ملیکا,موسوی,1979-09-26,زن,09128085571,376 زارع خیابان، اردبیل,B+,,,2025-06-27
1708,6661850132,بابک,هاشمی,2016-01-29,مرد,09392678623,470 توکلی خیابان، کرمان,O-,,,2025-04-15
1709,0591459711,یوسف,قربانی,1994-11-16,مرد,09214814937,304 فرهادی جاده، همدان,A-,,1,2025-02-01
1710,7284203684,امیر,فرهادی,1999-09-01,مرد,09141463173,354 محمدی میدان، ساری,,,2,2025-04-04
1711,8992948247,ثنا,یزدانی,1984-12-19,زن,09232150048,549 ملکی خیابان، قم,,,4,2025-03-20
1712,4857917726,کیمیا,دهقان,1996-11-28,زن,09198275160,558 موسوی جاده، کرج,A+,,,2026-01-07
1713,6732883550,یلدا,رضایی,1983-04-19,زن,09395879887,641 موسوی بلوار، ساری,AB-,,4,2025-06-04
1714,8793701004,الهام,ملکی,2012-02-19,زن,09359544081,830 امینی بلوار، مشهد,A-,,,2025-11-07
1715,5746344745,نسرین,حسینی,1987-05-19,زن,09397982425,468 سلطانی بلوار، رشت,O-,,,2026-01-02
1716,4933162972,رها,پارسا,2019-01-01,زن,09263309638,802 توکلی جاده، قم,A-,,,2025-06-18
1717,0114044996,آرمان,پارسا,2007-11-17,مرد,09288886115,392 یزدانی بن‌بست، اهواز,,,2,2025-01-27
1718,3284685774,فرشته,رحیمی,2017-12-29,زن,09112089278,425 محمدی میدان، کرج,,,4,2025-08-12
1719,5274179721,پرنیان,رضایی,1997-06-24,زن,09397911831,565 یوسفی جاده، تهران,O+,,4,2025-07-16
1720,2863898779,پویا,رحیمی,2016-02-18,مرد,09316664031,661 رحیمی بلوار، رشت,AB+,,,2026-01-25
1721,8856562413,سامان,رحیمی,1993-10-11,مرد,09372217828,629 شریفی میدان، اصفهان,A-,,,2026-05-11
1722,1744508811,کامران,مقدم,1973-11-06,مرد,09336721630,648 سلطانی کوچه، قم,A+,,,2025-10-29
1723,2596131668,پرنیان,موسوی,1988-02-26,زن,09314402745,160 رستمی میدان، کرج,,,,2025-04-01
1724,6152804531,زهرا,حسینی,1998-03-18,زن,09289670521,535 اسدی بلوار، بندرعباس,,,2,2026-01-25
1725,5528387132,شقایق,اکبری,2016-08-11,زن,09217636590,187 دهقان کوچه، تبریز,,,5,2026-08-08
1726,9942242953,ابوالفضل,رستمی,2010-09-18,مرد,09112146020,719 بیات کوچه، شیراز,AB-,,,2026-02-09
1727,9970090259,نگار,سعیدی,2010-11-14,زن,09135109204,878 نجفی بن‌بست، تبریز,B-,,1,2025-09-15
1728,8940945115,ملیکا,اکبری,2006-12-02,زن,09386568538,14 علوی جاده، رشت,A-,,1,2025-09-21
1729,6551031307,حامد,مقدم,1984-06-14,مرد,09365092516,317 محمدی بلوار، قم,AB+,,1,2025-08-02
1730,7469567127,ملیکا,یزدانی,2002-06-20,زن,09355350250,505 سلطانی کوچه، اردبیل,,,2,2025-06-01
1731,1059607311,مبینا,توکلی,1988-12-20,زن,09210483864,463 جعفری میدان، ساری,A+,,3,2025-06-13
1732,9163193930,هادی,حسینی,2023-06-20,مرد,09202645520,482 احمدی بن‌بست، رشت,B+,,,2025-03-25
1733,0995062749,دلارام,یزدانی,1996-03-11,زن,09107631966,232 شریفی خیابان، مشهد,AB+,آسپرین,3,2025-06-06
1734,8874370326,وحید,مقدم,2013-10-06,مرد,09107282528,458 اکبری خیابان، مشهد,AB-,,,2025-08-08
1735,0751446386,کاوه,زارع,1985-05-03,مرد,09331553529,266 یزدانی جاده، ساری,,,,2026-01-08
1736,0177268026,بنیامین,موسوی,1984-07-11,مرد,09387615774,514 فتحی جاده، کرمان,B-,,1,2025-09-27
1737,2915218277,آرمان,امینی,1984-01-12,مرد,09125472918,209 حسینی خیابان، ساری,,,2,2026-03-09
1738,2011971292,سمیرا,میرزایی,1987-10-30,زن,09252421646,877 موسوی خیابان، قم,B+,,,2025-12-19
1739,3301958559,آناهیتا,کریمی,1956-02-13,زن,09127451779,440 دهقان بن‌بست، همدان,A-,,,2025-09-17
1740,3740440120,مسعود,غفاری,1983-09-04,مرد,09112143305,515 دهقان بلوار، تبریز,,,,2025-08-27
1741,5152469138,سبحان,رحیمی,2022-08-20,مرد,09239753729,849 تحسینی خیابان، کرج,O-,لیدوکائین,2,2025-05-03
1742,9819575583,هستی,سلطانی,1983-02-28,زن,09120409321,554 شریفی بلوار، شیراز,O+,,3,2025-03-14
1743,1230215859,علی,غفاری,2002-05-21,مرد,09225290490,507 علوی بلوار، تهران,,,2,2026-08-09
1744,0426530829,هستی,جعفری,1992-06-18,زن,09183548637,72 رستمی میدان، اردبیل,AB+,,3,2025-08-17
1745,4249157296,سینا,نوری,2018-03-30,مرد,09382049077,67 کریمی کوچه، اصفهان,O-,,,2025-09-25
1746,8034183083,ترانه,رحیمی,2005-07-19,زن,09289648022,742 کاظمی خیابان، اصفهان,,,,2026-01-07
1747,5973680142,رها,مرادی,1972-03-13,زن,09288773368,580 رستمی جاده، تبریز,O+,لاتکس,,2025-03-28
1748,7077569421,نیما,قربانی,1988-06-09,مرد,09284813054,308 نوری بن‌بست، تبریز,AB+,,3,2026-01-28
1749,6717779845,بهاره,کریمی,1982-05-30,زن,09219241471,638 نوری بلوار، یزد,A+,,4,2026-02-01
1750,1840394560,ایمان,رضایی,1995-08-20,مرد,09126769853,856 هاشمی میدان، شیراز,B-,,1,2025-03-18
1751,6117252994,شیرین,یوسفی,1989-08-28,زن,09254301413,620 رستمی خیابان، اردبیل,,,,2025-06-25
1752,2087393941,مهدی,مرادی,1987-11-09,مرد,09132791434,529 فتحی بن‌بست، اردبیل,A-,,2,2026-08-09
1753,7815570941,هانیه,احمدی,1975-12-30,زن,09229506707,804 افشار خیابان، قم,AB-,,,2025-12-25
1754,0680786384,امیرعباس,سعیدی,1989-01-02,مرد,09101845207,593 زارع جاده، رشت,O+,,1,2025-01-29
1755,2209226589,طاها,توکلی,2009-02-20,مرد,09344880208,860 بیات بلوار، بندرعباس,AB+,,,2025-11-23
1756,4500144218,آناهیتا,مقدم,1972-06-14,زن,09370274651,713 علوی کوچه، اهواز,,,4,2026-02-25
1757,1680313444,نازنین,توکلی,2004-07-17,زن,09257217237,318 محمدی بن‌بست، قم,,,2,2025-08-23
1758,8622013243,فرشته,رستمی,1985-08-29,زن,09164371405,502 مقدم میدان، کرج,AB-,لاتکس,,2025-01-27
1759,7880979425,نرگس,موسوی,2017-04-30,زن,09145570119,578 یوسفی خیابان، اهواز,A+,,1,2024-12-28
1760,7139953996,الهام,سعیدی,1991-08-07,زن,09226626400,95 اکبری میدان، ساری,,,,2025-08-15
1761,9785730301,حسین,بیات,2000-10-11,مرد,09388998930,107 احمدی کوچه، مشهد,O-,,1,2026-06-18
1762,0037764845,ریحانه,هاشمی,1968-07-30,زن,09294023314,179 نجفی بلوار، یزد,AB-,,,2025-06-30
1763,2467076164,ثنا,صادقی,1993-06-30,زن,09329829731,313 قاسمی جاده، کرج,B+,,1,2025-10-25
1764,6188604818,پرنیان,افشار,1979-05-05,زن,09139783702,388 مقدم خیابان، تبریز,,,1,2026-08-09
1765,6173231719,جواد,مرادی,2023-01-26,مرد,09340821948,145 حسینی کوچه، مشهد,A-,,1,2025-12-04
1766,3075486884,افسانه,صادقی,2000-02-11,زن,09248990968,894 قربانی بلوار، مشهد,O+,,1,2025-07-17
1767,6382642339,پریسا,یوسفی,1997-03-16,زن,09350915724,513 محمدی کوچه، تبریز,A+,,1,2025-07-26
1768,5110175993,آزاده,بیات,2010-09-15,زن,09107332823,564 پارسا بن‌بست، یزد,A-,,3,2026-08-09
1769,3982381770,ایلیا,قربانی,2000-09-10,مرد,09319780048,474 قاسمی کوچه، همدان,,,4,2025-06-06
1770,2630677516,میلاد,تحسینی,1981-04-04,مرد,09107330380,404 سعیدی کوچه، مشهد,,,1,2025-05-24
1771,1475376588,فرشته,قاسمی,2014-12-03,زن,09188309433,621 رضایی بلوار، بندرعباس,O+,,1,2026-01-17
1772,3922080308,مریم,قربانی,2020-05-06,زن,09263982184,595 افشار بن‌بست، تهران,A-,,,2025-08-14
1773,5798435954,مرتضی,یوسفی,1967-10-24,مرد,09339188905,287 دهقان بلوار، اردبیل,A+,,4,2025-05-29
1774,8361663800,نیایش,عباسی,2011-01-26,زن,09302249866,530 رستمی جاده، شیراز,O-,,,2025-09-07
1775,7282960313,ترانه,حسینی,1971-04-13,زن,09253466920,713 ملکی جاده، کرج,O-,,1,2024-12-15
1776,7459264032,فاطمه,کاظمی,1989-03-12,زن,09357459830,9 حسینی کوچه، ساری,,آسپرین,4,2026-03-01
1777,7273504221,محمد,هاشمی,1974-07-17,مرد,09175006362,461 غفاری خیابان، شیراز,B-,,3,2025-08-16
1778,5592571976,الهام,رضایی,1992-12-22,زن,09214732671,502 صادقی بلوار، کرج,B-,,1,2025-09-11
1779,1329557662,علی,پارسا,2013-11-19,مرد,09280966669,627 قربانی میدان، اهواز,,,4,2025-05-11
1780,1045849383,حامد,رستمی,2018-03-19,مرد,09170391394,697 زارع جاده، یزد,O+,,1,2026-03-17
1781,6166252722,مهدی,شریفی,1998-01-14,مرد,09179665689,248 شریفی میدان، مشهد,,,1,2026-02-22
1782,9015753083,بنیامین,موسوی,1973-07-08,مرد,09266508071,189 دهقان جاده، همدان,,لیدوکائین,,2025-11-12
1783,5282245426,مریم,حسینی,1989-05-09,زن,09368185501,869 فتحی خیابان، اردبیل,O+,,,2025-09-09
1784,1184617661,ایلیا,فرهادی,2017-10-10,مرد,09124525200,479 توکلی جاده، یزد,A-,آسپرین,2,2025-08-13
1785,5606424614,آرش,غفاری,1994-03-16,مرد,09244799500,25 افشار بن‌بست، تهران,O+,,5,2026-02-24
1786,2563314941,ایلیا,تحسینی,2017-04-13,مرد,09266071549,323 ملکی بن‌بست، اردبیل,,,1,2026-03-13
1787,1713567733,مسعود,دهقان,1995-09-18,مرد,09173579883,438 زارع بن‌بست، اردبیل,A-,,2,2025-10-06
1788,7926791628,بهزاد,اکبری,1997-09-01,مرد,09376246475,325 فتحی میدان، شیراز,AB-,,,2025-11-16
1789,4883677249,الهام,اکبری,1984-05-06,زن,09363248736,872 افشار بن‌بست، ساری,,,2,2026-03-06
1790,6191443749,مبینا,میرزایی,1979-12-14,زن,09216306417,394 مقدم بن‌بست، تهران,,,4,2025-12-28
1791,1692121766,بنیامین,فرهادی,1971-05-01,مرد,09199312162,116 قاسمی خیابان، مشهد,O+,,1,2025-05-28
1792,3120418609,شقایق,محمدی,1952-04-25,زن,09137140550,71 موسوی میدان، کرمان,O-,,,2025-08-02
1793,7123839048,امیر,نجفی,1988-11-18,مرد,09355450055,383 جعفری خیابان، اردبیل,A+,,1,2026-02-16
1794,6622383251,ابوالفضل,ملکی,2019-07-24,مرد,09253502622,256 غفاری بلوار، رشت,,,,2025-09-24
1795,3989962744,شقایق,اسدی,1995-10-23,زن,09135267150,262 احمدی میدان، تهران,B+,,,2026-06-12
1796,7292094211,لیلا,پارسا,2007-12-10,زن,09184367843,414 نجفی خیابان، اصفهان,A-,,2,2025-05-09
1797,0011595361,ریحانه,عباسی,2012-02-02,زن,09139245771,795 میرزایی خیابان، ساری,AB-,,1,2026-08-09
1798,7465411963,سبحان,بیات,1986-03-14,مرد,09150976751,869 کریمی بلوار، یزد,O+,,5,2026-08-09
1799,2390240798,آزاده,هاشمی,2017-10-30,زن,09379162821,472 نوری کوچه، تهران,O-,,,2026-08-01
1800,7379632434,پویا,امینی,1982-08-20,مرد,09285502060,36 تحسینی جاده، همدان,O-,,4,2025-10-02
1801,3085451625,سارا,میرزایی,1984-03-02,زن,09264604951,168 عباسی خیابان، یزد,,,3,2025-09-30
1802,3123903346,محدثه,علوی,2008-02-15,زن,09247154814,602 توکلی جاده، مشهد,A-,,,2025-05-09
1803,7033734549,شهاب,امینی,2018-07-13,مرد,09260287624,517 صادقی بلوار، مشهد,O-,,,2026-07-04
1804,7062996459,یوسف,سلطانی,2001-12-09,مرد,09235221056,893 بیات خیابان، بندرعباس,,,,2025-10-06
1805,6548701941,زینب,نجفی,1986-04-11,زن,09235641100,641 حسینی جاده، تبریز,A+,آسپرین,1,2026-08-09
1806,8706150241,زهرا,مقدم,2016-09-19,زن,09173718026,850 محمدی میدان، همدان,A-,,1,2025-06-16
1807,2828369722,وحید,یزدانی,1962-11-14,مرد,09146762978,39 امینی جاده، شیراز,,,2,2025-09-01
1808,3369060620,سینا,صادقی,1992-12-02,مرد,09257473353,383 عباسی بن‌بست، کرمان,A-,,2,2025-05-12
1809,9244828601,هانیه,ملکی,1992-01-24,زن,09270231987,673 یزدانی بن‌بست، مشهد,,,3,2024-12-09
1810,2735865177,افسانه,سلطانی,2001-03-03,زن,09307411696,577 نجفی میدان، قم,AB+,,2,2025-09-21
1811,1020286253,نازنین,اسدی,1990-02-27,زن,09206721191,31 سلطانی کوچه، همدان,O-,,1,2024-12-31
1812,7618148732,سبحان,افشار,1978-05-28,مرد,09363246956,750 مرادی میدان، اردبیل,A+,,,2025-11-08
1813,8179247023,متین,اکبری,2009-12-19,زن,09266420146,829 دهقان کوچه، تبریز,B-,,1,2026-07-05
1814,8977856507,بنیامین,قربانی,2016-10-27,مرد,09337409260,63 زارع میدان، کرج,AB-,,,2025-05-24
1815,7620182209,ابوالفضل,فرهادی,1995-01-14,مرد,09372627163,36 جعفری کوچه، ساری,A+,,,2025-10-10
1816,7440819535,لیلا,اسدی,1991-02-06,زن,09149031559,604 مقدم کوچه، اصفهان,AB+,,,2026-04-12
1817,0803956010,یلدا,مرادی,1995-01-21,زن,09305860216,376 رحیمی کوچه، رشت,A+,,,2026-01-13
1818,1017525714,سارا,هاشمی,2013-05-29,زن,09307663650,106 اکبری میدان، مشهد,,,3,2025-04-02
1819,7120382705,غزاله,یزدانی,2011-12-04,زن,09116297665,201 غفاری بلوار، اصفهان,B+,,1,2026-01-20
1820,7704174738,سوگند,رضایی,2021-09-20,زن,09132895115,485 رضایی کوچه، قم,AB+,,4,2025-11-17
1821,0317770829,حامد,ملکی,1986-05-22,مرد,09138089486,856 دهقان جاده، رشت,AB-,,1,2025-02-14
1822,3775759484,نرگس,فتحی,1989-06-20,زن,09214139147,185 غفاری جاده، همدان,B+,,2,2025-07-29
1823,7139713383,مهدی,امینی,1975-03-16,مرد,09387689929,175 رحیمی بلوار، قم,O+,,,2026-07-18
1824,1673602444,طاها,نوری,1967-10-03,مرد,09122450763,640 صادقی جاده، همدان,O-,,5,2026-07-10
1825,2243793024,نسرین,رستمی,1992-08-18,زن,09162453298,442 غفاری بلوار، اصفهان,,,1,2025-05-16
1826,4658797941,ثنا,یزدانی,1988-06-22,زن,09373402241,133 فتحی جاده، اصفهان,O+,,1,2025-09-19
1827,4853929525,مجید,مرادی,1972-07-17,مرد,09208965521,317 هاشمی خیابان، کرج,,,1,2026-07-24
1828,4777660958,یوسف,سعیدی,1995-11-04,مرد,09152275873,686 افشار میدان، اهواز,A+,,1,2026-01-28
1829,1256473510,نسرین,نوری,2001-06-30,زن,09352265405,468 کریمی بن‌بست، تهران,AB-,,1,2026-05-11
1830,8604696581,شقایق,احمدی,1968-07-17,زن,09217705339,503 میرزایی بن‌بست، یزد,B+,,2,2026-05-22
1831,2695515332,بهرام,فرهادی,1976-02-07,مرد,09125326891,30 غفاری بلوار، تبریز,O+,,3,2026-02-06
1832,6527518773,کامران,صادقی,1974-07-28,مرد,09369083832,679 شریفی خیابان، شیراز,B+,,,2025-05-15
1833,2833196377,نیما,محمدی,1999-11-19,مرد,09230676043,589 مقدم جاده، اصفهان,,,1,2025-11-05
1834,8412619692,آناهیتا,مقدم,2002-07-23,زن,09251446240,578 حسینی بن‌بست، ساری,A-,,,2025-06-13
1835,5708254904,فرشته,قاسمی,1983-08-09,زن,09380505947,630 قربانی میدان، مشهد,,,2,2025-05-30
1836,3881820426,معصومه,فرهادی,1987-08-17,زن,09266577856,575 توکلی بن‌بست، اردبیل,,,4,2026-08-09
1837,5091504540,نرگس,قربانی,1983-07-28,زن,09387143366,330 کاظمی جاده، اهواز,B-,,,2026-01-14
1838,9318969643,مبینا,احمدی,2013-08-05,زن,09342174191,374 نجفی کوچه، شیراز,B+,,,2025-03-24
1839,3470135101,مریم,غفاری,1981-04-28,زن,09232142251,389 دهقان میدان، اردبیل,,,,2026-08-09
1840,5407515369,یلدا,جعفری,1999-04-27,زن,09350832372,408 تحسینی خیابان، ساری,AB-,,1,2025-04-03
1841,7353301406,طاها,ملکی,1985-01-06,مرد,09281070400,65 قاسمی کوچه، ساری,,لاتکس,2,2025-05-07
1842,5759349198,میلاد,رضایی,2012-03-30,مرد,09149453641,696 فرهادی خیابان، ساری,O+,,4,2025-11-14
1843,3299827553,هادی,فتحی,2001-06-11,مرد,09328831540,789 امینی بلوار، اردبیل,,,,2025-01-26
1844,9118885780,مرتضی,رضایی,1984-09-20,مرد,09311291832,481 یوسفی میدان، کرمان,,,,2025-07-17
1845,1996863460,ابوالفضل,زارع,1976-10-11,مرد,09101869865,398 پارسا خیابان، اردبیل,O+,,,2026-01-20
1846,8911836842,میلاد,رضایی,1985-10-12,مرد,09342159029,587 موسوی کوچه، شیراز,A-,,5,2025-04-09
1847,8134236480,پریسا,رستمی,2016-09-21,زن,09288993582,165 فتحی میدان، همدان,,,2,2026-07-12
1848,9104829808,کامران,قاسمی,1977-06-27,مرد,09162160609,265 فرهادی بن‌بست، اردبیل,B+,,,2025-03-12
1849,0981320112,اردشیر,رضایی,1989-12-24,مرد,09331640052,775 رحیمی میدان، اردبیل,,,,2026-01-03
1850,6210998119,کاوه,عباسی,1998-01-01,مرد,09356726505,621 نوری جاده، اهواز,B+,,,2025-03-08
1851,0060841877,متین,ملکی,1966-06-02,زن,09224325044,285 زارع جاده، اردبیل,AB-,,2,2024-12-22
1852,4060279161,نسرین,کاظمی,1964-08-04,زن,09360016227,60 غفاری میدان، بندرعباس,O+,,,2026-01-03
1853,5738422651,ایلیا,ملکی,1991-06-03,مرد,09221336529,220 اکبری بلوار، کرج,,,2,2026-08-09
1854,6243813991,نسرین,سلطانی,1962-05-05,زن,09147053115,644 ملکی بلوار، اردبیل,A-,,2,2025-03-25
1855,7085919698,بابک,رضایی,1971-05-10,مرد,09257716554,514 غفاری جاده، ساری,O+,لاتکس,1,2025-05-23
1856,7082634897,هستی,علوی,2017-06-14,زن,09109574724,587 فتحی جاده، اردبیل,,,3,2025-09-27
1857,2939811830,لیلا,کاظمی,1993-12-24,زن,09195295087,31 کریمی بن‌بست، رشت,O+,,3,2025-03-09
1858,6534107031,پدرام,دهقان,1989-10-31,مرد,09372312121,362 شریفی کوچه، یزد,B+,,3,2025-11-23
1859,7076637456,حامد,تحسینی,1982-04-06,مرد,09302803170,14 هاشمی میدان، قم,AB+,,,2025-03-30
1860,7168077686,بنیامین,ملکی,2009-05-15,مرد,09348775032,190 مرادی خیابان، شیراز,A-,,,2026-07-16
1861,8155006905,ثنا,حسینی,1974-07-02,زن,09219389729,763 قربانی میدان، کرمان,O-,,1,2025-12-17
1862,5305184932,مسعود,موسوی,1982-10-19,مرد,09263991038,202 پارسا جاده، کرج,O+,,,2025-04-24
1863,5820992164,ترانه,تحسینی,1988-03-14,زن,09367401483,279 سلطانی میدان، اصفهان,AB-,,,2025-04-01
1864,5548719602,سارا,زارع,1981-10-21,زن,09120846563,201 کاظمی بلوار، تبریز,,پنی‌سیلین,,2025-10-07
1865,5756120270,آرمان,شریفی,1974-12-14,مرد,09162998555,495 امینی بلوار، تبریز,AB+,,,2026-01-01
1866,1861707886,آناهیتا,یزدانی,1988-10-09,زن,09372613205,400 قاسمی جاده، قم,B-,,2,2025-11-30
1867,0546240501,بابک,اسدی,1970-05-22,مرد,09341252280,679 غفاری جاده، تهران,,,3,2025-11-10
1868,7533428651,سارا,مقدم,1976-05-05,زن,09234534372,324 قربانی میدان، یزد,O-,,1,2026-02-24
1869,3576940618,بهرام,قاسمی,1984-09-04,مرد,09152178559,418 میرزایی بلوار، اهواز,B-,,2,2025-09-22
1870,9162296833,نیایش,صادقی,2009-11-13,زن,09371324613,552 نجفی جاده، بندرعباس,,,1,2025-05-10
1871,1627336771,شیرین,غفاری,1971-03-23,زن,09326537726,749 دهقان بلوار، تبریز,A+,,3,2025-05-30
1872,0358985854,رها,احمدی,1983-06-07,زن,09212804463,606 امینی جاده، قم,,,3,2025-05-16
1873,2603350706,فاطمه,افشار,2011-08-25,زن,09338146287,736 عباسی بن‌بست، اهواز,B-,,,2025-07-13
1874,7960155623,آرش,یزدانی,2012-09-12,مرد,09300263883,472 میرزایی بلوار، همدان,O-,پنی‌سیلین,1,2026-07-26
1875,5103147270,سمیرا,میرزایی,2005-11-23,زن,09384343071,776 نجفی خیابان، بندرعباس,O-,,1,2025-06-12
1876,2045901483,پریسا,مرادی,1969-06-23,زن,09355760466,389 حسینی میدان، یزد,B+,,1,2025-12-31
1877,2491037009,زهرا,افشار,2014-06-16,زن,09208846730,600 قربانی جاده، مشهد,B-,,,2026-01-01
1878,9057790777,هستی,بیات,1981-07-09,زن,09254811943,542 قاسمی بلوار، تهران,,,5,2025-04-13
1879,5124404361,مریم,اسدی,2011-08-17,زن,09235448906,27 کریمی کوچه، همدان,,,,2026-07-01
1880,4068662312,یلدا,رستمی,2003-10-22,زن,09326142588,569 مرادی بلوار، مشهد,A+,,4,2025-02-03
1881,3795033780,سمانه,نجفی,2005-04-15,زن,09395368236,293 افشار بن‌بست، همدان,,پنی‌سیلین,5,2025-06-03
1882,4399863285,آناهیتا,کاظمی,1976-09-01,زن,09382666843,35 مرادی بلوار، مشهد,B+,,1,2025-07-03
1883,4722117411,معصومه,سلطانی,1997-07-07,زن,09311566998,841 اکبری بلوار، شیراز,,,,2025-01-10
1884,6365770510,محدثه,توکلی,1974-01-12,زن,09310812747,359 قربانی میدان، قم,,,2,2025-07-29
1885,8689831940,سارا,کریمی,2009-08-29,زن,09126460111,438 دهقان جاده، مشهد,,,,2025-08-28
1886,7890359421,نازنین,حسینی,1966-08-06,زن,09212960275,627 میرزایی بلوار، کرمان,B+,آسپرین,2,2025-12-15
1887,9386965429,معصومه,بیات,1969-11-25,زن,09242607780,173 دهقان بلوار، رشت,,,1,2025-05-15
1888,6534882736,محدثه,موسوی,1968-10-04,زن,09319626884,565 یوسفی بلوار، قم,O+,,1,2025-05-13
1889,4645184083,ماهان,فرهادی,2013-08-01,مرد,09157115813,34 دهقان خیابان، اردبیل,O-,,4,2025-07-06
1890,4971135804,شیرین,شریفی,1977-04-18,زن,09397447482,771 دهقان جاده، ساری,O+,,4,2026-05-28
1891,8416562245,ملیکا,مقدم,1999-12-05,زن,09185629744,112 افشار بلوار، اهواز,A+,,2,2025-12-01
1892,9418325594,یوسف,رحیمی,2017-01-09,مرد,09105260925,52 عباسی میدان، کرج,B+,,1,2025-10-09
1893,3057635008,مهدی,فتحی,2015-01-13,مرد,09317311919,115 قربانی بلوار، بندرعباس,AB+,,,2025-08-10
1894,9609989519,سمانه,موسوی,2011-01-19,زن,09318033158,151 هاشمی بلوار، تبریز,A+,,2,2026-07-15
1895,6810302085,متین,هاشمی,1988-03-05,زن,09173447850,866 مرادی میدان، کرمان,B-,,4,2026-02-04
1896,7353102543,بهرام,احمدی,1986-04-28,مرد,09146819803,18 علوی جاده، تهران,AB-,,5,2026-01-02
1897,4891060778,افسانه,ملکی,1948-12-27,زن,09196503109,820 احمدی جاده، اردبیل,AB-,,,2025-06-07
1898,8671153150,سعید,دهقان,1988-03-18,مرد,09391146502,866 سلطانی خیابان، همدان,,,,2025-08-01
1899,1388366746,مجید,ملکی,1986-04-08,مرد,09214294550,669 محمدی بلوار، بندرعباس,A+,,1,2025-02-07
1900,5634586747,سوگند,عباسی,2014-11-29,زن,09364619436,435 قربانی بلوار، یزد,O-,,4,2025-10-25
1901,7775090561,اردشیر,قاسمی,2019-11-12,مرد,09230584709,232 مرادی خیابان، تبریز,B+,,,2026-08-06
1902,4721427492,زینب,دهقان,1997-05-09,زن,09374660691,440 صادقی بلوار، بندرعباس,A+,,,2025-08-22
1903,5948576965,ماهان,دهقان,1987-10-16,مرد,09144558034,592 قربانی جاده، اردبیل,O+,,1,2026-08-04
1904,0045036128,سینا,صادقی,1975-09-03,مرد,09182555891,374 سعیدی بن‌بست، تبریز,AB+,,,2026-06-03
1905,2278791583,سعید,حسینی,1974-02-02,مرد,09378024961,126 امینی جاده، همدان,O+,,3,2025-09-22
1906,6571889234,طاها,امینی,1977-07-17,مرد,09297892221,223 نجفی خیابان، رشت,,,2,2025-06-18
1907,0212578928,ریحانه,احمدی,1976-08-10,زن,09119962416,45 ملکی خیابان، یزد,AB-,,4,2025-06-11
1908,7646102679,کامران,بیات,1977-01-04,مرد,09178491568,600 فتحی بن‌بست، قم,A+,,,2025-07-05
1909,8911386286,ایلیا,محمدی,1956-04-05,مرد,09139610108,379 مرادی جاده، یزد,O-,,1,2025-01-09
1910,2164228480,محدثه,عباسی,1996-10-26,زن,09158723876,270 ملکی بلوار، ساری,B-,,2,2026-03-20
1911,7203873293,الهام,هاشمی,1978-07-08,زن,09175410854,768 محمدی بن‌بست، تبریز,A-,,,2025-01-13
1912,3272725210,آرش,یزدانی,1996-05-14,مرد,09111596143,866 فرهادی میدان، اصفهان,,,4,2026-03-27
1913,5542178774,پدرام,صادقی,1985-10-08,مرد,09223832119,356 پارسا جاده، یزد,A-,,,2025-01-21
1914,6731719791,میلاد,شریفی,1970-11-14,مرد,09122612908,619 صادقی جاده، قم,A+,,1,2025-03-08
1915,9403232935,نگار,زارع,1999-06-15,زن,09313627455,357 ملکی بلوار، قم,AB-,,1,2025-12-25
1916,8583072469,جواد,کاظمی,1992-04-01,مرد,09327964319,189 شریفی جاده، قم,B+,,,2025-10-06
1917,6534739720,لیلا,پارسا,1981-10-07,زن,09161893981,450 غفاری بن‌بست، کرج,,,3,2026-03-07
1918,8292361820,نیایش,هاشمی,1975-03-19,زن,09203332411,822 میرزایی میدان، اردبیل,,,4,2025-12-22
1919,7576283467,طاها,نوری,1970-08-20,مرد,09277309193,32 دهقان بن‌بست، همدان,O+,,3,2026-08-09
1920,5772734751,پرنیان,دهقان,1990-10-14,زن,09318956480,248 نوری بلوار، رشت,,,,2026-04-11
1921,1978443293,کاوه,سعیدی,1982-01-04,مرد,09149510969,595 کریمی جاده، اهواز,O+,,,2026-03-08
1922,1165611252,فرشته,اسدی,1995-12-11,زن,09334105796,660 یزدانی جاده، کرمان,B-,,,2026-08-09
1923,2902722214,یلدا,میرزایی,1957-10-25,زن,09261773453,762 رحیمی بلوار، قم,,,1,2025-08-15
1924,8980085273,پرنیان,فتحی,1993-12-18,زن,09171961028,302 زارع خیابان، یزد,B+,,3,2026-03-05
1925,4089641098,بهرام,حسینی,1975-02-14,مرد,09293451937,138 فرهادی بلوار، اصفهان,O-,,1,2025-07-01
1926,0158143523,جواد,قاسمی,1976-06-17,مرد,09175748588,381 زارع جاده، بندرعباس,AB-,,,2025-01-07
1927,1119659094,نسرین,عباسی,2006-07-13,زن,09341018070,431 قاسمی بلوار، شیراز,AB-,,,2026-02-26
1928,5548245333,شهاب,مرادی,2000-04-20,مرد,09109872109,386 افشار بن‌بست، همدان,B-,,5,2025-09-29
1929,1497569486,مرتضی,غفاری,2002-07-18,مرد,09119389245,533 سعیدی میدان، رشت,O+,,,2025-05-15
1930,5222686337,نیایش,موسوی,1983-11-05,زن,09202005888,769 نوری کوچه، کرمان,B+,پنی‌سیلین,3,2026-03-06
1931,9239703284,امیرعباس,حسینی,1984-11-29,مرد,09265890044,32 جعفری بلوار، اردبیل,O-,پنی‌سیلین,5,2025-10-18
1932,4951260255,شقایق,قربانی,2002-09-14,زن,09111562563,39 کاظمی بلوار، شیراز,A+,,1,2025-03-09
1933,3417071976,آناهیتا,امینی,2003-12-13,زن,09287930978,894 قاسمی کوچه، اهواز,A+,,4,2026-06-05
1934,1492793817,لیلا,نوری,1996-01-02,زن,09120943706,664 امینی بن‌بست، تهران,AB+,,5,2026-07-12
1935,3446879595,کاوه,سلطانی,1999-05-10,مرد,09211501923,426 صادقی جاده، یزد,O-,,1,2026-07-06
1936,3983057632,معصومه,سعیدی,1977-12-23,زن,09198886214,103 احمدی بن‌بست، شیراز,AB+,,3,2025-09-21
1937,4042731686,بهاره,رستمی,2018-10-04,زن,09374520060,666 ملکی بلوار، کرج,,,,2026-05-24
1938,9609043127,دلارام,اکبری,2005-10-20,زن,09200456890,236 میرزایی بلوار، مشهد,B-,,1,2025-04-19
1939,7097587865,دلارام,پارسا,1981-11-23,زن,09337051927,270 احمدی بن‌بست، رشت,O-,,,2025-03-16
1940,8945254382,ابوالفضل,غفاری,1999-02-24,مرد,09367759819,547 نوری بلوار، شیراز,B-,پنی‌سیلین,1,2026-08-09
1941,1445586193,مرتضی,کریمی,1992-04-13,مرد,09285355234,869 سلطانی بن‌بست، همدان,,,,2025-11-29
1942,8253546378,الهام,رضایی,2016-04-18,زن,09211477428,5 یزدانی بن‌بست، تبریز,,,1,2025-11-17
1943,7343843559,مبینا,توکلی,2010-04-17,زن,09173103383,861 مرادی خیابان، تهران,A-,,4,2025-11-20
1944,8912597957,شیرین,افشار,2016-08-16,زن,09137871343,806 رحیمی بلوار، قم,,,2,2026-02-11
1945,1079529020,فاطمه,غفاری,1982-07-15,زن,09139960173,63 محمدی کوچه، رشت,,,1,2025-06-11
1946,9357511245,کامران,قاسمی,1978-04-24,مرد,09229629253,480 دهقان میدان، تهران,AB-,,1,2025-05-02
1947,3109268221,حامد,رضایی,2002-05-18,مرد,09155669242,472 تحسینی میدان، تبریز,B-,,1,2025-03-08
1948,2770902938,کامران,اسدی,1970-06-24,مرد,09288975875,332 نوری جاده، همدان,B-,,2,2025-02-12
1949,5015651899,یاسر,زارع,1970-08-08,مرد,09294288212,113 محمدی خیابان، یزد,A-,,3,2025-05-08
1950,8369249337,آرمان,رحیمی,1972-03-06,مرد,09395679373,186 نوری بلوار، قم,B+,,2,2025-10-29
1951,1211575373,کیمیا,ملکی,2011-04-16,زن,09227490320,813 حسینی کوچه، اردبیل,B+,,1,2025-03-31
1952,1294801813,میلاد,رستمی,1997-08-21,مرد,09199725376,118 قاسمی بن‌بست، تبریز,A+,,,2025-09-25
1953,7924070664,نیما,نوری,1987-07-06,مرد,09375272795,462 کریمی خیابان، اردبیل,O+,,2,2025-08-11
1954,9697070172,زهرا,جعفری,1988-12-25,زن,09133378165,99 کاظمی خیابان، تبریز,B+,,5,2024-12-24
1955,3378942185,حسین,بیات,2020-07-08,مرد,09366486931,568 صادقی کوچه، همدان,B-,,3,2026-02-20
1956,9339516125,نیما,شریفی,1966-09-17,مرد,09251852964,299 تحسینی کوچه، تبریز,B-,,,2025-10-30
1957,4530979891,غزاله,فرهادی,1976-09-16,زن,09102962161,638 هاشمی جاده، همدان,,لاتکس,,2025-12-25
1958,5376752070,مهسا,بیات,2006-03-24,زن,09295621097,630 حسینی کوچه، یزد,A-,,1,2025-09-23
1959,0290378435,ایمان,عباسی,2011-12-10,مرد,09330373129,3 احمدی بن‌بست، اردبیل,O-,,2,2025-06-12
1960,0094990141,سمانه,سلطانی,2011-05-07,زن,09341835430,838 افشار بلوار، شیراز,O-,,1,2026-03-27
1961,2988981566,آرمان,افشار,2009-09-25,مرد,09129307861,792 مرادی میدان، اهواز,,,4,2025-11-09
1962,5560236160,مجید,ملکی,1987-12-18,مرد,09165409825,587 نجفی بلوار، بندرعباس,A-,,3,2025-09-22
1963,1185140751,امیر,رستمی,2017-10-26,مرد,09188289406,387 کریمی خیابان، اردبیل,B-,,4,2025-09-30
1964,8042655290,زهرا,یزدانی,1999-11-05,زن,09180246307,300 یزدانی خیابان، اهواز,AB+,,,2025-09-17
1965,9777720785,میلاد,دهقان,2019-09-04,مرد,09332626250,189 احمدی بن‌بست، کرج,,,1,2025-01-28
1966,1503885844,فاطمه,تحسینی,1984-02-26,زن,09306361754,895 بیات کوچه، یزد,O-,لاتکس,1,2025-04-29
1967,7253980522,معصومه,علوی,2018-07-18,زن,09109334523,557 کریمی جاده، ساری,,,,2025-06-12
1968,7137190286,فاطمه,مرادی,1982-04-04,زن,09199391292,38 رستمی بلوار، تبریز,O-,,5,2025-12-07
1969,4248943220,آرش,توکلی,1990-12-01,مرد,09379610705,165 کاظمی میدان، کرمان,,,4,2026-08-09
1970,8884352428,زهرا,غفاری,2009-10-12,زن,09117432913,622 شریفی کوچه، اصفهان,,,1,2026-02-08
1971,4654524924,الهام,هاشمی,2017-10-14,زن,09305561440,807 نوری میدان، کرج,A+,,1,2025-04-07
1972,9487773045,سمیرا,رضایی,1995-10-16,زن,09122670561,51 صادقی بلوار، مشهد,,,4,2026-05-14
1973,1124980555,یاسر,عباسی,2004-07-19,مرد,09121094451,655 کاظمی بن‌بست، یزد,A-,,1,2025-09-15
1974,5136309059,سمیرا,مرادی,1971-11-25,زن,09175118689,14 پارسا بن‌بست، اصفهان,B+,,1,2026-07-08
1975,1247294005,آرمان,زارع,1996-11-08,مرد,09131339419,348 یزدانی بلوار، تهران,,,,2025-07-04
1976,9585167166,بهرام,سلطانی,1984-11-23,مرد,09373080808,327 موسوی بلوار، اصفهان,B-,,3,2025-03-01
1977,1212493621,ریحانه,جعفری,2010-10-25,زن,09324866755,230 میرزایی میدان، اهواز,,,1,2026-07-17
1978,8175643862,کاوه,زارع,2009-01-27,مرد,09203403957,755 موسوی کوچه، بندرعباس,,,1,2026-04-22
1979,1891752529,ایلیا,امینی,2010-01-30,مرد,09185428561,519 عباسی کوچه، ساری,,,1,2025-03-20
1980,6978564801,آزاده,غفاری,2012-06-04,زن,09289580345,386 رضایی جاده، اهواز,AB+,,,2025-08-22
1981,6684366792,نسرین,امینی,1985-09-24,زن,09270474699,511 فتحی بن‌بست، بندرعباس,O+,لاتکس,1,2025-11-05
1982,6208186897,رها,رضایی,1989-11-19,زن,09127030943,620 یوسفی بلوار، همدان,A-,,,2025-07-26
1983,2176999126,ابوالفضل,رضایی,1987-11-24,مرد,09133436814,776 ملکی بلوار، کرمان,AB+,,2,2025-07-02
1984,6324134075,حسین,بیات,1979-12-16,مرد,09358522608,733 سلطانی بن‌بست، ساری,B+,,3,2025-10-08
1985,0967104297,امیرعباس,رضایی,1976-04-17,مرد,09246811427,440 یزدانی بلوار، کرمان,A-,لیدوکائین,,2025-01-08
1986,7589264172,میلاد,مقدم,1973-06-03,مرد,09236865366,774 قربانی بلوار، مشهد,AB-,,3,2025-10-05
1987,2653958961,شقایق,جعفری,1999-10-15,زن,09150844890,60 دهقان خیابان، یزد,O-,,1,2025-04-14
1988,4571834187,آرمان,مرادی,2013-01-08,مرد,09253225210,460 کاظمی بلوار، اصفهان,A-,لاتکس,1,2025-03-25
1989,3434643011,رضا,سعیدی,2021-08-01,مرد,09273504159,176 اسدی میدان، کرج,A-,,,2025-07-09
1990,4242447541,مهدی,مرادی,2011-06-15,مرد,09167626851,169 بیات بن‌بست، اصفهان,B-,آسپرین,,2025-07-16
1991,0724124039,بابک,جعفری,1970-01-22,مرد,09271240425,787 یزدانی کوچه، همدان,AB-,,2,2025-12-28
1992,8914702804,لیلا,پارسا,1998-12-13,زن,09384975281,890 ملکی بن‌بست، تبریز,A-,,4,2025-08-11
1993,3309654060,سینا,تحسینی,1966-02-02,مرد,09355983953,794 علوی جاده، اهواز,O-,,,2025-03-07
1994,2163022560,افسانه,سعیدی,2009-02-24,زن,09154881582,270 امینی بلوار، رشت,,,4,2025-08-26
1995,9069480344,سمیرا,کاظمی,1994-02-18,زن,09341898887,269 نوری خیابان، یزد,,لیدوکائین,3,2026-08-09
1996,9832863228,سینا,علوی,1982-03-27,مرد,09100687141,609 اکبری خیابان، کرج,AB-,,,2026-07-15
1997,4940318567,شهاب,نوری,1984-05-15,مرد,09104563601,54 اسدی میدان، مشهد,,,,2026-02-09
1998,7331883089,رها,قربانی,2008-04-30,زن,09299363329,798 احمدی میدان، تهران,AB-,آسپرین,,2025-06-03
1999,4001275244,سمیرا,کاظمی,2018-06-03,زن,09332137516,760 حسینی بن‌بست، رشت,,پنی‌سیلین,1,2026-08-09
2000,3396177657,میلاد,توکلی,1988-08-17,مرد,09226201161,784 توکلی جاده، ساری,AB-,,1,2025-08-15
