payment_id,invoice_id,amount,payment_date,method,reference_number
1,1,4629000,2026-07-18,نقدی,REF-30846803
2,2,33670000,2026-06-19,نقدی,REF-66278979
3,3,836000,2025-09-15,انتقال بانکی,REF-29712500
4,3,660000,2025-09-23,کارت,REF-60946779
5,4,8256000,2026-06-11,کارت,REF-49396015
6,5,7403000,2025-12-07,انتقال بانکی,REF-63833397
7,5,6947000,2025-12-10,کارت,REF-25548085
8,6,3820000,2026-08-15,کارت,REF-15387778
9,7,6675000,2026-03-07,کارت,REF-16008641
10,8,1725000,2026-07-08,کارت,REF-11058112
11,9,13100000,2026-06-23,کارت,REF-30678712
12,10,8006000,2025-10-25,کارت,REF-56511312
13,10,5424000,2025-10-26,کارت,REF-78189944
14,11,1624000,2026-06-22,نقدی,REF-50427554
15,11,1366000,2026-06-29,نقدی,REF-24624869
16,12,14330000,2026-04-02,کارت,REF-70462179
17,13,17660000,2026-07-10,انتقال بانکی,REF-64234982
18,14,8013000,2026-07-17,نقدی,REF-83066021
19,14,5808000,2026-07-25,کارت,REF-64712107
20,15,23430000,2025-12-18,نقدی,REF-14724606
21,16,1405000,2026-07-21,انتقال بانکی,REF-35459237
22,16,985000,2026-07-27,کارت,REF-88584414
23,17,28472000,2026-07-15,کارت,REF-17824665
24,18,2990000,2025-12-09,نقدی,REF-61420090
25,19,17949000,2026-08-06,چک,REF-86077860
26,20,4073000,2026-07-11,نقدی,REF-70440014
27,21,6855000,2026-06-12,نقدی,REF-99521217
28,22,4272000,2026-07-17,کارت,REF-37017848
29,23,4565000,2026-02-27,چک,REF-44454543
30,24,22160000,2026-06-28,کارت,REF-11686228
31,25,22602000,2025-09-29,کارت,REF-12345113
32,26,5055000,2026-07-08,نقدی,REF-90140125
33,26,3700000,2026-07-12,کارت,REF-35161131
34,27,2746000,2026-04-12,کارت,REF-38222266
35,28,4954000,2025-11-19,انتقال بانکی,REF-91723613
36,28,3306000,2025-11-29,کارت,REF-87307515
37,29,10930000,2026-08-06,چک,REF-39409099
38,30,13028000,2026-08-13,انتقال بانکی,REF-21142071
39,31,4030000,2026-06-03,کارت,REF-41773903
40,32,8286000,2026-07-08,انتقال بانکی,REF-21064754
41,33,2996000,2026-08-15,نقدی,REF-18542866
42,34,25216000,2026-07-24,انتقال بانکی,REF-10734134
43,35,2046000,2026-03-03,نقدی,REF-62581121
44,36,305000,2026-08-09,کارت,REF-81908339
45,36,319000,2026-08-12,کارت,REF-52666983
46,37,27889000,2026-08-04,انتقال بانکی,REF-16551440
47,38,10950000,2026-03-08,نقدی,REF-45544539
48,39,8813000,2026-07-12,کارت,REF-28069298
49,40,6228000,2026-03-17,کارت,REF-93089312
50,41,1612000,2026-08-18,نقدی,REF-22604269
51,42,25809000,2026-07-05,انتقال بانکی,REF-59298787
52,43,1300000,2026-03-06,کارت,REF-11927240
53,44,290000,2026-07-20,کارت,REF-77931608
54,45,2997000,2026-08-02,نقدی,REF-57427823
55,45,2783000,2026-08-09,کارت,REF-54473190
56,46,4092000,2026-05-24,نقدی,REF-14437377
57,46,4196000,2026-05-30,چک,REF-88055706
58,47,492000,2026-05-02,چک,REF-10245723
59,48,7446000,2026-08-15,کارت,REF-87290401
60,49,15708000,2026-03-22,کارت,REF-15368666
61,50,18743000,2026-08-06,چک,REF-63448629
62,51,9120000,2026-07-07,انتقال بانکی,REF-55318853
63,52,7710000,2026-01-16,کارت,REF-36230403
64,53,13270000,2026-04-20,نقدی,REF-65335587
65,54,5440000,2026-06-12,نقدی,REF-94834319
66,55,6408000,2026-06-18,کارت,REF-29522176
67,56,6340000,2026-01-08,کارت,REF-62439777
68,57,5030000,2026-08-12,نقدی,REF-20271177
69,59,7550000,2026-07-12,کارت,REF-76584139
70,60,3012000,2025-11-20,کارت,REF-33083291
71,62,14344000,2026-08-01,نقدی,REF-42004243
72,63,44013000,2026-02-04,کارت,REF-14955553
73,64,3576000,2026-07-01,کارت,REF-54313671
74,65,2710000,2026-03-18,انتقال بانکی,REF-12172258
75,66,12708000,2026-04-12,کارت,REF-91172823
76,67,17970000,2026-07-22,کارت,REF-32915119
77,68,25179000,2026-07-24,کارت,REF-20915479
78,69,19515000,2026-08-06,کارت,REF-38039963
79,70,16405000,2026-05-07,کارت,REF-88670571
80,71,1141000,2026-06-22,نقدی,REF-43494044
81,71,1539000,2026-06-23,چک,REF-65294654
82,72,6178000,2026-08-26,کارت,REF-54477781
83,73,38288000,2026-07-05,کارت,REF-49836107
84,74,26033000,2026-08-18,نقدی,REF-30402496
85,75,5516000,2026-06-08,نقدی,REF-59485673
86,76,51552000,2026-07-20,نقدی,REF-30774316
87,77,4920000,2025-11-04,کارت,REF-12716083
88,78,5032000,2026-08-08,کارت,REF-65681879
89,79,31910000,2026-07-16,انتقال بانکی,REF-90508959
90,80,22390000,2026-07-08,کارت,REF-92715791
91,81,6341000,2026-08-11,کارت,REF-54193233
92,82,15878000,2026-05-23,نقدی,REF-58834043
93,83,67314000,2026-08-09,نقدی,REF-17570486
94,83,73256000,2026-08-11,کارت,REF-55383955
95,84,2014000,2025-11-11,نقدی,REF-11875125
96,84,1573000,2025-11-19,نقدی,REF-24492384
97,85,451000,2026-05-30,کارت,REF-79802148
98,86,41050000,2026-07-25,کارت,REF-68447317
99,87,18705000,2026-02-25,نقدی,REF-41440013
100,88,2716000,2026-06-06,نقدی,REF-55071369
101,88,3413000,2026-06-15,نقدی,REF-26366106
102,89,32912000,2026-08-10,انتقال بانکی,REF-70472165
103,90,11148000,2026-03-20,انتقال بانکی,REF-35708815
104,91,15610000,2026-08-12,چک,REF-26504771
105,92,3768000,2026-06-23,نقدی,REF-12303058
106,93,8552000,2026-05-15,نقدی,REF-49968723
107,94,33513000,2026-07-28,چک,REF-15064670
108,94,34967000,2026-07-31,انتقال بانکی,REF-97287605
109,95,8128000,2026-06-14,نقدی,REF-94635032
110,96,43112000,2026-06-17,انتقال بانکی,REF-65890097
111,97,19733000,2026-07-23,انتقال بانکی,REF-69070077
112,98,2810000,2026-07-22,کارت,REF-44044295
113,99,25116000,2026-03-25,نقدی,REF-96627982
114,100,10290000,2026-06-05,انتقال بانکی,REF-86076056
115,101,17978000,2026-08-03,انتقال بانکی,REF-95609345
116,102,1778000,2026-05-04,کارت,REF-19451986
117,103,10900000,2026-01-23,کارت,REF-48567776
118,104,2540000,2026-06-15,کارت,REF-54259249
119,105,59864000,2026-08-13,کارت,REF-58027104
120,106,7790000,2026-04-17,چک,REF-58680428
121,107,3248000,2026-08-08,انتقال بانکی,REF-82941322
122,108,19530000,2026-02-14,انتقال بانکی,REF-66045264
123,109,218000,2026-07-19,کارت,REF-90048660
124,110,5719000,2026-08-10,انتقال بانکی,REF-38800944
125,110,6462000,2026-08-15,نقدی,REF-54943559
126,111,11578000,2025-12-21,کارت,REF-79780983
127,112,352000,2026-07-21,کارت,REF-49742202
128,113,15451000,2026-07-25,نقدی,REF-20037269
129,114,2310000,2026-08-06,انتقال بانکی,REF-30998460
130,115,25951000,2026-05-23,کارت,REF-22949041
131,116,3550000,2026-05-04,انتقال بانکی,REF-48692418
132,117,11766000,2026-07-28,کارت,REF-65343442
133,118,7035000,2026-04-28,نقدی,REF-16063793
134,119,58340000,2026-06-25,کارت,REF-32679878
135,120,28797000,2026-08-06,کارت,REF-59939765
136,121,10404000,2025-09-21,کارت,REF-41366268
137,122,4046000,2026-07-16,کارت,REF-42090283
138,123,15670000,2026-08-10,کارت,REF-61541812
139,124,886000,2026-06-18,کارت,REF-27409336
140,124,929000,2026-06-27,نقدی,REF-56408400
141,125,360000,2026-06-06,کارت,REF-72938332
142,126,1683000,2026-07-27,کارت,REF-81639143
143,127,13160000,2026-06-10,انتقال بانکی,REF-84175380
144,128,1059000,2026-06-17,نقدی,REF-23287243
145,128,1469000,2026-06-24,چک,REF-29006708
146,129,18910000,2026-06-01,نقدی,REF-54111328
147,130,1482000,2026-06-11,نقدی,REF-40065002
148,132,16068000,2026-07-15,انتقال بانکی,REF-62542002
149,133,8130000,2026-03-09,نقدی,REF-86197881
150,133,5955000,2026-03-10,کارت,REF-61561851
151,134,825000,2026-08-10,کارت,REF-18201337
152,135,2220000,2026-04-28,کارت,REF-11875796
153,136,12700000,2026-08-06,نقدی,REF-62886613
154,137,23920000,2026-06-02,نقدی,REF-63296266
155,138,4840000,2026-08-15,کارت,REF-11459641
156,139,41100000,2026-07-21,انتقال بانکی,REF-45120267
157,140,3287000,2026-07-30,انتقال بانکی,REF-42271035
158,140,4543000,2026-08-05,کارت,REF-89277172
159,141,3954000,2026-08-09,کارت,REF-77052847
160,141,5246000,2026-08-16,انتقال بانکی,REF-29847425
161,142,17966000,2026-08-04,نقدی,REF-94739742
162,143,17969000,2026-07-21,کارت,REF-35163954
163,144,8412000,2026-07-29,کارت,REF-31691724
164,145,11690000,2026-07-06,کارت,REF-54658521
165,146,1129000,2026-01-19,کارت,REF-62885829
166,146,1221000,2026-01-23,کارت,REF-43719948
167,147,2540000,2026-08-11,کارت,REF-73614962
168,148,56840000,2026-07-23,کارت,REF-21303549
169,149,20124000,2026-08-08,انتقال بانکی,REF-16018055
170,150,11094000,2025-12-14,نقدی,REF-18828598
171,151,1200000,2026-05-10,کارت,REF-16332303
172,152,6320000,2026-03-04,چک,REF-10644378
173,153,300000,2026-07-18,چک,REF-65485853
174,154,31544000,2026-08-20,چک,REF-90693165
175,155,1222000,2026-06-22,انتقال بانکی,REF-58328067
176,155,1768000,2026-06-30,انتقال بانکی,REF-73077216
177,156,7490000,2026-07-18,کارت,REF-37125766
178,157,40545000,2026-02-28,چک,REF-81170503
179,158,1530000,2026-08-13,کارت,REF-36844801
180,159,16792000,2026-06-16,نقدی,REF-91900083
181,160,7870000,2026-02-18,نقدی,REF-60154221
182,161,980000,2026-07-25,کارت,REF-16623625
183,162,27890000,2026-08-04,نقدی,REF-34946209
184,164,18550000,2026-03-27,چک,REF-42566385
185,165,36109000,2026-08-17,انتقال بانکی,REF-22926377
186,166,21840000,2026-07-25,انتقال بانکی,REF-45016962
187,167,2628000,2026-08-04,انتقال بانکی,REF-22041391
188,168,315000,2026-01-30,کارت,REF-15800454
189,169,9828000,2026-07-07,نقدی,REF-83420815
190,170,2378000,2026-07-06,کارت,REF-45308733
191,171,14200000,2026-02-27,کارت,REF-59946901
192,172,7604000,2026-08-05,کارت,REF-24998809
193,172,6306000,2026-08-12,نقدی,REF-94984702
194,173,4812000,2026-06-04,انتقال بانکی,REF-51612678
195,173,5488000,2026-06-07,انتقال بانکی,REF-44059807
196,174,510000,2026-07-28,انتقال بانکی,REF-80128370
197,175,1722000,2026-07-25,نقدی,REF-70564690
198,176,13528000,2026-07-29,نقدی,REF-52687452
199,177,34760000,2026-08-02,نقدی,REF-16927233
200,178,3414000,2026-06-21,کارت,REF-76569169
201,179,6850000,2026-06-16,کارت,REF-67747031
202,180,10136000,2026-07-08,انتقال بانکی,REF-23811964
203,181,3533000,2025-09-24,نقدی,REF-35639444
204,182,23805000,2026-06-27,کارت,REF-42551502
205,183,1317000,2026-08-03,کارت,REF-35430656
206,183,1203000,2026-08-07,نقدی,REF-15653136
207,184,14678000,2026-08-06,نقدی,REF-96602470
208,186,2968000,2026-06-25,کارت,REF-22055428
209,187,18840000,2026-06-05,کارت,REF-81177805
210,188,10182000,2026-07-29,نقدی,REF-91488979
211,189,4416000,2026-07-04,نقدی,REF-87519328
212,190,8119000,2026-07-19,انتقال بانکی,REF-53718341
213,190,10690000,2026-07-29,نقدی,REF-65802708
214,191,3490000,2026-07-01,نقدی,REF-89465370
215,192,9620000,2026-05-07,کارت,REF-33741556
216,193,5700000,2026-08-03,انتقال بانکی,REF-97489393
217,194,2210000,2026-07-12,کارت,REF-78642697
218,195,32928000,2026-07-30,کارت,REF-45015849
219,195,25432000,2026-08-10,انتقال بانکی,REF-35544497
220,196,21304000,2026-05-19,نقدی,REF-43036744
221,197,4075000,2026-07-24,نقدی,REF-45503141
222,197,3311000,2026-08-04,کارت,REF-45159979
223,198,4241000,2026-07-22,چک,REF-68384823
224,198,3523000,2026-08-02,کارت,REF-68410709
225,199,1366000,2025-10-20,کارت,REF-83641386
226,199,1376000,2025-10-23,نقدی,REF-16565694
227,200,4266000,2026-05-05,چک,REF-47981621
228,201,27096000,2026-07-20,انتقال بانکی,REF-29115827
229,202,16456000,2026-07-13,کارت,REF-71857887
230,203,25326000,2026-07-18,کارت,REF-45776544
231,204,34769000,2026-06-21,کارت,REF-28882842
232,204,44570000,2026-06-23,کارت,REF-54818966
233,205,11312000,2026-01-03,چک,REF-49305695
234,206,2072000,2026-08-13,انتقال بانکی,REF-96762594
235,207,7175000,2026-06-29,کارت,REF-30530798
236,208,40598000,2025-10-30,انتقال بانکی,REF-17631946
237,209,8753000,2026-06-02,نقدی,REF-63783662
238,210,7573000,2026-06-25,چک,REF-36107146
239,210,9850000,2026-06-27,کارت,REF-98233687
240,211,7845000,2026-08-08,کارت,REF-72783848
241,211,7245000,2026-08-11,نقدی,REF-15649245
242,212,4860000,2026-07-30,نقدی,REF-44481668
243,213,19898000,2026-03-18,انتقال بانکی,REF-12018965
244,213,27798000,2026-03-23,انتقال بانکی,REF-37099587
245,214,8835000,2026-07-28,انتقال بانکی,REF-72701760
246,215,8894000,2026-06-25,کارت,REF-32851687
247,215,11096000,2026-07-03,نقدی,REF-72019360
248,216,6134000,2026-06-01,انتقال بانکی,REF-45136747
249,216,5766000,2026-06-04,کارت,REF-77014045
250,217,7090000,2026-04-27,کارت,REF-89977290
251,218,19944000,2026-03-05,کارت,REF-54192247
252,219,44293000,2026-08-04,کارت,REF-97809538
253,220,5473000,2026-06-29,کارت,REF-40367976
254,221,20545000,2025-09-23,نقدی,REF-90222993
255,222,1593000,2026-07-14,کارت,REF-20843818
256,222,1963000,2026-07-22,انتقال بانکی,REF-48062819
257,223,30254000,2026-08-16,نقدی,REF-65017578
258,224,20946000,2026-08-07,نقدی,REF-23065200
259,225,65093000,2026-07-28,نقدی,REF-51129982
260,226,23560000,2026-08-10,انتقال بانکی,REF-41049981
261,227,1794000,2026-07-26,کارت,REF-51669362
262,228,3750000,2026-08-21,کارت,REF-61479495
263,229,3128000,2026-05-31,انتقال بانکی,REF-54560852
264,230,31848000,2026-07-11,انتقال بانکی,REF-83251106
265,231,22270000,2026-03-21,نقدی,REF-52133365
266,232,4734000,2026-05-24,انتقال بانکی,REF-66392436
267,233,17710000,2026-08-08,کارت,REF-28087167
268,234,39216000,2026-03-06,انتقال بانکی,REF-52393346
269,235,13490000,2026-07-02,کارت,REF-37443470
270,236,11480000,2026-07-21,کارت,REF-79317085
271,237,1499000,2026-08-02,نقدی,REF-98760246
272,237,1795000,2026-08-02,کارت,REF-98137256
273,238,44940000,2026-06-01,انتقال بانکی,REF-73650808
274,239,14813000,2026-06-29,انتقال بانکی,REF-82780748
275,240,5766000,2026-08-11,نقدی,REF-33497149
276,241,3713000,2025-12-13,نقدی,REF-56481096
277,242,19283000,2026-07-27,کارت,REF-52450136
278,243,23945000,2026-06-29,کارت,REF-80164997
279,244,31592000,2026-04-19,کارت,REF-73504458
280,245,18152000,2026-05-09,کارت,REF-68223446
281,246,6808000,2026-07-09,چک,REF-15624226
282,247,31408000,2026-08-02,نقدی,REF-90653260
283,248,13945000,2026-08-16,انتقال بانکی,REF-44285401
284,249,5390000,2025-12-31,کارت,REF-39528297
285,250,2080000,2026-07-12,کارت,REF-14311814
286,251,1862000,2026-07-18,انتقال بانکی,REF-58622515
287,252,1380000,2026-08-11,نقدی,REF-97200457
288,253,20536000,2026-08-04,چک,REF-87366438
289,254,5214000,2026-06-05,کارت,REF-87365854
290,255,5022000,2026-04-13,کارت,REF-19063137
291,255,4518000,2026-04-13,انتقال بانکی,REF-27807421
292,256,14288000,2026-02-25,کارت,REF-18335843
293,257,1032000,2026-08-07,کارت,REF-56838269
294,258,21830000,2026-05-13,چک,REF-65410674
295,259,774000,2026-06-04,کارت,REF-79050867
296,260,1785000,2026-06-17,نقدی,REF-50958686
297,261,1698000,2026-08-16,کارت,REF-44723692
298,262,16044000,2026-02-15,نقدی,REF-13198394
299,263,3968000,2026-07-29,نقدی,REF-32942477
300,263,4048000,2026-08-07,نقدی,REF-69968819
301,264,41524000,2026-07-19,نقدی,REF-18614626
302,265,3468000,2026-07-29,کارت,REF-41565946
303,266,11583000,2026-04-05,کارت,REF-14153858
304,266,14887000,2026-04-15,کارت,REF-11405039
305,267,4010000,2026-07-25,کارت,REF-80537750
306,268,16308000,2026-07-04,کارت,REF-10528215
307,269,11671000,2026-07-01,انتقال بانکی,REF-62182625
308,269,9029000,2026-07-07,کارت,REF-54674872
309,270,67805000,2026-07-25,کارت,REF-55852369
310,271,11230000,2026-01-30,نقدی,REF-17937572
311,272,2246000,2026-08-01,انتقال بانکی,REF-17060366
312,272,2254000,2026-08-03,کارت,REF-61071735
313,273,14722000,2026-04-24,نقدی,REF-75463046
314,274,2214000,2026-05-04,انتقال بانکی,REF-36210691
315,275,3111000,2026-02-19,کارت,REF-11076313
316,276,9129000,2026-07-07,انتقال بانکی,REF-35811143
317,277,14255000,2026-08-09,کارت,REF-75020379
318,277,14971000,2026-08-13,نقدی,REF-38019594
319,278,4956000,2026-08-14,انتقال بانکی,REF-61178153
320,278,7364000,2026-08-19,کارت,REF-29361806
321,279,19770000,2026-07-30,کارت,REF-68419479
322,280,16583000,2026-06-11,انتقال بانکی,REF-71878994
323,281,1030000,2026-06-20,چک,REF-36092919
324,282,22482000,2026-07-25,کارت,REF-58390791
325,283,12300000,2026-05-16,نقدی,REF-20490225
326,284,1080000,2026-06-15,کارت,REF-64010988
327,285,12906000,2026-06-03,نقدی,REF-41291160
328,286,32660000,2026-06-05,کارت,REF-26873896
329,287,7190000,2026-06-03,انتقال بانکی,REF-21555070
330,288,325000,2026-05-30,نقدی,REF-43916341
331,288,335000,2026-05-30,کارت,REF-35005117
332,289,2515000,2026-07-26,انتقال بانکی,REF-21923343
333,290,300000,2026-02-05,نقدی,REF-45884361
334,292,2514000,2026-07-08,کارت,REF-66414233
335,293,5370000,2026-07-08,چک,REF-33803356
336,294,32240000,2026-04-21,انتقال بانکی,REF-57590373
337,295,7905000,2026-07-19,کارت,REF-24799040
338,296,4263000,2026-08-11,نقدی,REF-48804482
339,296,3863000,2026-08-21,انتقال بانکی,REF-97230608
340,297,14100000,2026-06-24,کارت,REF-80240463
341,298,11528000,2026-04-29,انتقال بانکی,REF-80047345
342,299,26946000,2026-03-29,انتقال بانکی,REF-45880839
343,300,16095000,2026-02-12,کارت,REF-15545946
344,301,7420000,2025-11-09,چک,REF-66404024
345,302,6300000,2026-07-19,کارت,REF-73605753
346,303,19512000,2026-07-15,نقدی,REF-30754834
347,304,18738000,2026-06-22,کارت,REF-59938726
348,305,1291000,2026-06-24,کارت,REF-66264673
349,305,1577000,2026-07-01,نقدی,REF-40239727
350,306,12824000,2026-04-05,کارت,REF-53380791
351,306,12006000,2026-04-11,کارت,REF-79521367
352,307,4284000,2026-07-27,نقدی,REF-14377176
353,308,2220000,2026-08-13,انتقال بانکی,REF-21019943
354,309,16375000,2026-07-17,کارت,REF-69813852
355,309,17885000,2026-07-23,انتقال بانکی,REF-37401452
356,310,5082000,2026-07-15,کارت,REF-47292512
357,311,36010000,2026-02-05,نقدی,REF-45921192
358,312,31850000,2026-05-30,انتقال بانکی,REF-51693512
359,313,5704000,2025-11-11,نقدی,REF-98350774
360,315,4550000,2026-04-10,کارت,REF-80789005
361,316,39060000,2026-07-23,چک,REF-38907743
362,317,2500000,2026-03-31,نقدی,REF-32336050
363,318,400000,2026-08-06,کارت,REF-98398527
364,319,8790000,2026-05-30,چک,REF-43825214
365,320,22190000,2026-06-14,انتقال بانکی,REF-56126429
366,321,2470000,2026-06-10,چک,REF-96179330
367,322,18848000,2026-08-15,کارت,REF-61303515
368,323,44298000,2026-06-20,انتقال بانکی,REF-74002480
369,324,11132000,2026-07-07,کارت,REF-49306657
370,324,9932000,2026-07-14,کارت,REF-25073340
371,325,4134000,2026-01-09,نقدی,REF-28088990
372,326,2478000,2026-05-07,کارت,REF-72889349
373,327,52560000,2026-07-20,کارت,REF-66548053
374,328,10403000,2026-06-28,کارت,REF-86538117
375,328,11161000,2026-07-09,کارت,REF-55429828
376,329,5374000,2026-08-10,کارت,REF-73860320
377,329,5402000,2026-08-18,چک,REF-37697827
378,331,10089000,2026-08-03,چک,REF-28533948
379,331,12249000,2026-08-08,کارت,REF-53773332
380,332,12870000,2026-03-24,کارت,REF-42530999
381,333,4410000,2026-08-10,کارت,REF-22017347
382,334,303000,2026-08-25,نقدی,REF-73929846
383,335,800000,2026-08-07,کارت,REF-66173726
384,336,3400000,2026-05-22,نقدی,REF-37316302
385,337,41450000,2026-07-31,کارت,REF-93553130
386,338,7669000,2026-07-29,کارت,REF-55747867
387,338,5873000,2026-08-02,کارت,REF-70197473
388,339,9258000,2025-12-20,کارت,REF-99776704
389,340,3786000,2026-08-11,کارت,REF-40050673
390,341,26730000,2026-03-02,کارت,REF-17707922
391,342,12420000,2026-07-22,چک,REF-21025697
392,343,19752000,2026-07-15,کارت,REF-71409877
393,344,5704000,2026-07-17,نقدی,REF-78905482
394,345,41080000,2026-05-09,نقدی,REF-21562309
395,346,10240000,2026-03-05,نقدی,REF-80226862
396,347,1971000,2026-08-01,انتقال بانکی,REF-26471397
397,347,2189000,2026-08-10,کارت,REF-10093506
398,348,4284000,2026-08-04,کارت,REF-37938861
399,349,2520000,2026-08-08,نقدی,REF-42915958
400,350,26780000,2026-07-15,کارت,REF-98723823
401,351,13230000,2026-04-10,نقدی,REF-71668131
402,352,16567000,2026-07-27,نقدی,REF-97493767
403,353,1365000,2025-10-13,انتقال بانکی,REF-29112689
404,353,1833000,2025-10-23,نقدی,REF-55503991
405,355,23984000,2026-07-21,نقدی,REF-39618455
406,356,26040000,2026-06-19,کارت,REF-11411382
407,357,2562000,2026-08-16,کارت,REF-77216025
408,358,12456000,2026-03-10,کارت,REF-75901239
409,359,984000,2026-07-31,کارت,REF-74324205
410,360,44992000,2026-07-05,نقدی,REF-10651291
411,361,54210000,2026-06-27,کارت,REF-18873958
412,362,3893000,2026-04-30,انتقال بانکی,REF-39377952
413,363,16304000,2026-08-08,انتقال بانکی,REF-89455870
414,364,4080000,2026-08-17,کارت,REF-33322361
415,365,24600000,2026-07-19,نقدی,REF-86392636
416,366,13850000,2026-06-15,کارت,REF-61270749
417,367,21410000,2026-08-17,انتقال بانکی,REF-52639324
418,368,38391000,2026-07-28,کارت,REF-57713740
419,368,56989000,2026-08-07,چک,REF-57207585
420,369,5636000,2026-06-23,نقدی,REF-89582536
421,369,5756000,2026-06-23,نقدی,REF-32174192
422,370,128000,2026-07-02,نقدی,REF-72526496
423,371,12880000,2026-08-11,کارت,REF-33651442
424,372,7792000,2026-08-05,نقدی,REF-55139739
425,373,5279000,2025-12-28,نقدی,REF-84675830
426,374,3706000,2026-07-15,کارت,REF-26148512
427,375,42950000,2026-05-28,کارت,REF-71241523
428,376,4928000,2026-05-23,انتقال بانکی,REF-13866626
429,377,2905000,2026-07-05,نقدی,REF-10485750
430,377,2111000,2026-07-07,انتقال بانکی,REF-82701263
431,378,11180000,2026-08-15,انتقال بانکی,REF-74965141
432,379,503000,2026-01-26,انتقال بانکی,REF-89891403
433,380,1748000,2026-08-08,کارت,REF-30024797
434,381,4464000,2026-07-12,نقدی,REF-68709804
435,382,18890000,2026-05-31,نقدی,REF-83655314
436,383,3342000,2025-11-18,کارت,REF-38077173
437,384,2100000,2026-07-16,کارت,REF-45336406
438,385,2746000,2026-07-02,کارت,REF-55897988
439,386,23976000,2026-07-20,کارت,REF-23078204
440,387,2460000,2026-02-14,کارت,REF-80857368
441,388,186000,2026-06-23,چک,REF-68010255
442,389,7090000,2026-07-31,کارت,REF-13850115
443,390,1788000,2026-06-01,کارت,REF-84755869
444,391,5696000,2025-09-03,کارت,REF-27067291
445,392,7104000,2026-07-23,کارت,REF-66035829
446,393,15290000,2026-07-30,نقدی,REF-14973465
447,394,24678000,2026-08-05,کارت,REF-88964072
448,395,1269000,2026-06-10,کارت,REF-52100372
449,395,1001000,2026-06-17,انتقال بانکی,REF-52985470
450,396,916000,2026-06-23,کارت,REF-10733403
451,397,1003000,2026-05-25,نقدی,REF-59997311
452,397,1131000,2026-05-25,کارت,REF-87108547
453,398,35558000,2026-06-05,کارت,REF-69074564
454,399,22570000,2026-04-09,کارت,REF-29914690
455,400,9756000,2026-08-07,انتقال بانکی,REF-21631127
456,401,9720000,2026-06-14,کارت,REF-21719909
457,402,3608000,2026-06-01,انتقال بانکی,REF-43371488
458,403,1372000,2026-02-08,کارت,REF-99731354
459,404,3108000,2026-08-12,انتقال بانکی,REF-57248955
460,405,10532000,2026-04-22,کارت,REF-20391951
461,406,1032000,2026-02-15,انتقال بانکی,REF-11537518
462,407,1038000,2026-07-14,چک,REF-87936018
463,408,6580000,2026-07-04,انتقال بانکی,REF-42046404
464,409,5200000,2026-07-12,کارت,REF-18550396
465,410,9485000,2026-07-28,نقدی,REF-89376361
466,411,3036000,2025-11-16,کارت,REF-47271377
467,412,5687000,2026-05-10,انتقال بانکی,REF-28526572
468,413,13044000,2026-08-11,کارت,REF-46583146
469,414,19298000,2026-08-12,انتقال بانکی,REF-88215502
470,415,7638000,2026-08-15,نقدی,REF-56166665
471,416,7877000,2026-08-08,چک,REF-84129427
472,416,7515000,2026-08-15,کارت,REF-11706518
473,417,10230000,2026-07-14,انتقال بانکی,REF-75098642
474,418,702000,2026-01-24,کارت,REF-10872407
475,419,6308000,2026-08-12,کارت,REF-11187423
476,420,26107000,2026-05-31,کارت,REF-69997897
477,420,23613000,2026-06-06,کارت,REF-72833404
478,421,34460000,2026-07-23,کارت,REF-47503230
479,422,6617000,2026-07-24,نقدی,REF-97034042
480,423,8300000,2026-06-07,نقدی,REF-91967445
481,424,10880000,2026-03-03,نقدی,REF-77852770
482,425,802000,2026-08-07,کارت,REF-55873934
483,425,1108000,2026-08-07,کارت,REF-60083117
484,426,26159000,2026-08-06,کارت,REF-20777313
485,426,22661000,2026-08-17,کارت,REF-44463271
486,427,12096000,2026-08-07,کارت,REF-34214289
487,428,1939000,2026-04-23,کارت,REF-99400226
488,429,19040000,2026-06-06,کارت,REF-99245385
489,430,13611000,2026-06-19,نقدی,REF-22787348
490,431,62050000,2026-06-27,کارت,REF-57680195
491,432,33180000,2026-08-13,کارت,REF-21637169
492,433,1008000,2026-05-13,کارت,REF-44586872
493,434,2635000,2026-07-18,کارت,REF-13243570
494,435,12725000,2026-07-30,کارت,REF-95328978
495,436,20496000,2026-07-10,کارت,REF-25695529
496,437,11568000,2026-07-12,کارت,REF-99511203
497,438,6275000,2026-08-01,نقدی,REF-74830817
498,438,8495000,2026-08-06,کارت,REF-35249912
499,439,52790000,2026-07-03,نقدی,REF-26580481
500,440,2652000,2026-06-10,نقدی,REF-85322463
501,441,4790000,2026-06-06,کارت,REF-44406120
502,442,1605000,2026-07-05,کارت,REF-27125189
503,443,2125000,2026-08-05,نقدی,REF-23416702
504,444,48380000,2025-12-11,کارت,REF-33622267
505,445,24733000,2026-06-09,انتقال بانکی,REF-97711057
506,445,28247000,2026-06-12,کارت,REF-19697156
507,446,10112000,2026-06-02,کارت,REF-95560263
508,447,4141000,2026-02-10,کارت,REF-79256306
509,447,2949000,2026-02-15,کارت,REF-73174340
510,448,1780000,2026-07-18,کارت,REF-15307164
511,449,10908000,2026-07-17,انتقال بانکی,REF-42597461
512,449,7582000,2026-07-27,نقدی,REF-79555705
513,450,2784000,2026-07-16,کارت,REF-10124272
514,451,2650000,2026-08-16,کارت,REF-47359760
515,452,2988000,2026-06-08,کارت,REF-98118226
516,452,2082000,2026-06-14,نقدی,REF-87186968
517,453,14246000,2026-01-18,کارت,REF-26725598
518,454,5542000,2026-08-06,کارت,REF-74504344
519,455,20004000,2026-07-01,انتقال بانکی,REF-10943060
520,456,510000,2025-10-26,انتقال بانکی,REF-39609027
521,457,8750000,2026-06-09,نقدی,REF-40801255
522,458,4197000,2026-05-30,چک,REF-84360164
523,458,5028000,2026-05-31,نقدی,REF-82303033
524,459,9710000,2025-12-27,انتقال بانکی,REF-94093374
525,460,8140000,2026-08-05,کارت,REF-71851809
526,462,22710000,2026-05-22,کارت,REF-19578279
527,463,16184000,2026-08-07,نقدی,REF-22162289
528,464,7462000,2026-07-24,کارت,REF-85059727
529,464,6154000,2026-07-30,کارت,REF-42721730
530,465,4446000,2026-07-17,کارت,REF-19585625
531,466,15530000,2026-05-19,نقدی,REF-12678387
532,467,210000,2026-06-26,کارت,REF-24512268
533,468,162000,2025-11-22,کارت,REF-43262612
534,469,17656000,2026-07-29,چک,REF-35547949
535,469,20169000,2026-08-04,کارت,REF-82226560
536,470,27030000,2026-04-14,نقدی,REF-88909503
537,471,2414000,2026-05-28,کارت,REF-65059978
538,471,1996000,2026-05-30,کارت,REF-15102821
539,472,75950000,2026-07-09,کارت,REF-55853294
540,473,10339000,2026-06-28,کارت,REF-71469964
541,474,13090000,2026-07-10,کارت,REF-78792370
542,475,34301000,2026-06-18,کارت,REF-27718499
543,475,23309000,2026-06-22,کارت,REF-26405041
544,476,51000,2026-08-05,انتقال بانکی,REF-42341605
545,476,54000,2026-08-14,کارت,REF-12542431
546,477,15750000,2026-07-13,نقدی,REF-64131449
547,478,683000,2026-08-25,نقدی,REF-52428922
548,479,1041000,2026-07-11,کارت,REF-80331428
549,479,771000,2026-07-21,کارت,REF-66368129
550,480,8223000,2026-07-18,کارت,REF-87142717
551,481,5682000,2026-06-17,کارت,REF-51761953
552,482,574000,2025-11-04,انتقال بانکی,REF-42727480
553,483,7385000,2026-08-18,کارت,REF-18815125
554,484,52556000,2026-08-10,نقدی,REF-10329667
555,485,350000,2026-07-17,کارت,REF-37285676
556,486,966000,2026-01-28,کارت,REF-14886987
557,486,1210000,2026-02-05,انتقال بانکی,REF-71924488
558,487,11024000,2026-08-11,نقدی,REF-30729391
559,488,16190000,2026-08-04,نقدی,REF-21207974
560,489,17784000,2026-07-16,انتقال بانکی,REF-68926187
561,490,5236000,2025-11-09,چک,REF-45034487
562,491,2243000,2026-07-25,کارت,REF-67758919
563,492,14255000,2026-07-14,انتقال بانکی,REF-16514940
564,493,12900000,2026-06-17,انتقال بانکی,REF-47355253
565,494,12710000,2026-05-18,کارت,REF-27977301
566,495,10098000,2026-08-04,کارت,REF-58756625
567,496,61120000,2026-08-15,انتقال بانکی,REF-68139805
568,497,10068000,2026-01-09,انتقال بانکی,REF-85147208
569,498,3648000,2026-08-03,کارت,REF-10462259
570,499,3080000,2026-08-16,انتقال بانکی,REF-46526897
571,499,2530000,2026-08-27,نقدی,REF-28223718
572,500,48300000,2026-07-12,نقدی,REF-12608878
573,501,8019000,2026-06-18,کارت,REF-35298893
574,501,6661000,2026-06-29,نقدی,REF-19779635
575,502,10572000,2026-04-14,نقدی,REF-49238797
576,503,28030000,2026-08-10,نقدی,REF-83843923
577,504,43836000,2026-03-16,نقدی,REF-83148287
578,505,11869000,2026-05-15,کارت,REF-15948834
579,505,15442000,2026-05-20,کارت,REF-54146362
580,506,49584000,2026-08-07,نقدی,REF-62452038
581,507,21930000,2026-05-06,کارت,REF-58353397
582,508,12283000,2026-01-20,کارت,REF-14964303
583,509,3638000,2026-07-26,کارت,REF-52721758
584,510,31120000,2026-07-30,نقدی,REF-71378381
585,511,10956000,2026-08-09,کارت,REF-70073723
586,512,9066000,2026-08-10,کارت,REF-25076927
587,513,646000,2026-08-03,کارت,REF-91707069
588,514,18800000,2026-08-02,کارت,REF-60963628
589,515,26205000,2026-08-02,انتقال بانکی,REF-10723381
590,516,6300000,2026-08-17,کارت,REF-88980426
591,517,19545000,2026-08-11,کارت,REF-53731230
592,518,1260000,2025-08-04,نقدی,REF-37391471
593,519,5510000,2026-07-01,نقدی,REF-94052917
594,520,34540000,2026-05-28,کارت,REF-91430939
595,521,3880000,2026-08-10,انتقال بانکی,REF-99458483
596,522,209000,2025-08-22,انتقال بانکی,REF-55455882
597,522,199000,2025-08-26,کارت,REF-98727052
598,523,9318000,2026-07-29,نقدی,REF-21775537
599,524,1183000,2026-07-13,کارت,REF-98735640
600,525,9277000,2026-07-31,کارت,REF-65341392
601,525,13103000,2026-08-11,کارت,REF-45547498
602,526,9162000,2025-12-09,کارت,REF-15834648
603,527,384000,2026-05-18,کارت,REF-61012957
604,528,4448000,2026-07-09,کارت,REF-46893620
605,529,5211000,2026-03-17,کارت,REF-64256026
606,530,391000,2026-08-06,انتقال بانکی,REF-23447738
607,531,7098000,2026-06-07,کارت,REF-92715813
608,532,4090000,2026-08-14,کارت,REF-65917600
609,533,4921000,2026-08-02,کارت,REF-19248194
610,534,49402000,2026-06-23,کارت,REF-14743505
611,535,10046000,2026-06-06,چک,REF-94608955
612,535,7030000,2026-06-16,کارت,REF-17907651
613,536,15996000,2026-08-12,کارت,REF-50737608
614,537,12795000,2026-07-25,کارت,REF-45547046
615,538,16983000,2026-06-15,کارت,REF-48292585
616,539,712000,2026-03-20,انتقال بانکی,REF-44472017
617,540,1960000,2026-08-06,نقدی,REF-50505672
618,541,6428000,2026-08-10,چک,REF-47535742
619,541,7060000,2026-08-12,نقدی,REF-68133407
620,542,2373000,2026-08-04,انتقال بانکی,REF-15795725
621,543,2415000,2026-05-31,کارت,REF-12583869
622,544,995000,2025-10-08,کارت,REF-76843123
623,545,3111000,2026-08-10,کارت,REF-56704438
624,546,5840000,2026-02-11,کارت,REF-92537598
625,547,780000,2025-07-22,کارت,REF-98836365
626,548,3132000,2026-05-10,نقدی,REF-77434850
627,548,3528000,2026-05-15,چک,REF-71819663
628,549,1536000,2026-02-17,کارت,REF-24033904
629,550,8617000,2026-06-23,کارت,REF-44255994
630,551,20670000,2026-07-17,کارت,REF-79837555
631,552,2285000,2026-08-12,کارت,REF-66724275
632,553,788000,2026-05-10,کارت,REF-29934449
633,553,642000,2026-05-19,نقدی,REF-26368996
634,554,1031000,2026-01-22,کارت,REF-11554827
635,554,993000,2026-01-23,نقدی,REF-49033882
636,555,3776000,2026-08-08,نقدی,REF-19012284
637,556,1122000,2026-07-30,نقدی,REF-27358924
638,557,15352000,2026-05-22,کارت,REF-27592739
639,558,660000,2026-06-27,کارت,REF-71099658
640,559,56410000,2026-08-07,کارت,REF-10368669
641,560,4536000,2025-10-07,نقدی,REF-27765221
642,561,2940000,2026-06-13,کارت,REF-96609194
643,561,2947000,2026-06-17,کارت,REF-24665425
644,562,3783000,2026-07-09,کارت,REF-14769958
645,562,4009000,2026-07-14,نقدی,REF-23291704
646,563,680000,2026-08-08,کارت,REF-27842028
647,564,1560000,2026-04-19,چک,REF-73391801
648,565,9390000,2026-03-18,کارت,REF-39915741
649,565,6810000,2026-03-24,نقدی,REF-46468773
650,566,908000,2026-07-23,کارت,REF-80708397
651,567,7970000,2026-07-24,انتقال بانکی,REF-37906424
652,568,732000,2026-08-11,کارت,REF-80662695
653,569,3102000,2025-10-13,کارت,REF-68703317
654,570,7644000,2026-05-13,چک,REF-25734121
655,571,8200000,2026-07-14,نقدی,REF-27191222
656,572,34789000,2026-07-20,کارت,REF-60499928
657,572,31641000,2026-07-30,کارت,REF-80252240
658,573,3955000,2026-05-29,کارت,REF-18197204
659,574,973000,2026-07-24,نقدی,REF-68769979
660,575,10590000,2025-08-13,کارت,REF-91133089
661,576,3279000,2025-12-07,کارت,REF-35522798
662,576,4461000,2025-12-18,چک,REF-32357049
663,577,684000,2026-08-11,کارت,REF-92767082
664,577,666000,2026-08-12,کارت,REF-51996304
665,578,1360000,2026-08-11,نقدی,REF-22955421
666,579,12192000,2025-10-28,کارت,REF-27930635
667,580,3264000,2026-07-22,نقدی,REF-67631303
668,581,18400000,2026-06-09,کارت,REF-77721469
669,582,6035000,2026-08-04,انتقال بانکی,REF-12556559
670,583,4151000,2026-08-10,کارت,REF-53704030
671,584,8364000,2026-08-01,نقدی,REF-68590265
672,585,3990000,2026-05-02,کارت,REF-48609933
673,586,10074000,2026-02-04,نقدی,REF-77936151
674,587,2820000,2026-08-13,کارت,REF-32078495
675,588,11680000,2026-07-31,نقدی,REF-83522352
676,589,62378000,2026-04-18,کارت,REF-81222454
677,590,15492000,2026-06-23,کارت,REF-30934243
678,591,1190000,2026-07-17,کارت,REF-12636073
679,592,10703000,2026-05-18,نقدی,REF-80158444
680,593,2436000,2026-07-01,کارت,REF-89023603
681,594,27490000,2026-03-06,انتقال بانکی,REF-27706209
682,595,7966000,2025-11-15,کارت,REF-48446198
683,596,7294000,2026-07-26,چک,REF-70991871
684,597,4120000,2026-06-26,انتقال بانکی,REF-60472434
685,598,17230000,2026-07-23,انتقال بانکی,REF-46216733
686,599,10124000,2026-02-05,کارت,REF-70749330
687,600,1406000,2026-06-29,انتقال بانکی,REF-31665297
688,601,666000,2026-08-12,انتقال بانکی,REF-60065020
689,602,3698000,2026-04-08,انتقال بانکی,REF-86130171
690,602,3742000,2026-04-10,کارت,REF-87918973
691,603,115910000,2026-07-04,کارت,REF-45381470
692,604,6858000,2025-09-19,کارت,REF-93571428
693,605,4332000,2026-07-25,کارت,REF-51953144
694,606,11305000,2026-06-08,نقدی,REF-86452719
695,607,14646000,2026-07-25,انتقال بانکی,REF-87584463
696,608,26300000,2026-07-03,نقدی,REF-72516192
697,609,8510000,2026-08-10,انتقال بانکی,REF-14180142
698,610,1020000,2026-01-28,کارت,REF-91306549
699,611,140000,2026-06-12,انتقال بانکی,REF-39528934
700,612,28790000,2026-04-24,نقدی,REF-37025103
701,613,3258000,2026-08-10,چک,REF-49726192
702,614,45258000,2026-08-13,انتقال بانکی,REF-59101525
703,615,984000,2026-07-31,نقدی,REF-69544768
704,616,56810000,2026-08-05,نقدی,REF-56834491
705,617,5358000,2026-02-25,کارت,REF-11473405
706,617,6517000,2026-02-27,کارت,REF-80767746
707,618,893000,2026-06-24,کارت,REF-58030037
708,619,3810000,2026-06-29,کارت,REF-27333941
709,620,15253000,2026-08-06,نقدی,REF-35394722
710,621,24840000,2025-12-31,کارت,REF-64932509
711,622,1600000,2026-07-03,کارت,REF-86055410
712,623,140000,2026-07-28,نقدی,REF-15131258
713,624,2423000,2025-11-09,انتقال بانکی,REF-53503485
714,624,1666000,2025-11-18,انتقال بانکی,REF-74389392
715,625,8271000,2026-06-11,کارت,REF-69693241
716,626,21990000,2026-08-03,انتقال بانکی,REF-11978980
717,627,3140000,2026-03-20,نقدی,REF-81178772
718,627,3980000,2026-03-21,کارت,REF-42039234
719,628,3886000,2026-06-14,کارت,REF-28074079
720,629,2473000,2026-08-04,کارت,REF-68183202
721,630,1806000,2026-07-18,نقدی,REF-91361113
722,630,1896000,2026-07-21,کارت,REF-19148101
723,631,10625000,2026-03-12,انتقال بانکی,REF-77008301
724,632,119000,2026-07-24,کارت,REF-36689635
725,633,440000,2025-09-10,کارت,REF-81863140
726,634,23220000,2026-06-04,نقدی,REF-28137230
727,635,5032000,2026-05-11,کارت,REF-18219493
728,636,18456000,2026-07-28,کارت,REF-14154995
729,637,16380000,2026-02-08,انتقال بانکی,REF-67626485
730,638,3630000,2026-07-13,کارت,REF-17727283
731,639,14520000,2026-07-18,کارت,REF-92540316
732,640,5512000,2026-07-20,کارت,REF-36816001
733,641,8330000,2026-07-20,نقدی,REF-74048880
734,642,11815000,2026-07-07,کارت,REF-14918802
735,643,2310000,2026-08-12,کارت,REF-42424875
736,644,8828000,2026-07-24,کارت,REF-41953594
737,644,8432000,2026-08-03,انتقال بانکی,REF-89531520
738,645,10110000,2026-05-27,کارت,REF-29699070
739,646,4872000,2026-01-08,کارت,REF-32013689
740,646,5588000,2026-01-15,نقدی,REF-99181317
741,647,6010000,2026-08-11,کارت,REF-98616207
742,648,4259000,2026-07-15,نقدی,REF-44453346
743,649,828000,2026-06-19,نقدی,REF-48465856
744,650,21610000,2026-08-01,نقدی,REF-46111861
745,651,5532000,2026-08-05,کارت,REF-20814515
746,652,550000,2025-09-23,نقدی,REF-76635490
747,652,730000,2025-09-29,کارت,REF-71217155
748,653,1681000,2026-07-20,کارت,REF-44319363
749,654,18520000,2026-07-22,کارت,REF-51842897
750,655,32760000,2026-05-21,کارت,REF-45263783
751,656,1694000,2026-06-10,چک,REF-86524401
752,656,2538000,2026-06-20,انتقال بانکی,REF-32314893
753,657,2738000,2026-06-15,کارت,REF-78302913
754,658,14736000,2026-05-16,نقدی,REF-26785076
755,659,9739000,2026-07-20,کارت,REF-21720177
756,660,11543000,2026-05-28,کارت,REF-49583485
757,661,24310000,2026-08-06,نقدی,REF-61129093
758,662,25460000,2026-06-26,نقدی,REF-17870764
759,663,3096000,2026-07-19,نقدی,REF-37085504
760,664,16578000,2026-07-22,کارت,REF-80547982
761,665,10802000,2025-11-29,انتقال بانکی,REF-36103253
762,665,14350000,2025-12-01,نقدی,REF-39827277
763,666,29574000,2026-07-30,کارت,REF-41848579
764,667,11660000,2026-03-24,کارت,REF-65452286
765,668,356000,2026-07-31,انتقال بانکی,REF-75548398
766,668,474000,2026-08-07,کارت,REF-52870092
767,669,2555000,2026-05-15,کارت,REF-47515401
768,670,3050000,2025-10-14,چک,REF-38472710
769,671,3600000,2026-06-13,چک,REF-16524931
770,672,1790000,2026-06-13,کارت,REF-51033009
771,673,6773000,2026-07-21,انتقال بانکی,REF-94887887
772,674,2976000,2026-08-02,کارت,REF-19334461
773,675,8925000,2026-07-24,نقدی,REF-43054850
774,677,9200000,2026-07-31,کارت,REF-83279887
775,678,774000,2026-07-22,نقدی,REF-13945750
776,679,3114000,2026-05-29,کارت,REF-59535489
777,680,7980000,2026-08-13,کارت,REF-21983462
778,681,8505000,2026-07-05,انتقال بانکی,REF-81133113
779,682,3889000,2026-07-07,نقدی,REF-56069311
780,682,3236000,2026-07-10,کارت,REF-49294678
781,683,18698000,2026-07-17,کارت,REF-95303196
782,683,21998000,2026-07-22,نقدی,REF-32802813
783,684,14153000,2026-08-13,کارت,REF-99060383
784,685,1746000,2025-12-06,نقدی,REF-74524290
785,685,2377000,2025-12-08,کارت,REF-56740762
786,686,7531000,2026-07-16,کارت,REF-28056998
787,687,14909000,2026-07-24,کارت,REF-61974228
788,689,13698000,2026-08-15,نقدی,REF-79453769
789,690,64286000,2026-06-30,نقدی,REF-49730416
790,691,19504000,2026-05-27,نقدی,REF-53828071
791,692,4314000,2026-07-16,کارت,REF-41331290
792,693,12744000,2026-07-21,کارت,REF-77108226
793,694,11153000,2026-06-27,انتقال بانکی,REF-57755253
794,694,11445000,2026-06-30,چک,REF-12200230
795,695,30590000,2026-02-01,کارت,REF-70519326
796,697,24744000,2026-05-10,کارت,REF-71050311
797,697,25593000,2026-05-19,کارت,REF-66945047
798,698,3675000,2026-08-13,کارت,REF-66854336
799,699,5970000,2026-02-21,کارت,REF-79217730
800,700,14760000,2026-08-11,کارت,REF-90576011
801,701,24420000,2026-07-22,کارت,REF-15817616
802,702,804000,2026-07-13,نقدی,REF-37493344
803,703,2576000,2025-11-17,کارت,REF-39612272
804,704,35568000,2026-03-26,کارت,REF-56265014
805,705,195000,2026-07-23,کارت,REF-79434673
806,706,4764000,2026-06-11,چک,REF-52166587
807,706,3354000,2026-06-22,انتقال بانکی,REF-62115118
808,707,15768000,2026-07-21,نقدی,REF-94322865
809,708,9462000,2026-08-01,نقدی,REF-27380219
810,709,2680000,2026-01-23,نقدی,REF-95349156
811,710,140000,2026-06-13,انتقال بانکی,REF-71894378
812,711,20176000,2025-11-27,چک,REF-45997735
813,712,5201000,2026-08-13,کارت,REF-46467604
814,712,3591000,2026-08-14,نقدی,REF-91459355
815,713,30390000,2026-01-12,کارت,REF-44265580
816,714,5346000,2026-05-18,کارت,REF-43636718
817,715,10913000,2026-07-27,کارت,REF-29509194
818,716,8573000,2026-05-18,کارت,REF-24511765
819,716,7268000,2026-05-21,کارت,REF-88711090
820,717,34098000,2026-06-26,نقدی,REF-62893890
821,718,36276000,2026-07-02,کارت,REF-93736361
822,719,3366000,2026-04-30,نقدی,REF-90558457
823,720,16530000,2026-06-22,چک,REF-88350316
824,721,1272000,2026-08-02,کارت,REF-28903936
825,722,27852000,2026-07-03,چک,REF-54350729
826,722,26888000,2026-07-12,چک,REF-38447106
827,723,1674000,2026-05-24,نقدی,REF-96263529
828,724,9270000,2026-08-16,کارت,REF-84681273
829,725,390000,2026-08-01,انتقال بانکی,REF-96315595
830,726,26104000,2026-08-11,نقدی,REF-53206328
831,727,14993000,2026-08-11,کارت,REF-88929854
832,728,4718000,2025-08-27,کارت,REF-46569910
833,729,3635000,2026-08-01,کارت,REF-94300262
834,729,4525000,2026-08-05,انتقال بانکی,REF-53284615
835,730,3486000,2026-06-16,کارت,REF-79781042
836,731,1176000,2026-07-17,نقدی,REF-70695096
837,732,4800000,2025-12-12,انتقال بانکی,REF-74673745
838,733,9104000,2026-06-09,کارت,REF-40696495
839,733,6206000,2026-06-14,کارت,REF-72804912
840,734,9926000,2026-07-18,نقدی,REF-44477993
841,735,1416000,2026-07-20,کارت,REF-21214106
842,736,1896000,2026-05-23,کارت,REF-99255916
843,737,4538000,2026-01-08,کارت,REF-75063455
844,738,113000,2026-06-03,چک,REF-13730813
845,739,15130000,2026-03-06,کارت,REF-44701743
846,740,14640000,2026-06-09,نقدی,REF-81128974
847,741,5486000,2026-08-06,کارت,REF-79561428
848,741,3952000,2026-08-15,چک,REF-72749880
849,742,43265000,2026-07-02,کارت,REF-48785716
850,743,5016000,2025-10-17,انتقال بانکی,REF-37790004
851,744,3942000,2026-06-22,چک,REF-36806218
852,745,484000,2026-08-22,کارت,REF-21173134
853,746,19980000,2026-06-11,انتقال بانکی,REF-86394941
854,747,9863000,2026-08-09,کارت,REF-65592305
855,748,12648000,2026-03-06,نقدی,REF-57206593
856,749,5445000,2026-07-29,انتقال بانکی,REF-98741556
857,750,4770000,2026-03-20,انتقال بانکی,REF-31584229
858,751,300000,2026-07-28,کارت,REF-28132333
859,752,7676000,2026-07-01,انتقال بانکی,REF-45437761
860,753,34690000,2026-07-17,نقدی,REF-96539120
861,754,8080000,2026-04-14,نقدی,REF-73339962
862,755,140000,2026-08-10,کارت,REF-69607203
863,756,8513000,2026-05-23,کارت,REF-78394939
864,757,25700000,2026-08-08,کارت,REF-52437192
865,758,22100000,2026-07-15,کارت,REF-82346606
866,759,7724000,2026-08-12,کارت,REF-21953884
867,759,8836000,2026-08-15,نقدی,REF-80636054
868,760,22056000,2026-06-18,انتقال بانکی,REF-80068444
869,761,7959000,2026-07-11,نقدی,REF-91318201
870,762,6780000,2026-03-05,کارت,REF-49707808
871,763,9070000,2026-07-31,کارت,REF-14754280
872,764,903000,2026-07-28,نقدی,REF-56455081
873,765,26390000,2026-04-22,نقدی,REF-70689664
874,766,9210000,2026-07-01,نقدی,REF-77105963
875,767,6069000,2025-12-20,چک,REF-63612543
876,768,13464000,2026-08-10,چک,REF-28451368
877,769,22305000,2026-08-04,کارت,REF-68149494
878,770,615000,2026-08-01,کارت,REF-53045456
879,771,6174000,2026-08-03,کارت,REF-25955421
880,772,1962000,2026-08-06,انتقال بانکی,REF-86458112
881,773,10250000,2026-08-15,کارت,REF-93355355
882,774,20448000,2026-08-01,کارت,REF-24791181
883,775,3018000,2026-07-28,کارت,REF-47873955
884,776,38160000,2026-08-16,کارت,REF-25621462
885,777,13755000,2026-06-23,انتقال بانکی,REF-11690552
886,778,24496000,2026-07-30,کارت,REF-87681771
887,779,5710000,2026-05-11,نقدی,REF-24424547
888,780,10020000,2026-05-21,کارت,REF-38312959
889,781,13230000,2026-08-08,کارت,REF-18168402
890,781,10992000,2026-08-14,کارت,REF-98681798
891,782,20842000,2026-08-12,نقدی,REF-43003691
892,782,26568000,2026-08-22,کارت,REF-49582629
893,783,3313000,2026-05-16,کارت,REF-19770372
894,783,3805000,2026-05-24,انتقال بانکی,REF-37650868
895,784,5381000,2026-04-12,انتقال بانکی,REF-57038078
896,785,5004000,2026-01-17,نقدی,REF-67409103
897,785,3786000,2026-01-27,کارت,REF-34751927
898,786,3360000,2026-08-16,انتقال بانکی,REF-83083736
899,787,5789000,2026-06-19,کارت,REF-88567836
900,788,4604000,2026-06-25,کارت,REF-14803735
901,788,6496000,2026-06-30,کارت,REF-95698043
902,789,23613000,2026-07-26,کارت,REF-86706250
903,790,2703000,2026-08-11,انتقال بانکی,REF-16395327
904,791,8408000,2026-07-11,چک,REF-33839832
905,792,4616000,2026-01-03,انتقال بانکی,REF-96066850
906,792,4544000,2026-01-03,کارت,REF-54496812
907,794,80380000,2026-07-02,نقدی,REF-25202854
908,795,9480000,2026-04-03,کارت,REF-34552895
909,797,13861000,2026-07-27,کارت,REF-27522985
910,797,11588000,2026-07-30,نقدی,REF-82232385
911,798,6072000,2026-01-04,کارت,REF-91153916
912,799,7968000,2026-08-11,کارت,REF-30609676
913,800,15020000,2026-07-22,انتقال بانکی,REF-23443038
914,801,1356000,2026-08-11,نقدی,REF-55309848
915,802,6250000,2026-07-10,انتقال بانکی,REF-87456831
916,803,48528000,2026-08-03,کارت,REF-47220136
917,804,3248000,2026-07-25,کارت,REF-61917798
918,805,6953000,2026-08-16,کارت,REF-24983111
919,806,6630000,2026-07-09,کارت,REF-94541281
920,807,1800000,2026-05-27,انتقال بانکی,REF-86835854
921,807,2048000,2026-05-29,کارت,REF-52963307
922,808,28749000,2026-08-14,انتقال بانکی,REF-73845337
923,809,50870000,2026-07-29,کارت,REF-41422327
924,810,6790000,2026-08-05,کارت,REF-92382370
925,812,22632000,2026-08-06,کارت,REF-75267679
926,813,43523000,2026-07-07,کارت,REF-54334028
927,814,14844000,2026-07-18,نقدی,REF-52018292
928,815,22540000,2026-07-23,چک,REF-16197868
929,816,7218000,2026-08-02,کارت,REF-72109981
930,817,6990000,2026-06-29,نقدی,REF-38286991
931,818,620000,2026-08-06,نقدی,REF-40125823
932,819,22150000,2026-07-30,کارت,REF-80324033
933,820,7902000,2026-07-10,کارت,REF-21963290
934,821,7134000,2026-08-12,کارت,REF-66835420
935,821,9206000,2026-08-15,کارت,REF-43608680
936,822,13482000,2026-05-28,کارت,REF-15984887
937,823,716000,2026-07-16,کارت,REF-70274304
938,824,5372000,2026-04-22,کارت,REF-97888368
939,825,8384000,2025-11-06,انتقال بانکی,REF-31190041
940,826,6656000,2026-06-23,کارت,REF-18009121
941,827,17504000,2026-07-21,انتقال بانکی,REF-26076902
942,828,22493000,2026-07-23,کارت,REF-72818210
943,829,5754000,2026-07-13,انتقال بانکی,REF-46782956
944,830,10983000,2025-09-11,انتقال بانکی,REF-25742688
945,831,6321000,2026-05-19,کارت,REF-80872362
946,832,51270000,2026-06-04,انتقال بانکی,REF-15240960
947,833,670000,2026-06-30,انتقال بانکی,REF-89802081
948,834,9140000,2025-12-03,کارت,REF-69647784
949,835,5140000,2026-06-21,کارت,REF-12519397
950,836,7790000,2026-07-22,انتقال بانکی,REF-96300066
951,837,4830000,2026-07-25,انتقال بانکی,REF-30110202
952,838,45671000,2025-11-17,کارت,REF-42707137
953,839,44209000,2026-08-10,انتقال بانکی,REF-45249509
954,840,31072000,2026-07-29,کارت,REF-76517899
955,841,6533000,2026-05-14,کارت,REF-78291090
956,841,8697000,2026-05-15,انتقال بانکی,REF-45794211
957,842,38081000,2026-08-19,کارت,REF-40017630
958,843,7632000,2026-07-03,نقدی,REF-68527494
959,844,70592000,2026-07-24,کارت,REF-20414941
960,845,6707000,2025-11-30,نقدی,REF-14059241
961,846,4208000,2026-05-27,کارت,REF-11793761
962,847,8143000,2026-06-20,کارت,REF-27415559
963,848,1081000,2026-06-10,کارت,REF-65502466
964,848,1265000,2026-06-21,کارت,REF-81394311
965,849,5838000,2026-05-17,انتقال بانکی,REF-87418761
966,849,4102000,2026-05-21,انتقال بانکی,REF-78158818
967,851,4046000,2026-08-03,انتقال بانکی,REF-48322549
968,852,247000,2026-01-06,کارت,REF-34659551
969,853,12087000,2026-08-01,نقدی,REF-95534147
970,854,8876000,2026-05-23,نقدی,REF-17155951
971,855,3396000,2026-08-12,نقدی,REF-97375181
972,856,2189000,2026-07-25,نقدی,REF-73401944
973,857,1812000,2026-07-08,نقدی,REF-81013835
974,857,2664000,2026-07-16,انتقال بانکی,REF-24990964
975,858,31850000,2026-08-04,کارت,REF-47927238
976,859,1602000,2025-09-17,کارت,REF-27555798
977,860,2028000,2026-04-01,انتقال بانکی,REF-77541050
978,861,5030000,2026-02-20,کارت,REF-61818879
979,862,1950000,2026-08-01,نقدی,REF-45671406
980,863,9912000,2026-08-09,انتقال بانکی,REF-38848100
981,864,1121000,2026-07-27,نقدی,REF-25921513
982,865,4968000,2026-07-04,کارت,REF-85454739
983,866,550000,2026-08-02,چک,REF-36007385
984,867,22177000,2025-12-20,انتقال بانکی,REF-25602457
985,868,2822000,2026-08-04,کارت,REF-29011825
986,869,3864000,2026-01-27,کارت,REF-95825389
987,870,6984000,2026-08-09,کارت,REF-76765711
988,871,8867000,2026-05-10,نقدی,REF-68846450
989,871,9133000,2026-05-20,انتقال بانکی,REF-33150268
990,872,32024000,2026-01-07,کارت,REF-56604261
991,872,37336000,2026-01-12,کارت,REF-62445366
992,873,3490000,2025-08-13,نقدی,REF-49940404
993,874,12190000,2026-06-27,کارت,REF-79000682
994,875,2613000,2026-07-10,نقدی,REF-91786242
995,875,1790000,2026-07-19,کارت,REF-70652823
996,876,10602000,2026-07-30,کارت,REF-81393791
997,876,7518000,2026-08-02,نقدی,REF-97518648
998,877,2610000,2026-05-14,نقدی,REF-75273520
999,878,3090000,2026-03-06,کارت,REF-29906846
1000,879,10760000,2026-07-16,کارت,REF-81633159
1001,880,15168000,2026-07-16,کارت,REF-95434948
1002,881,1290000,2025-12-16,نقدی,REF-26271593
1003,882,564000,2026-08-02,کارت,REF-73767785
1004,882,736000,2026-08-05,انتقال بانکی,REF-21350444
1005,883,25470000,2026-08-05,کارت,REF-76181150
1006,884,42470000,2026-07-19,چک,REF-87596774
1007,885,5329000,2026-08-02,کارت,REF-38912921
1008,886,1848000,2026-08-01,کارت,REF-27694525
1009,886,2632000,2026-08-05,کارت,REF-50283530
1010,887,13680000,2026-05-14,کارت,REF-92521728
1011,888,4950000,2026-01-24,کارت,REF-48948670
1012,890,13419000,2026-07-02,کارت,REF-13898346
1013,890,16899000,2026-07-12,کارت,REF-75518907
1014,891,15500000,2026-07-22,کارت,REF-70265680
1015,892,20520000,2026-06-30,انتقال بانکی,REF-52042487
1016,893,13240000,2026-07-17,نقدی,REF-49250755
1017,894,15552000,2026-06-11,نقدی,REF-11265869
1018,895,34757000,2026-07-17,نقدی,REF-36030928
1019,896,72480000,2026-07-07,کارت,REF-82445501
1020,897,9095000,2026-08-08,چک,REF-86677433
1021,897,10623000,2026-08-11,کارت,REF-56776630
1022,898,24984000,2026-08-11,کارت,REF-76206756
1023,899,39200000,2026-07-24,نقدی,REF-48139743
1024,900,65488000,2026-07-01,نقدی,REF-23512058
1025,901,4351000,2026-01-31,نقدی,REF-89477986
1026,901,4841000,2026-02-06,کارت,REF-34591441
1027,902,618000,2026-06-22,نقدی,REF-10069297
1028,903,30800000,2026-05-27,چک,REF-82493650
1029,904,7892000,2026-06-28,نقدی,REF-79740935
1030,905,14490000,2026-06-13,انتقال بانکی,REF-18100821
1031,906,20493000,2026-07-26,کارت,REF-63743645
1032,906,20391000,2026-08-04,نقدی,REF-66232007
1033,907,11237000,2026-06-04,کارت,REF-82897805
1034,908,3468000,2025-10-22,نقدی,REF-25252882
1035,909,10746000,2026-07-07,نقدی,REF-79463859
1036,910,41574000,2025-12-19,کارت,REF-69613418
1037,911,4828000,2026-06-04,نقدی,REF-77212818
1038,912,24217000,2026-07-16,انتقال بانکی,REF-29811079
1039,913,20886000,2026-07-25,انتقال بانکی,REF-49016038
1040,914,5720000,2026-07-03,کارت,REF-42464627
1041,915,15802000,2026-07-11,نقدی,REF-51619376
1042,916,18683000,2026-07-11,کارت,REF-43070643
1043,917,31850000,2026-08-13,کارت,REF-25244927
1044,918,858000,2026-03-09,کارت,REF-62414420
1045,919,378000,2026-07-15,کارت,REF-37005717
1046,920,70490000,2026-07-09,کارت,REF-19095091
1047,921,5180000,2026-07-28,نقدی,REF-53832852
1048,922,34760000,2026-07-21,کارت,REF-52395894
1049,923,12968000,2026-07-18,انتقال بانکی,REF-57057158
1050,924,10269000,2026-04-20,کارت,REF-16736498
1051,924,7964000,2026-04-21,کارت,REF-25446009
1052,925,14076000,2026-07-01,کارت,REF-25406358
1053,926,10716000,2026-07-14,کارت,REF-26585513
1054,927,2232000,2026-03-24,نقدی,REF-11483492
1055,928,3234000,2026-08-13,کارت,REF-32362085
1056,929,21561000,2026-07-27,کارت,REF-33019446
1057,929,22257000,2026-08-01,چک,REF-56832281
1058,930,16790000,2025-12-25,کارت,REF-96421167
1059,931,7280000,2026-07-24,کارت,REF-11168969
1060,932,4840000,2026-06-19,انتقال بانکی,REF-46571071
1061,934,4641000,2026-07-19,کارت,REF-90650462
1062,935,2570000,2025-07-28,کارت,REF-49125510
1063,936,7500000,2025-12-16,نقدی,REF-53568470
1064,937,36260000,2026-06-26,چک,REF-27039909
1065,938,23670000,2026-07-01,کارت,REF-43264188
1066,939,17162000,2026-07-19,نقدی,REF-56576272
1067,940,23690000,2026-07-25,کارت,REF-64987680
1068,941,43390000,2026-05-12,کارت,REF-25157465
1069,942,2920000,2026-06-24,کارت,REF-90665742
1070,943,3907000,2026-07-08,کارت,REF-94854670
1071,943,3023000,2026-07-13,چک,REF-88524376
1072,944,24386000,2026-01-02,انتقال بانکی,REF-69358971
1073,944,19614000,2026-01-12,انتقال بانکی,REF-93662385
1074,945,4860000,2026-06-19,کارت,REF-12233094
1075,946,8544000,2026-08-09,کارت,REF-27797380
1076,947,6766000,2026-07-21,انتقال بانکی,REF-89761092
1077,947,4944000,2026-07-28,نقدی,REF-72714127
1078,948,11240000,2026-07-08,انتقال بانکی,REF-72637500
1079,949,2460000,2026-07-14,نقدی,REF-85691094
1080,950,960000,2026-06-30,نقدی,REF-41513122
1081,951,34710000,2026-08-01,نقدی,REF-90894474
1082,952,8538000,2026-08-05,کارت,REF-44366404
1083,953,13910000,2026-04-23,کارت,REF-57382216
1084,954,5125000,2026-07-23,چک,REF-45120078
1085,955,162000,2025-09-20,نقدی,REF-41031405
1086,956,3147000,2026-06-22,کارت,REF-89280482
1087,956,2973000,2026-06-29,نقدی,REF-38141238
1088,957,6341000,2026-07-30,کارت,REF-76867926
1089,958,17300000,2026-06-13,نقدی,REF-10638497
1090,959,13420000,2026-06-03,نقدی,REF-91244840
1091,960,3390000,2026-08-16,نقدی,REF-86360200
1092,961,4488000,2026-08-08,کارت,REF-62519333
1093,962,336000,2025-07-27,کارت,REF-54930251
1094,963,19488000,2026-08-12,کارت,REF-34655547
1095,964,5623000,2026-05-02,انتقال بانکی,REF-30212011
1096,964,5313000,2026-05-02,انتقال بانکی,REF-93132043
1097,965,12172000,2026-03-20,نقدی,REF-56367543
1098,965,13358000,2026-03-26,انتقال بانکی,REF-18658426
1099,966,10130000,2026-03-28,انتقال بانکی,REF-97069003
1100,967,4125000,2026-05-22,کارت,REF-71686403
1101,967,3235000,2026-05-23,انتقال بانکی,REF-75877141
1102,968,11816000,2026-03-30,کارت,REF-35603586
1103,969,38100000,2026-05-14,کارت,REF-18645845
1104,970,11420000,2026-01-27,انتقال بانکی,REF-47195282
1105,971,44890000,2026-07-25,انتقال بانکی,REF-35012894
1106,972,3918000,2026-04-30,کارت,REF-97295700
1107,973,3930000,2026-06-19,انتقال بانکی,REF-23672341
1108,974,20243000,2026-06-27,نقدی,REF-93767447
1109,975,7860000,2026-03-23,نقدی,REF-34213603
1110,976,19850000,2026-08-11,کارت,REF-78009616
1111,977,20640000,2026-07-25,کارت,REF-17233932
1112,977,23238000,2026-08-04,کارت,REF-48347782
1113,978,33012000,2026-08-08,کارت,REF-40508882
1114,979,38930000,2026-08-04,نقدی,REF-85190878
1115,980,5483000,2026-03-15,چک,REF-25381644
1116,981,7238000,2026-07-03,کارت,REF-86803367
1117,982,28520000,2026-07-20,کارت,REF-40055685
1118,983,5720000,2025-09-19,کارت,REF-99745466
1119,984,15780000,2026-05-26,کارت,REF-98217023
1120,985,2288000,2026-08-19,نقدی,REF-44886265
1121,986,20936000,2026-03-04,کارت,REF-99982264
1122,987,7170000,2026-08-10,کارت,REF-11146263
1123,988,4940000,2026-06-07,کارت,REF-48380200
1124,989,23288000,2026-07-12,انتقال بانکی,REF-12632660
1125,990,48320000,2026-01-28,نقدی,REF-59015261
1126,991,11160000,2026-03-14,انتقال بانکی,REF-60432311
1127,992,504000,2026-08-01,نقدی,REF-33212311
1128,993,27880000,2026-07-18,نقدی,REF-35850714
1129,994,4784000,2026-06-06,کارت,REF-20924147
1130,994,6003000,2026-06-10,چک,REF-68920005
1131,995,3850000,2026-08-04,کارت,REF-40774985
1132,996,14443000,2026-08-09,چک,REF-13388962
1133,996,10747000,2026-08-09,کارت,REF-99683551
1134,997,8694000,2025-11-24,کارت,REF-29391396
1135,998,5706000,2026-07-15,نقدی,REF-23229736
1136,999,17224000,2026-08-05,نقدی,REF-12934398
1137,1000,16338000,2026-05-21,کارت,REF-23780148
1138,1001,37940000,2026-07-24,کارت,REF-38722057
1139,1002,11220000,2026-01-26,کارت,REF-58884132
1140,1003,8210000,2026-05-24,چک,REF-78009479
1141,1004,18320000,2026-07-22,نقدی,REF-58189923
1142,1005,7483000,2026-08-02,نقدی,REF-77388103
1143,1006,13490000,2025-12-29,انتقال بانکی,REF-24109732
1144,1007,5075000,2026-08-03,انتقال بانکی,REF-49441281
1145,1008,6000000,2026-06-23,کارت,REF-80275811
1146,1009,1273000,2026-08-01,نقدی,REF-55425849
1147,1009,1253000,2026-08-11,کارت,REF-88830874
1148,1010,348000,2026-07-14,انتقال بانکی,REF-18411602
1149,1010,506000,2026-07-18,کارت,REF-52038798
1150,1011,39058000,2026-07-09,نقدی,REF-71727113
1151,1012,25530000,2026-06-28,کارت,REF-87596875
1152,1013,3536000,2026-08-12,کارت,REF-42979429
1153,1014,16551000,2026-07-27,کارت,REF-60747347
1154,1014,22245000,2026-08-07,کارت,REF-40600957
1155,1015,49190000,2026-01-22,کارت,REF-63467350
1156,1016,519000,2026-08-13,نقدی,REF-43190685
1157,1017,32928000,2026-04-17,نقدی,REF-32445535
1158,1018,15760000,2026-05-30,نقدی,REF-69558243
1159,1019,18996000,2026-08-18,نقدی,REF-72210410
1160,1020,21544000,2026-08-09,انتقال بانکی,REF-74325091
1161,1021,4600000,2026-07-24,کارت,REF-78188796
1162,1022,36190000,2026-05-22,چک,REF-69881244
1163,1023,4710000,2026-06-21,کارت,REF-88659977
1164,1024,9294000,2026-08-06,انتقال بانکی,REF-37852024
1165,1025,7353000,2026-07-06,انتقال بانکی,REF-88005630
1166,1026,5041000,2026-06-05,کارت,REF-36959396
1167,1026,6035000,2026-06-07,انتقال بانکی,REF-90688620
1168,1027,10260000,2025-08-29,کارت,REF-67581662
1169,1028,13098000,2026-08-09,کارت,REF-56221694
1170,1029,3690000,2026-08-01,کارت,REF-48923941
1171,1030,600000,2026-06-04,کارت,REF-64063915
1172,1031,5362000,2026-01-24,کارت,REF-27532529
1173,1032,448000,2026-08-10,نقدی,REF-44125725
1174,1033,9827000,2026-08-03,انتقال بانکی,REF-82295631
1175,1034,17634000,2026-08-08,کارت,REF-60036932
1176,1035,1638000,2026-06-10,کارت,REF-99134617
1177,1036,58730000,2026-08-10,انتقال بانکی,REF-60783352
1178,1037,41146000,2026-07-03,کارت,REF-95955061
1179,1038,4290000,2026-07-11,انتقال بانکی,REF-52846096
1180,1039,7770000,2026-06-14,کارت,REF-40183814
1181,1040,22675000,2026-06-16,نقدی,REF-73526369
1182,1040,17525000,2026-06-22,نقدی,REF-70499170
1183,1041,16370000,2026-07-15,چک,REF-10990126
1184,1042,14361000,2026-08-15,کارت,REF-31794367
1185,1043,2781000,2026-07-24,کارت,REF-64063671
1186,1043,2011000,2026-07-30,انتقال بانکی,REF-86746498
1187,1044,14909000,2026-08-19,کارت,REF-75849830
1188,1045,4192000,2026-08-12,چک,REF-81828443
1189,1046,15810000,2026-05-19,کارت,REF-34701581
1190,1047,12890000,2026-06-28,کارت,REF-67780625
1191,1048,5532000,2025-08-15,کارت,REF-75808596
1192,1049,4638000,2026-07-12,چک,REF-43615225
1193,1050,13584000,2026-07-06,انتقال بانکی,REF-44497956
1194,1051,15600000,2026-06-02,نقدی,REF-50995326
1195,1052,23480000,2026-07-24,انتقال بانکی,REF-81375001
1196,1053,25025000,2026-06-09,کارت,REF-98400423
1197,1054,18192000,2026-07-17,کارت,REF-74050692
1198,1055,15799000,2026-08-12,انتقال بانکی,REF-61523958
1199,1056,8529000,2026-08-16,کارت,REF-46880306
1200,1057,28800000,2026-08-05,نقدی,REF-37064228
1201,1058,664000,2026-04-25,کارت,REF-48985604
1202,1059,13758000,2026-05-30,کارت,REF-11032192
1203,1060,2384000,2026-05-28,کارت,REF-43361157
1204,1060,2226000,2026-06-01,کارت,REF-66263205
1205,1061,12342000,2026-06-27,کارت,REF-79059725
1206,1062,5817000,2026-01-31,نقدی,REF-40373564
1207,1062,4317000,2026-02-04,انتقال بانکی,REF-34482599
1208,1063,15858000,2026-08-04,کارت,REF-47600412
1209,1064,2604000,2026-06-02,کارت,REF-38672407
1210,1065,62900000,2026-06-06,کارت,REF-15267025
1211,1066,7735000,2026-05-24,کارت,REF-38941731
1212,1067,5588000,2026-06-28,نقدی,REF-75172980
1213,1067,5549000,2026-07-06,انتقال بانکی,REF-66532951
1214,1068,2712000,2025-12-30,نقدی,REF-98529075
1215,1069,3090000,2026-08-12,کارت,REF-39035251
1216,1070,9228000,2026-07-15,کارت,REF-58234494
1217,1071,12878000,2026-07-03,چک,REF-58074761
1218,1072,11944000,2026-08-03,کارت,REF-58371745
1219,1073,5648000,2026-08-11,کارت,REF-31787522
1220,1074,4002000,2026-04-02,نقدی,REF-82220520
1221,1075,24574000,2026-04-10,نقدی,REF-91263716
1222,1076,10458000,2026-08-09,انتقال بانکی,REF-74267617
1223,1077,7480000,2026-04-22,انتقال بانکی,REF-18205379
1224,1077,5000000,2026-04-25,چک,REF-12295285
1225,1078,1956000,2026-07-20,نقدی,REF-45818226
1226,1079,3330000,2026-08-04,نقدی,REF-45749836
1227,1080,10232000,2026-07-30,نقدی,REF-49340117
1228,1080,8506000,2026-08-10,کارت,REF-76036560
1229,1081,2428000,2026-08-05,کارت,REF-37763670
1230,1082,4548000,2026-05-11,کارت,REF-73061027
1231,1083,322000,2026-06-23,کارت,REF-84471257
1232,1083,296000,2026-07-02,انتقال بانکی,REF-81482286
1233,1084,11739000,2026-05-10,کارت,REF-97188735
1234,1085,8350000,2026-07-25,نقدی,REF-38193733
1235,1086,21656000,2026-07-18,کارت,REF-27264834
1236,1087,8032000,2026-07-23,کارت,REF-44540654
1237,1088,10880000,2025-11-13,نقدی,REF-24268863
1238,1089,10450000,2026-07-03,انتقال بانکی,REF-86702471
1239,1090,6470000,2026-08-07,چک,REF-40606361
1240,1091,2640000,2026-05-22,نقدی,REF-53340593
1241,1092,3724000,2026-05-10,کارت,REF-58627890
1242,1093,10210000,2026-03-08,نقدی,REF-76802768
1243,1094,29190000,2026-06-20,کارت,REF-66729159
1244,1095,20580000,2026-06-27,کارت,REF-32302724
1245,1096,1050000,2026-07-20,کارت,REF-52229625
1246,1097,3039000,2026-08-06,کارت,REF-53216160
1247,1097,2758000,2026-08-15,نقدی,REF-17269688
1248,1098,440000,2025-09-18,کارت,REF-99374199
1249,1099,15460000,2026-08-13,نقدی,REF-36606426
1250,1100,4116000,2026-08-10,نقدی,REF-59274551
1251,1100,5040000,2026-08-11,کارت,REF-64199203
1252,1101,6850000,2025-09-13,کارت,REF-78991152
1253,1102,2450000,2026-03-27,کارت,REF-95360605
1254,1103,5505000,2026-06-13,کارت,REF-89116915
1255,1103,3915000,2026-06-19,کارت,REF-14257195
1256,1104,3836000,2025-12-27,کارت,REF-34263335
1257,1105,4498000,2026-08-02,نقدی,REF-61115144
1258,1106,13990000,2026-08-04,نقدی,REF-22382989
1259,1107,12858000,2026-06-07,کارت,REF-17994638
1260,1108,6283000,2026-08-01,نقدی,REF-31110830
1261,1109,4980000,2026-07-31,کارت,REF-84677859
1262,1110,2757000,2026-08-19,نقدی,REF-13296646
1263,1110,3048000,2026-08-27,نقدی,REF-36991747
1264,1111,13584000,2026-04-24,کارت,REF-27240575
1265,1112,16422000,2026-07-23,کارت,REF-20350101
1266,1113,48582000,2026-07-21,نقدی,REF-54531140
1267,1114,53990000,2026-06-12,انتقال بانکی,REF-92064116
1268,1115,35190000,2026-03-05,کارت,REF-65695081
1269,1116,300000,2026-08-11,کارت,REF-37015337
1270,1117,1301000,2026-06-11,چک,REF-22740379
1271,1118,29750000,2026-07-07,نقدی,REF-64831668
1272,1119,6552000,2026-04-13,کارت,REF-74465663
1273,1120,10370000,2026-04-11,کارت,REF-75526969
1274,1121,14252000,2026-08-07,کارت,REF-14957899
1275,1121,20172000,2026-08-12,کارت,REF-34989443
1276,1122,75950000,2026-07-30,نقدی,REF-30173218
1277,1123,26963000,2026-07-25,کارت,REF-67140669
1278,1124,1776000,2026-04-15,کارت,REF-19930543
1279,1125,54820000,2026-07-30,نقدی,REF-10242509
1280,1126,10010000,2026-03-30,نقدی,REF-30866681
1281,1126,14994000,2026-04-05,کارت,REF-43572256
1282,1127,105000,2026-07-30,انتقال بانکی,REF-18141340
1283,1128,8970000,2026-08-11,انتقال بانکی,REF-82068643
1284,1129,7770000,2026-04-29,کارت,REF-39591110
1285,1130,60210000,2026-07-12,کارت,REF-29022865
1286,1131,2695000,2026-05-30,انتقال بانکی,REF-89053172
1287,1132,7984000,2026-03-01,انتقال بانکی,REF-36234871
1288,1133,944000,2026-07-31,نقدی,REF-63969075
1289,1134,8456000,2026-08-12,کارت,REF-38123585
1290,1135,4979000,2026-07-31,نقدی,REF-23093657
1291,1136,16386000,2026-04-10,کارت,REF-44605362
1292,1137,6000000,2026-06-30,کارت,REF-46860023
1293,1138,3204000,2026-07-09,انتقال بانکی,REF-48634177
1294,1139,3470000,2026-06-10,چک,REF-70989203
1295,1139,4960000,2026-06-16,انتقال بانکی,REF-27214144
1296,1140,6410000,2026-05-12,انتقال بانکی,REF-37007221
1297,1141,19780000,2026-07-19,کارت,REF-73199142
1298,1142,5490000,2026-06-20,نقدی,REF-76878649
1299,1143,21983000,2026-06-22,انتقال بانکی,REF-30899580
1300,1144,14340000,2025-12-30,نقدی,REF-39156670
1301,1145,290000,2026-07-13,انتقال بانکی,REF-55728033
1302,1146,48031000,2026-07-29,نقدی,REF-95932237
1303,1147,1590000,2025-10-27,کارت,REF-31105249
1304,1148,8520000,2026-08-11,چک,REF-86710040
1305,1149,2480000,2026-06-02,نقدی,REF-66301760
1306,1150,128000,2026-08-06,کارت,REF-90387615
1307,1151,22870000,2026-08-12,نقدی,REF-76071599
1308,1152,2329000,2026-05-29,کارت,REF-79193728
1309,1153,18930000,2026-07-19,نقدی,REF-92795958
1310,1154,3914000,2026-05-15,کارت,REF-25806934
1311,1154,4966000,2026-05-21,کارت,REF-54249321
1312,1155,247000,2026-08-08,کارت,REF-78153423
1313,1156,15700000,2026-08-11,کارت,REF-60573128
1314,1157,5354000,2026-03-05,انتقال بانکی,REF-21120701
1315,1157,5770000,2026-03-09,کارت,REF-37603271
1316,1158,1206000,2026-07-28,کارت,REF-49230951
1317,1159,6060000,2026-07-28,کارت,REF-47311720
1318,1159,7218000,2026-07-31,نقدی,REF-93467719
1319,1160,40000,2025-11-30,نقدی,REF-42320042
1320,1160,50000,2025-12-03,کارت,REF-26460080
1321,1161,118000,2026-07-30,انتقال بانکی,REF-69488503
1322,1161,140000,2026-08-07,کارت,REF-68178339
1323,1162,19390000,2026-02-23,کارت,REF-28284819
1324,1163,11979000,2026-08-15,کارت,REF-81595776
1325,1164,170000,2026-06-03,کارت,REF-91714855
1326,1165,3642000,2026-06-18,نقدی,REF-96124175
1327,1166,23770000,2025-12-02,انتقال بانکی,REF-51524751
1328,1167,13598000,2026-07-27,کارت,REF-26127695
1329,1167,11412000,2026-08-03,نقدی,REF-89371596
1330,1168,12194000,2026-07-27,انتقال بانکی,REF-71278995
1331,1169,11262000,2026-07-10,چک,REF-27930760
1332,1170,3760000,2026-07-21,چک,REF-48377675
1333,1171,3230000,2026-05-30,نقدی,REF-10686798
1334,1172,2856000,2026-07-15,کارت,REF-94123772
1335,1173,18470000,2026-07-26,کارت,REF-67322686
1336,1174,18750000,2025-12-03,کارت,REF-26210392
1337,1175,2399000,2026-08-19,چک,REF-95518575
1338,1175,3541000,2026-08-23,نقدی,REF-77537259
1339,1177,2126000,2026-01-16,کارت,REF-24504872
1340,1177,2566000,2026-01-17,کارت,REF-65513594
1341,1178,3318000,2026-08-04,انتقال بانکی,REF-95002841
1342,1179,3983000,2026-07-16,نقدی,REF-52803613
1343,1180,10506000,2026-08-19,کارت,REF-58264550
1344,1181,21165000,2026-08-07,کارت,REF-26860432
1345,1182,8781000,2026-02-19,نقدی,REF-51051495
1346,1183,3936000,2026-05-07,انتقال بانکی,REF-11300141
1347,1184,9205000,2026-08-09,کارت,REF-20206969
1348,1184,7505000,2026-08-14,کارت,REF-85318039
1349,1185,2934000,2026-03-02,انتقال بانکی,REF-84480270
1350,1186,16661000,2026-08-01,کارت,REF-60965290
1351,1187,10260000,2026-08-18,کارت,REF-92216852
1352,1189,492000,2026-01-30,انتقال بانکی,REF-96300284
1353,1190,4962000,2026-08-10,انتقال بانکی,REF-91007597
1354,1191,28213000,2026-08-08,نقدی,REF-66589346
1355,1191,19761000,2026-08-13,کارت,REF-49783892
1356,1192,19340000,2026-05-30,کارت,REF-73911454
1357,1193,20736000,2026-07-27,کارت,REF-73330287
1358,1194,7730000,2026-04-05,انتقال بانکی,REF-64083333
1359,1195,7518000,2026-08-17,کارت,REF-87144683
1360,1196,12020000,2026-05-28,انتقال بانکی,REF-12812742
1361,1197,1897000,2026-05-22,نقدی,REF-32088821
1362,1198,11712000,2026-03-26,کارت,REF-30557319
1363,1199,294000,2026-07-24,کارت,REF-95239776
1364,1200,1408000,2026-07-29,کارت,REF-89125451
1365,1201,2907000,2025-12-03,انتقال بانکی,REF-17530869
1366,1202,5216000,2026-07-07,کارت,REF-27696695
1367,1203,15030000,2026-08-10,انتقال بانکی,REF-10331969
1368,1204,1684000,2026-08-16,کارت,REF-21288123
1369,1205,39831000,2026-04-05,کارت,REF-18945012
1370,1206,3270000,2026-08-13,کارت,REF-24380323
1371,1207,2298000,2026-06-08,کارت,REF-42155940
1372,1208,672000,2026-07-14,انتقال بانکی,REF-64517436
1373,1209,11760000,2026-05-30,کارت,REF-14197089
1374,1210,7045000,2026-07-09,نقدی,REF-15553613
1375,1210,8933000,2026-07-20,نقدی,REF-57839807
1376,1211,44000000,2026-07-18,نقدی,REF-70122452
1377,1212,22722000,2026-06-22,نقدی,REF-46722765
1378,1213,38850000,2026-07-05,چک,REF-50915374
1379,1214,4326000,2026-05-30,کارت,REF-17898906
1380,1215,8869000,2026-04-06,کارت,REF-54993284
1381,1216,8108000,2025-10-07,چک,REF-31700998
1382,1217,5700000,2026-07-26,کارت,REF-64485353
1383,1219,20096000,2026-07-12,نقدی,REF-18807068
1384,1220,2250000,2026-07-08,کارت,REF-45966450
1385,1221,128000,2026-08-06,کارت,REF-71205495
1386,1222,3036000,2026-04-03,کارت,REF-22900711
1387,1223,3832000,2026-07-19,کارت,REF-62010081
1388,1223,2678000,2026-07-19,کارت,REF-82783667
1389,1224,3477000,2026-06-05,کارت,REF-35334710
1390,1225,6928000,2026-07-06,نقدی,REF-43412626
1391,1226,8350000,2026-07-04,چک,REF-68006420
1392,1227,30760000,2026-07-16,نقدی,REF-16985540
1393,1228,29394000,2026-08-12,نقدی,REF-99005730
1394,1229,6588000,2026-05-25,نقدی,REF-44815888
1395,1230,3768000,2026-06-23,نقدی,REF-44775938
1396,1231,12504000,2026-07-29,کارت,REF-79722115
1397,1232,9660000,2026-07-15,نقدی,REF-87629000
1398,1233,20064000,2026-08-14,کارت,REF-96998192
1399,1234,14984000,2026-01-15,کارت,REF-85597923
1400,1235,4952000,2026-08-12,کارت,REF-96842304
1401,1236,7223000,2026-07-24,کارت,REF-59525967
1402,1237,13202000,2026-06-04,نقدی,REF-45101142
1403,1238,9546000,2026-08-15,کارت,REF-22994623
1404,1239,55920000,2026-06-15,کارت,REF-91986383
1405,1240,40962000,2026-07-09,کارت,REF-59125713
1406,1241,3460000,2026-02-14,کارت,REF-60218371
1407,1242,2040000,2026-06-27,چک,REF-34743382
1408,1243,15984000,2026-06-11,کارت,REF-58402897
1409,1244,11280000,2026-06-23,نقدی,REF-80113034
1410,1245,47832000,2026-05-29,انتقال بانکی,REF-21816493
1411,1246,1476000,2026-06-30,کارت,REF-73906950
1412,1247,28318000,2026-05-20,چک,REF-61225823
1413,1247,36652000,2026-05-20,انتقال بانکی,REF-72286410
1414,1248,3038000,2026-04-14,چک,REF-37474573
1415,1249,11250000,2026-06-14,کارت,REF-62865512
1416,1250,768000,2025-09-10,کارت,REF-38372286
1417,1251,2700000,2026-06-26,کارت,REF-40711293
1418,1252,8370000,2026-08-03,کارت,REF-81420477
1419,1253,29419000,2026-08-08,نقدی,REF-77388802
1420,1253,21991000,2026-08-17,نقدی,REF-74620798
1421,1254,13630000,2026-05-13,کارت,REF-79514758
1422,1255,8850000,2026-07-19,کارت,REF-79812291
1423,1256,28872000,2026-01-21,کارت,REF-47575048
1424,1257,2511000,2026-08-16,نقدی,REF-26123867
1425,1257,2199000,2026-08-26,انتقال بانکی,REF-95077716
1426,1258,20358000,2026-07-13,کارت,REF-10905207
1427,1259,6962000,2026-07-18,کارت,REF-83384986
1428,1259,6614000,2026-07-22,کارت,REF-77277431
1429,1260,15474000,2026-07-26,کارت,REF-98594894
1430,1261,37605000,2026-07-10,کارت,REF-79753024
1431,1262,13208000,2026-05-25,کارت,REF-57454605
1432,1263,4880000,2026-01-16,نقدی,REF-32405534
1433,1264,1270000,2026-05-30,کارت,REF-95026680
1434,1264,1860000,2026-06-01,کارت,REF-13258738
1435,1265,31040000,2026-07-15,کارت,REF-99219827
1436,1266,1399000,2026-08-11,کارت,REF-24624758
1437,1266,2039000,2026-08-15,نقدی,REF-70247183
1438,1267,45488000,2026-05-15,کارت,REF-54009799
1439,1268,3570000,2026-01-04,نقدی,REF-41034476
1440,1269,1297000,2026-07-16,انتقال بانکی,REF-57266234
1441,1269,1134000,2026-07-20,کارت,REF-35513565
1442,1270,26330000,2026-07-22,کارت,REF-16868317
1443,1271,20140000,2026-06-08,کارت,REF-97469530
1444,1272,90000,2026-05-03,کارت,REF-74116377
1445,1273,1002000,2025-12-21,انتقال بانکی,REF-66331986
1446,1274,6738000,2026-07-12,کارت,REF-37664641
1447,1275,32578000,2026-06-12,نقدی,REF-61135165
1448,1276,15050000,2026-08-11,کارت,REF-96368495
1449,1277,25758000,2026-07-01,چک,REF-59900782
1450,1278,3208000,2025-08-27,کارت,REF-14129379
1451,1279,4512000,2026-07-12,کارت,REF-77694871
1452,1280,17514000,2026-06-03,کارت,REF-84505353
1453,1281,13770000,2026-01-18,کارت,REF-68889071
1454,1282,5625000,2026-07-16,انتقال بانکی,REF-49107796
1455,1283,885000,2026-08-10,نقدی,REF-86853266
1456,1284,2928000,2026-08-05,کارت,REF-62843264
1457,1285,42492000,2026-07-02,کارت,REF-97138653
1458,1286,7920000,2026-02-20,کارت,REF-55329837
1459,1287,11400000,2026-07-04,کارت,REF-25469869
1460,1288,4926000,2025-09-20,کارت,REF-57392420
1461,1289,4692000,2026-03-05,کارت,REF-23202875
1462,1290,20720000,2026-06-02,انتقال بانکی,REF-74799411
1463,1291,2480000,2026-06-17,نقدی,REF-41854311
1464,1292,2074000,2026-06-28,کارت,REF-38987443
1465,1293,9222000,2026-06-30,کارت,REF-50585607
1466,1294,23448000,2026-07-02,نقدی,REF-73008039
1467,1295,1908000,2026-07-11,چک,REF-66837038
1468,1296,35040000,2026-04-08,کارت,REF-37487231
1469,1297,10461000,2026-07-16,کارت,REF-27441121
1470,1297,10879000,2026-07-18,انتقال بانکی,REF-42252507
1471,1298,61180000,2026-08-01,نقدی,REF-17509519
1472,1299,5210000,2026-06-23,نقدی,REF-45165922
1473,1299,4620000,2026-06-27,نقدی,REF-67411754
1474,1300,750000,2025-10-15,کارت,REF-36294232
1475,1301,8916000,2026-08-03,انتقال بانکی,REF-88911838
1476,1302,11032000,2026-03-26,کارت,REF-73112784
1477,1303,11067000,2026-08-01,نقدی,REF-55973619
1478,1304,44465000,2026-08-11,نقدی,REF-88429648
1479,1305,14042000,2026-06-17,نقدی,REF-80619818
1480,1306,8866000,2026-07-29,نقدی,REF-61047781
1481,1306,6310000,2026-08-08,کارت,REF-85901651
1482,1307,8398000,2026-04-05,کارت,REF-80354446
1483,1308,663000,2026-08-07,چک,REF-52428784
1484,1309,1500000,2026-08-04,کارت,REF-84991139
1485,1310,1432000,2026-07-16,کارت,REF-38084697
1486,1311,3391000,2025-11-07,کارت,REF-61057357
1487,1311,3553000,2025-11-12,کارت,REF-60274742
1488,1312,10262000,2026-07-16,کارت,REF-28197305
1489,1313,6167000,2026-06-19,کارت,REF-91867254
1490,1314,9368000,2026-06-23,کارت,REF-92004636
1491,1315,7770000,2026-07-18,انتقال بانکی,REF-65844825
1492,1316,21744000,2026-07-02,نقدی,REF-27737724
1493,1317,14070000,2026-07-01,نقدی,REF-24318433
1494,1318,3879000,2026-06-27,کارت,REF-45901990
1495,1319,1823000,2026-03-08,انتقال بانکی,REF-74550894
1496,1319,1711000,2026-03-14,نقدی,REF-71888438
1497,1320,12536000,2026-02-06,کارت,REF-22774168
1498,1321,22760000,2026-06-01,انتقال بانکی,REF-70703520
1499,1322,400000,2025-11-16,کارت,REF-74603974
1500,1323,4200000,2026-07-24,کارت,REF-37484665
1501,1324,24535000,2026-08-03,کارت,REF-80186771
1502,1324,33015000,2026-08-07,کارت,REF-56231541
1503,1325,9903000,2026-02-01,کارت,REF-80769686
1504,1325,9879000,2026-02-10,چک,REF-34512631
1505,1326,630000,2026-08-05,انتقال بانکی,REF-43062295
1506,1327,51010000,2026-03-28,کارت,REF-17428731
1507,1328,8637000,2026-08-21,کارت,REF-42753788
1508,1329,3465000,2026-05-26,کارت,REF-74854861
1509,1330,9423000,2026-05-31,نقدی,REF-23850828
1510,1330,9557000,2026-06-05,انتقال بانکی,REF-13137285
1511,1331,1490000,2026-05-19,نقدی,REF-64566624
1512,1332,1101000,2026-06-29,نقدی,REF-48607168
1513,1333,7506000,2026-04-22,کارت,REF-80015600
1514,1334,3132000,2026-06-25,نقدی,REF-34602188
1515,1335,3680000,2026-07-19,چک,REF-15299936
1516,1336,3579000,2026-07-20,نقدی,REF-99112455
1517,1337,10152000,2026-05-15,کارت,REF-77938162
1518,1338,1236000,2026-05-29,نقدی,REF-27463032
1519,1339,15990000,2026-04-22,نقدی,REF-65763821
1520,1340,22632000,2026-06-14,کارت,REF-72275079
1521,1341,7198000,2026-07-31,انتقال بانکی,REF-95913909
1522,1342,810000,2026-07-08,انتقال بانکی,REF-58110971
1523,1343,50445000,2026-08-20,انتقال بانکی,REF-39342528
1524,1344,7786000,2026-08-12,انتقال بانکی,REF-53221902
1525,1344,5724000,2026-08-16,کارت,REF-12606130
1526,1345,6396000,2026-07-29,انتقال بانکی,REF-91992471
1527,1346,392000,2026-08-04,کارت,REF-64846631
1528,1347,3570000,2026-02-20,نقدی,REF-90482550
1529,1348,2262000,2026-08-09,کارت,REF-91658007
1530,1350,2360000,2026-03-23,انتقال بانکی,REF-13109302
1531,1351,17843000,2026-08-09,کارت,REF-95221315
1532,1352,11410000,2026-01-02,نقدی,REF-71430112
1533,1353,4230000,2026-07-18,کارت,REF-86879353
1534,1354,4380000,2026-08-08,کارت,REF-73902185
1535,1355,1450000,2026-06-16,کارت,REF-91672069
1536,1355,1760000,2026-06-18,کارت,REF-10458435
1537,1356,11170000,2026-05-11,کارت,REF-88616298
1538,1357,26440000,2026-05-10,نقدی,REF-76508156
1539,1358,2985000,2026-07-09,کارت,REF-99995567
1540,1359,12053000,2026-07-11,کارت,REF-79926818
1541,1360,7080000,2026-08-07,کارت,REF-58484208
1542,1361,54570000,2026-05-27,انتقال بانکی,REF-97672926
1543,1362,25084000,2026-06-26,کارت,REF-25289881
1544,1362,25638000,2026-06-27,کارت,REF-60308775
1545,1363,24632000,2026-06-19,نقدی,REF-70147340
1546,1364,1421000,2026-07-01,نقدی,REF-41071467
1547,1365,6310000,2026-07-09,کارت,REF-79055543
1548,1366,2013000,2026-07-06,کارت,REF-72492821
1549,1366,2541000,2026-07-11,کارت,REF-17330962
1550,1367,5256000,2026-07-22,نقدی,REF-90065765
1551,1368,13518000,2026-05-24,کارت,REF-61584144
1552,1369,26620000,2026-07-26,کارت,REF-37509235
1553,1370,5632000,2026-08-09,کارت,REF-34503049
1554,1371,16317000,2026-04-30,نقدی,REF-33235314
1555,1372,11970000,2026-03-04,کارت,REF-94172929
1556,1373,37554000,2026-06-10,کارت,REF-62739097
1557,1374,29060000,2026-08-05,نقدی,REF-50947193
1558,1375,11550000,2026-08-20,چک,REF-51173341
1559,1377,73230000,2026-07-30,نقدی,REF-47776757
1560,1378,8890000,2026-06-09,انتقال بانکی,REF-49153373
1561,1379,8220000,2026-03-29,انتقال بانکی,REF-67164675
1562,1380,8715000,2026-05-17,کارت,REF-25871723
1563,1381,4580000,2026-04-20,کارت,REF-42920805
1564,1382,12853000,2026-07-09,نقدی,REF-86341612
1565,1382,10157000,2026-07-14,نقدی,REF-58335730
1566,1383,4790000,2026-06-14,انتقال بانکی,REF-79902939
1567,1384,38090000,2025-09-20,کارت,REF-79084070
1568,1385,5120000,2026-06-17,کارت,REF-52666323
1569,1386,4120000,2026-06-30,نقدی,REF-65802477
1570,1387,816000,2026-07-22,کارت,REF-68801906
1571,1388,1110000,2026-08-02,نقدی,REF-18490099
1572,1389,3602000,2026-07-15,کارت,REF-15346329
1573,1389,2994000,2026-07-15,انتقال بانکی,REF-88150199
1574,1390,8153000,2026-08-08,نقدی,REF-70087247
1575,1391,1480000,2026-06-19,کارت,REF-18504232
1576,1392,7152000,2026-08-01,کارت,REF-68641390
1577,1393,7842000,2026-08-06,کارت,REF-76448490
1578,1394,42804000,2026-07-22,انتقال بانکی,REF-72629290
1579,1395,82390000,2026-07-20,نقدی,REF-59435309
1580,1396,1712000,2026-06-28,انتقال بانکی,REF-51128123
1581,1397,3732000,2026-08-16,کارت,REF-95956252
1582,1398,10957000,2026-08-09,کارت,REF-30662804
1583,1398,11345000,2026-08-12,نقدی,REF-45886683
1584,1399,8780000,2026-07-16,کارت,REF-43338843
1585,1400,11167000,2026-04-01,نقدی,REF-45034420
1586,1400,9733000,2026-04-02,نقدی,REF-63923654
1587,1401,46971000,2026-06-23,نقدی,REF-87788218
1588,1402,12565000,2026-07-17,انتقال بانکی,REF-20494758
1589,1403,1482000,2025-09-02,نقدی,REF-36866148
1590,1404,13326000,2026-06-27,کارت,REF-70441883
1591,1405,2490000,2026-06-03,کارت,REF-43459257
1592,1406,9126000,2026-08-07,نقدی,REF-33727619
1593,1407,6237000,2026-02-26,نقدی,REF-27786273
1594,1408,1035000,2026-07-26,چک,REF-16045414
1595,1409,5058000,2026-07-04,کارت,REF-99188082
1596,1409,4712000,2026-07-13,کارت,REF-10515471
1597,1410,11538000,2026-06-15,کارت,REF-33447296
1598,1410,9172000,2026-06-19,نقدی,REF-38550061
1599,1411,11652000,2026-07-09,چک,REF-12792337
1600,1412,1301000,2026-07-27,کارت,REF-85471185
1601,1412,979000,2026-07-28,کارت,REF-60365704
1602,1413,25030000,2026-08-08,نقدی,REF-83858720
1603,1414,40992000,2026-08-11,کارت,REF-30887643
1604,1415,7873000,2026-03-20,نقدی,REF-94118195
1605,1415,6212000,2026-03-28,کارت,REF-56983113
1606,1416,46584000,2026-05-29,کارت,REF-53702238
1607,1417,7703000,2026-08-15,کارت,REF-76735862
1608,1417,5617000,2026-08-19,کارت,REF-25855337
1609,1418,13734000,2026-06-29,کارت,REF-13690868
1610,1419,10190000,2026-02-24,نقدی,REF-85500627
1611,1420,840000,2026-08-02,نقدی,REF-56046613
1612,1421,82660000,2026-06-25,کارت,REF-93957361
1613,1422,5610000,2026-03-10,نقدی,REF-96622366
1614,1423,1446000,2026-07-15,کارت,REF-27764675
1615,1424,630000,2026-02-12,نقدی,REF-80157191
1616,1425,1352000,2026-08-02,انتقال بانکی,REF-98993602
1617,1426,24820000,2026-03-19,کارت,REF-43134738
1618,1427,9163000,2026-07-06,چک,REF-34900209
1619,1428,11330000,2026-08-11,کارت,REF-49672661
1620,1429,3584000,2026-08-20,کارت,REF-61220355
1621,1430,2536000,2026-08-12,کارت,REF-37627633
1622,1431,979000,2026-07-01,نقدی,REF-28383317
1623,1431,1285000,2026-07-05,انتقال بانکی,REF-97539145
1624,1432,4272000,2025-10-22,کارت,REF-86853890
1625,1433,336000,2026-07-06,انتقال بانکی,REF-91743001
1626,1434,782000,2026-03-13,کارت,REF-76332558
1627,1435,162000,2026-08-09,چک,REF-23791370
1628,1436,2088000,2026-07-30,نقدی,REF-21440292
1629,1437,9870000,2026-05-18,نقدی,REF-15910472
1630,1438,16990000,2025-11-25,نقدی,REF-56036729
1631,1439,670000,2026-03-26,کارت,REF-67117732
1632,1440,510000,2026-08-18,نقدی,REF-20951095
1633,1441,12480000,2026-06-22,چک,REF-10900169
1634,1442,13192000,2026-02-01,نقدی,REF-73179661
1635,1443,31860000,2026-06-06,کارت,REF-57750533
1636,1444,10386000,2026-08-19,کارت,REF-31997714
1637,1445,2279000,2026-07-06,کارت,REF-96956548
1638,1445,2951000,2026-07-17,کارت,REF-47689626
1639,1446,9704000,2026-08-10,کارت,REF-14472187
1640,1447,15438000,2026-07-31,کارت,REF-94021055
1641,1448,12516000,2026-07-14,کارت,REF-65125968
1642,1448,11184000,2026-07-25,نقدی,REF-11859600
1643,1449,16968000,2026-08-01,نقدی,REF-88334261
1644,1450,30008000,2026-07-26,کارت,REF-94916015
1645,1451,13512000,2026-07-30,کارت,REF-32093706
1646,1452,21645000,2026-08-02,کارت,REF-38580467
1647,1454,33508000,2026-08-02,چک,REF-29048547
1648,1454,29928000,2026-08-06,نقدی,REF-63878434
1649,1455,2680000,2025-11-24,کارت,REF-49798050
1650,1456,990000,2026-06-11,نقدی,REF-63902468
1651,1457,30560000,2026-07-17,کارت,REF-74947120
1652,1458,300000,2026-06-06,کارت,REF-74603512
1653,1459,5950000,2026-06-08,انتقال بانکی,REF-13295145
1654,1460,13870000,2026-05-04,نقدی,REF-84929182
1655,1461,3924000,2026-08-07,انتقال بانکی,REF-81017629
1656,1462,11900000,2026-06-26,نقدی,REF-19712799
1657,1463,320000,2025-10-08,چک,REF-50057061
1658,1463,241000,2025-10-12,نقدی,REF-17764745
1659,1464,23473000,2026-08-13,کارت,REF-28671872
1660,1465,18150000,2026-06-29,نقدی,REF-53296582
1661,1466,8352000,2026-08-03,انتقال بانکی,REF-31579755
1662,1467,2169000,2026-07-17,کارت,REF-75719247
1663,1467,2974000,2026-07-17,نقدی,REF-72163711
1664,1468,12104000,2025-10-31,کارت,REF-92280988
1665,1469,7240000,2026-07-07,نقدی,REF-58156802
1666,1470,27570000,2025-11-27,کارت,REF-63344363
1667,1471,2064000,2026-06-05,چک,REF-36333179
1668,1472,10800000,2026-07-03,کارت,REF-81214861
1669,1473,15198000,2026-06-15,کارت,REF-60907356
1670,1474,16020000,2026-06-03,انتقال بانکی,REF-67526446
1671,1475,1280000,2026-03-05,انتقال بانکی,REF-17498294
1672,1476,1196000,2026-08-13,نقدی,REF-57973307
1673,1476,1354000,2026-08-15,چک,REF-22380737
1674,1477,5727000,2026-07-22,کارت,REF-30005178
1675,1477,6648000,2026-07-26,انتقال بانکی,REF-70728604
1676,1478,1002000,2025-12-31,کارت,REF-83279697
1677,1479,720000,2026-07-21,انتقال بانکی,REF-34684215
1678,1480,654000,2026-07-30,نقدی,REF-19159785
1679,1482,40935000,2026-08-09,کارت,REF-19260996
1680,1483,6672000,2026-07-28,نقدی,REF-15455696
1681,1484,8785000,2026-06-17,نقدی,REF-28252364
1682,1485,4802000,2026-07-28,انتقال بانکی,REF-15022745
1683,1486,11190000,2026-07-05,کارت,REF-68839745
1684,1488,984000,2026-07-11,کارت,REF-24250058
1685,1489,20360000,2026-04-12,نقدی,REF-72602956
1686,1490,23880000,2026-07-09,کارت,REF-29404655
1687,1491,9450000,2026-07-22,کارت,REF-33330986
1688,1492,12474000,2026-07-23,نقدی,REF-65631568
1689,1493,10500000,2026-08-12,کارت,REF-24982351
1690,1494,5082000,2025-11-17,چک,REF-64513772
1691,1495,2562000,2026-05-23,کارت,REF-57105160
1692,1496,12470000,2026-08-07,نقدی,REF-24724863
1693,1497,47160000,2026-06-22,نقدی,REF-33555355
1694,1498,14176000,2026-08-05,نقدی,REF-86724289
1695,1499,5500000,2026-08-01,نقدی,REF-40075578
1696,1500,26308000,2026-08-06,نقدی,REF-92808494
1697,1501,5612000,2025-09-23,کارت,REF-85909975
1698,1501,3748000,2025-09-29,کارت,REF-69141878
1699,1502,1510000,2026-07-05,چک,REF-41634375
1700,1502,2190000,2026-07-14,کارت,REF-25088431
1701,1503,5260000,2026-07-16,کارت,REF-78100559
1702,1504,5150000,2026-07-24,کارت,REF-30210957
1703,1505,14472000,2026-06-26,کارت,REF-31504480
1704,1506,3750000,2026-07-15,کارت,REF-35706231
1705,1507,14088000,2025-12-07,نقدی,REF-87415417
1706,1507,20877000,2025-12-13,چک,REF-48939366
1707,1508,968000,2026-04-09,نقدی,REF-89543932
1708,1509,26828000,2026-05-18,نقدی,REF-91686118
1709,1510,1010000,2026-08-01,نقدی,REF-92820632
1710,1512,25182000,2026-06-30,کارت,REF-49691418
1711,1512,29768000,2026-07-05,انتقال بانکی,REF-75327058
1712,1513,63648000,2026-05-17,انتقال بانکی,REF-44767481
1713,1514,23900000,2026-08-02,کارت,REF-69343817
1714,1515,17544000,2026-07-26,انتقال بانکی,REF-87465046
1715,1516,50880000,2025-10-28,نقدی,REF-65198668
1716,1517,1820000,2026-06-30,کارت,REF-42655858
1717,1518,2610000,2026-06-03,کارت,REF-42912496
1718,1519,27630000,2026-04-17,نقدی,REF-19642160
1719,1520,1310000,2026-08-18,نقدی,REF-97440574
1720,1521,10616000,2026-06-26,نقدی,REF-46039737
1721,1522,17550000,2026-05-22,کارت,REF-99306330
1722,1523,13422000,2026-07-23,نقدی,REF-21124006
1723,1524,510000,2026-05-20,کارت,REF-58471312
1724,1525,46914000,2026-06-15,انتقال بانکی,REF-59251676
1725,1526,2646000,2026-07-20,کارت,REF-29693205
1726,1527,8835000,2026-08-02,چک,REF-92451331
1727,1528,2470000,2026-07-31,کارت,REF-74206878
1728,1529,28060000,2026-07-23,کارت,REF-84051097
1729,1530,7700000,2026-07-05,نقدی,REF-14306072
1730,1531,258000,2026-08-09,نقدی,REF-37574590
1731,1532,10574000,2026-04-08,نقدی,REF-21431946
1732,1533,937000,2026-06-08,انتقال بانکی,REF-46694345
1733,1533,1053000,2026-06-16,انتقال بانکی,REF-90069419
1734,1534,41224000,2026-07-04,کارت,REF-61211525
1735,1535,7464000,2026-08-08,انتقال بانکی,REF-67659754
1736,1536,3290000,2026-08-05,نقدی,REF-47445792
1737,1537,18709000,2026-08-20,انتقال بانکی,REF-23178725
1738,1538,11588000,2026-02-06,کارت,REF-92319935
1739,1539,938000,2026-07-19,کارت,REF-16865146
1740,1540,2772000,2026-06-19,نقدی,REF-62614210
1741,1541,6300000,2026-01-06,کارت,REF-53291763
1742,1542,9240000,2026-06-16,انتقال بانکی,REF-50575898
1743,1543,3358000,2026-08-10,نقدی,REF-22450848
1744,1543,2894000,2026-08-16,کارت,REF-45332001
1745,1544,7890000,2026-07-09,نقدی,REF-72890179
1746,1545,15579000,2026-07-28,انتقال بانکی,REF-25062498
1747,1546,7062000,2026-04-24,چک,REF-98128388
1748,1547,4013000,2026-01-25,نقدی,REF-44770490
1749,1548,22150000,2026-07-22,کارت,REF-96435960
1750,1549,1920000,2026-02-24,کارت,REF-72155764
1751,1550,1155000,2026-07-31,چک,REF-86705701
1752,1551,29694000,2026-04-12,نقدی,REF-31309722
1753,1552,43605000,2026-07-01,نقدی,REF-98153122
1754,1553,1040000,2026-07-21,نقدی,REF-47734462
1755,1553,1260000,2026-07-31,نقدی,REF-98955129
1756,1554,385000,2026-07-19,کارت,REF-38458617
1757,1555,9555000,2026-06-05,کارت,REF-60102376
1758,1556,5168000,2026-07-15,چک,REF-57122965
1759,1557,2074000,2026-01-18,کارت,REF-25133945
1760,1558,4293000,2026-07-25,نقدی,REF-38083194
1761,1559,4575000,2025-12-05,انتقال بانکی,REF-30385704
1762,1560,7293000,2026-07-08,نقدی,REF-58493970
1763,1561,6083000,2026-07-14,نقدی,REF-24988789
1764,1562,13779000,2026-05-29,کارت,REF-80626732
1765,1562,13997000,2026-06-09,کارت,REF-77271896
1766,1563,9078000,2026-07-23,نقدی,REF-58077075
1767,1564,10900000,2026-07-10,کارت,REF-80359000
1768,1565,18480000,2026-07-08,کارت,REF-81051077
1769,1566,12429000,2026-08-10,کارت,REF-44714774
1770,1566,16791000,2026-08-11,نقدی,REF-34603998
1771,1567,19280000,2026-08-03,کارت,REF-25987743
1772,1568,18680000,2026-07-09,کارت,REF-52090284
1773,1569,1875000,2026-07-16,نقدی,REF-33976288
1774,1570,4260000,2026-08-10,کارت,REF-80495082
1775,1571,52270000,2026-06-06,کارت,REF-74225454
1776,1572,3094000,2025-12-14,نقدی,REF-81232490
1777,1573,4267000,2026-06-07,چک,REF-88788294
1778,1574,7542000,2026-07-28,کارت,REF-73418268
1779,1575,5349000,2026-02-16,انتقال بانکی,REF-40817503
1780,1575,7485000,2026-02-24,کارت,REF-29253592
1781,1576,6006000,2026-06-22,کارت,REF-84135371
1782,1577,14844000,2026-03-03,کارت,REF-52365066
1783,1577,13596000,2026-03-06,نقدی,REF-52684746
1784,1578,28806000,2026-01-06,انتقال بانکی,REF-60793916
1785,1579,492000,2026-07-20,کارت,REF-37750196
1786,1580,1176000,2026-08-10,نقدی,REF-85027994
1787,1581,2410000,2026-08-14,کارت,REF-34865642
1788,1582,4009000,2026-06-01,کارت,REF-64538372
1789,1582,5491000,2026-06-08,کارت,REF-46004335
1790,1583,1114000,2026-04-26,چک,REF-12366474
1791,1584,9260000,2026-02-21,کارت,REF-72020443
1792,1585,290000,2026-07-21,انتقال بانکی,REF-67022838
1793,1586,31662000,2026-05-10,کارت,REF-64014632
1794,1587,19116000,2026-06-27,کارت,REF-37991773
1795,1588,3534000,2025-09-25,نقدی,REF-34635413
1796,1588,4916000,2025-09-25,کارت,REF-82998301
1797,1589,16710000,2026-08-05,نقدی,REF-70200112
1798,1590,310000,2025-10-02,انتقال بانکی,REF-87641953
1799,1591,3718000,2026-07-29,کارت,REF-20673159
1800,1591,2692000,2026-08-09,نقدی,REF-53714761
1801,1592,9019000,2026-08-02,کارت,REF-17953888
1802,1593,18870000,2026-07-17,کارت,REF-26528085
1803,1594,5110000,2026-07-24,نقدی,REF-69409408
1804,1595,174000,2026-08-03,کارت,REF-35372949
1805,1596,64830000,2025-12-23,نقدی,REF-90371659
1806,1597,8220000,2026-05-03,کارت,REF-25466603
1807,1598,7902000,2026-08-17,نقدی,REF-57546728
1808,1599,3534000,2026-06-05,چک,REF-66713422
1809,1599,4124000,2026-06-06,نقدی,REF-22372805
1810,1600,29385000,2026-08-11,کارت,REF-36023735
1811,1601,11960000,2026-06-20,کارت,REF-57001582
1812,1602,9234000,2026-06-30,کارت,REF-12917937
1813,1603,636000,2026-06-16,انتقال بانکی,REF-87237058
1814,1604,1860000,2025-09-10,کارت,REF-61603746
1815,1605,10926000,2026-08-04,نقدی,REF-64091040
1816,1606,1160000,2026-07-25,کارت,REF-91959432
1817,1607,21290000,2026-07-18,کارت,REF-65668882
1818,1609,26689000,2026-07-15,کارت,REF-89678980
1819,1609,24161000,2026-07-26,چک,REF-72681429
1820,1610,6230000,2026-08-11,نقدی,REF-15641060
1821,1611,12564000,2026-08-12,کارت,REF-18376209
1822,1612,5535000,2026-08-10,کارت,REF-33903510
1823,1613,5131000,2026-03-02,کارت,REF-10190991
1824,1614,840000,2026-08-15,انتقال بانکی,REF-17214890
1825,1615,14960000,2026-07-10,کارت,REF-28532648
1826,1616,462000,2026-04-09,انتقال بانکی,REF-77464696
1827,1617,726000,2026-08-07,انتقال بانکی,REF-10554373
1828,1618,33165000,2026-03-02,نقدی,REF-77880351
1829,1619,9401000,2025-09-18,چک,REF-84077528
1830,1620,2437000,2026-02-12,چک,REF-11236299
1831,1620,2544000,2026-02-12,نقدی,REF-51105998
1832,1621,2113000,2026-06-29,چک,REF-30907823
1833,1622,12280000,2026-06-13,کارت,REF-35354461
1834,1623,14365000,2026-06-30,کارت,REF-55193852
1835,1624,12344000,2026-02-15,انتقال بانکی,REF-85001340
1836,1625,3120000,2026-08-14,کارت,REF-20572861
1837,1626,6616000,2026-05-14,نقدی,REF-74077478
1838,1627,27520000,2026-07-17,کارت,REF-94609229
1839,1628,2454000,2026-05-26,کارت,REF-37929763
1840,1629,7582000,2026-02-06,انتقال بانکی,REF-65405747
1841,1630,2315000,2026-07-26,کارت,REF-27307810
1842,1631,15560000,2026-03-13,کارت,REF-64689613
1843,1632,3700000,2026-08-07,کارت,REF-44101681
1844,1633,4354000,2026-06-30,نقدی,REF-73667718
1845,1634,2020000,2026-01-26,نقدی,REF-72914839
1846,1635,300000,2026-06-01,نقدی,REF-73853127
1847,1636,6299000,2026-07-13,کارت,REF-78324502
1848,1637,4200000,2026-04-04,انتقال بانکی,REF-72298816
1849,1638,11216000,2026-04-03,کارت,REF-78082055
1850,1639,19656000,2026-07-14,کارت,REF-48112362
1851,1640,24030000,2026-06-06,کارت,REF-56117138
1852,1641,8337000,2026-07-21,انتقال بانکی,REF-89886163
1853,1642,8290000,2026-08-06,کارت,REF-38227396
1854,1643,12163000,2026-07-01,نقدی,REF-27245492
1855,1643,8217000,2026-07-07,چک,REF-31744830
1856,1644,8381000,2026-06-17,کارت,REF-78433033
1857,1645,5444000,2026-07-10,کارت,REF-47744261
1858,1646,20510000,2026-07-13,کارت,REF-43172825
1859,1647,44220000,2026-01-28,نقدی,REF-83669172
1860,1648,620000,2026-07-04,کارت,REF-63599497
1861,1649,8310000,2026-04-04,نقدی,REF-10642253
1862,1650,1000000,2026-08-08,کارت,REF-28563943
1863,1651,1819000,2026-07-16,کارت,REF-70921736
1864,1652,4298000,2026-07-26,کارت,REF-92449053
1865,1653,9895000,2026-06-20,نقدی,REF-66981763
1866,1653,7805000,2026-06-24,انتقال بانکی,REF-80893104
1867,1654,5440000,2026-04-04,نقدی,REF-28441786
1868,1655,300000,2026-08-10,انتقال بانکی,REF-24506785
1869,1656,4029000,2026-08-08,نقدی,REF-53464065
1870,1657,20800000,2026-06-24,کارت,REF-80074615
1871,1658,4744000,2026-07-05,کارت,REF-52013560
1872,1658,6260000,2026-07-06,کارت,REF-89699075
1873,1659,13160000,2026-02-07,کارت,REF-46769504
1874,1660,7296000,2026-03-20,کارت,REF-69692469
1875,1661,59180000,2026-08-06,نقدی,REF-97817907
1876,1662,33100000,2026-07-30,کارت,REF-67648020
1877,1663,19386000,2026-07-16,نقدی,REF-89105585
1878,1664,26350000,2026-07-26,انتقال بانکی,REF-23637591
1879,1665,20340000,2026-06-15,انتقال بانکی,REF-83935546
1880,1666,6462000,2026-04-02,کارت,REF-72443223
1881,1667,35730000,2026-08-12,کارت,REF-98950574
1882,1668,9260000,2025-11-26,کارت,REF-24201274
1883,1669,43160000,2026-08-07,کارت,REF-60270190
1884,1670,2690000,2026-08-08,کارت,REF-63864539
1885,1672,28580000,2026-07-21,کارت,REF-12928094
1886,1673,7150000,2026-04-08,انتقال بانکی,REF-39519712
1887,1674,5388000,2026-06-17,نقدی,REF-89351986
1888,1675,8823000,2026-05-20,انتقال بانکی,REF-54866954
1889,1676,12208000,2026-08-01,انتقال بانکی,REF-80296010
1890,1677,11588000,2026-06-13,کارت,REF-93462194
1891,1678,486000,2026-06-05,کارت,REF-26617677
1892,1679,8984000,2026-08-05,نقدی,REF-83935447
1893,1680,1764000,2026-08-02,کارت,REF-92388335
1894,1681,5430000,2026-06-28,کارت,REF-28500844
1895,1682,1063000,2026-05-10,نقدی,REF-52812384
1896,1683,11290000,2026-03-30,کارت,REF-31430743
1897,1684,10662000,2026-06-30,نقدی,REF-67964694
1898,1685,4302000,2026-07-31,نقدی,REF-39079791
1899,1686,3758000,2026-08-02,کارت,REF-10856442
1900,1686,4249000,2026-08-12,کارت,REF-52713603
1901,1687,8238000,2026-06-23,نقدی,REF-44872368
1902,1688,16620000,2026-08-01,کارت,REF-56438949
1903,1689,9576000,2026-07-07,نقدی,REF-49962115
1904,1690,14748000,2025-12-07,کارت,REF-59599854
1905,1691,2112000,2026-07-25,نقدی,REF-42815426
1906,1692,8460000,2026-01-08,کارت,REF-30644161
1907,1693,17988000,2026-08-15,کارت,REF-34145245
1908,1694,23894000,2026-05-21,کارت,REF-98975380
1909,1695,6120000,2026-08-03,نقدی,REF-64832251
1910,1696,29004000,2026-02-06,کارت,REF-52719968
1911,1697,1932000,2026-06-19,نقدی,REF-64880142
1912,1698,21368000,2026-07-10,کارت,REF-75183066
1913,1699,7110000,2026-08-11,کارت,REF-61066633
1914,1700,9506000,2026-08-12,کارت,REF-84322739
1915,1701,28212000,2026-08-09,کارت,REF-54288064
1916,1702,9770000,2026-08-05,انتقال بانکی,REF-50765670
1917,1703,43780000,2026-04-07,چک,REF-38072672
1918,1704,42160000,2026-08-09,نقدی,REF-40385219
1919,1705,2100000,2026-05-26,نقدی,REF-24574737
1920,1706,5776000,2026-08-05,کارت,REF-86778267
1921,1707,9864000,2026-08-06,کارت,REF-41250542
1922,1708,106160000,2026-08-12,نقدی,REF-73954368
1923,1709,8517000,2026-07-21,نقدی,REF-82476314
1924,1710,1022000,2026-07-19,کارت,REF-59266326
1925,1710,1438000,2026-07-27,نقدی,REF-22097896
1926,1711,8194000,2026-08-05,کارت,REF-25844921
1927,1712,5363000,2026-06-24,نقدی,REF-59196420
1928,1712,5272000,2026-06-29,نقدی,REF-17335604
1929,1713,50499000,2026-03-23,کارت,REF-81098228
1930,1714,3298000,2026-07-26,کارت,REF-99486639
1931,1715,23620000,2026-05-01,چک,REF-86071478
1932,1716,7735000,2026-02-04,انتقال بانکی,REF-41134565
1933,1717,595000,2026-08-20,کارت,REF-51698342
1934,1718,2191000,2026-08-10,کارت,REF-79207149
1935,1719,3138000,2026-08-09,کارت,REF-39344667
1936,1720,5920000,2026-03-12,نقدی,REF-58932689
1937,1721,1464000,2026-08-08,چک,REF-54265308
1938,1722,9466000,2026-07-24,نقدی,REF-58877596
1939,1723,19155000,2026-07-01,کارت,REF-85254701
1940,1724,5448000,2026-08-06,کارت,REF-83302261
1941,1725,1080000,2026-02-28,چک,REF-22539803
1942,1726,20461000,2026-08-03,نقدی,REF-30440793
1943,1727,41438000,2026-07-03,انتقال بانکی,REF-84798227
1944,1728,5508000,2026-07-30,انتقال بانکی,REF-14712545
1945,1729,21381000,2026-06-29,کارت,REF-46012188
1946,1730,7983000,2026-07-17,کارت,REF-97487170
1947,1730,5912000,2026-07-27,کارت,REF-79164559
1948,1731,9455000,2026-07-12,کارت,REF-20774268
1949,1732,42096000,2026-07-26,انتقال بانکی,REF-90853645
1950,1733,3720000,2026-06-12,انتقال بانکی,REF-14246145
1951,1734,33200000,2026-07-26,نقدی,REF-49945148
1952,1735,7480000,2026-07-16,نقدی,REF-67425772
1953,1736,78210000,2026-07-08,نقدی,REF-43614124
1954,1737,3984000,2026-08-09,کارت,REF-61469095
1955,1738,21680000,2026-08-04,کارت,REF-73153976
1956,1738,15480000,2026-08-14,انتقال بانکی,REF-96765502
1957,1739,2300000,2026-01-04,کارت,REF-91183229
1958,1740,4320000,2026-07-07,کارت,REF-83990289
1959,1741,17893000,2026-06-03,انتقال بانکی,REF-89473675
1960,1742,20488000,2026-08-12,انتقال بانکی,REF-43891579
1961,1743,24900000,2026-08-16,انتقال بانکی,REF-49393799
1962,1744,8184000,2026-05-03,انتقال بانکی,REF-50711473
1963,1745,32156000,2026-05-18,انتقال بانکی,REF-45362272
1964,1746,1794000,2026-07-10,چک,REF-99454476
1965,1747,56160000,2026-06-04,کارت,REF-65560130
1966,1748,6494000,2026-07-21,انتقال بانکی,REF-67057946
1967,1749,42228000,2026-08-04,کارت,REF-79653511
1968,1750,577000,2026-07-20,انتقال بانکی,REF-49898867
1969,1750,567000,2026-07-28,نقدی,REF-73662073
1970,1751,1150000,2025-12-25,کارت,REF-66211933
1971,1752,2690000,2026-07-19,کارت,REF-37793820
1972,1753,73449000,2026-06-21,کارت,REF-14596452
1973,1754,6220000,2026-06-01,نقدی,REF-64477819
1974,1755,2739000,2026-02-17,انتقال بانکی,REF-16728647
1975,1755,2471000,2026-02-24,کارت,REF-28658116
1976,1756,2850000,2026-07-28,نقدی,REF-57805677
1977,1757,800000,2026-07-31,کارت,REF-70523686
1978,1758,6241000,2026-07-13,کارت,REF-47875526
1979,1758,4469000,2026-07-19,چک,REF-15787839
1980,1759,62290000,2026-08-11,کارت,REF-84712896
1981,1760,5334000,2026-03-26,کارت,REF-81343045
1982,1761,1415000,2026-07-20,کارت,REF-49660476
1983,1762,8100000,2026-08-08,کارت,REF-66288348
1984,1763,4641000,2026-07-12,کارت,REF-92463405
1985,1763,3579000,2026-07-21,کارت,REF-77506088
1986,1764,5994000,2026-06-22,کارت,REF-34319916
1987,1765,43850000,2026-07-04,نقدی,REF-62078024
1988,1766,119000,2026-06-24,چک,REF-29751398
1989,1767,13146000,2026-08-19,نقدی,REF-20799173
1990,1768,25230000,2026-04-03,کارت,REF-62652387
1991,1768,17025000,2026-04-10,کارت,REF-57311094
1992,1769,11070000,2026-07-30,کارت,REF-74678898
1993,1770,3203000,2026-07-13,نقدی,REF-48938432
1994,1772,20258000,2026-07-13,چک,REF-84160572
1995,1773,12864000,2026-06-09,کارت,REF-16237398
1996,1774,24880000,2026-02-13,کارت,REF-28356547
1997,1775,2910000,2026-08-15,انتقال بانکی,REF-59770832
1998,1776,5706000,2026-07-22,کارت,REF-74847995
1999,1777,1488000,2026-08-04,نقدی,REF-83745860
2000,1778,7884000,2026-07-29,انتقال بانکی,REF-85192224
2001,1779,22130000,2026-07-21,نقدی,REF-90729727
2002,1780,35210000,2026-05-16,کارت,REF-87473460
2003,1781,2820000,2026-07-28,کارت,REF-24491384
2004,1782,186000,2026-08-09,کارت,REF-42322929
2005,1783,7660000,2026-08-13,کارت,REF-22020713
2006,1784,11310000,2026-07-22,کارت,REF-36514227
2007,1785,11982000,2026-07-31,کارت,REF-67134511
2008,1786,47632000,2026-06-14,کارت,REF-74402960
2009,1787,13337000,2026-07-26,کارت,REF-50102327
2010,1788,6840000,2026-05-24,کارت,REF-16101961
2011,1788,7780000,2026-06-01,کارت,REF-59762587
2012,1789,736000,2026-08-13,کارت,REF-76938095
2013,1789,544000,2026-08-20,انتقال بانکی,REF-53874923
2014,1790,7750000,2025-12-13,کارت,REF-25207398
2015,1791,2120000,2026-08-13,کارت,REF-67418461
2016,1792,11424000,2026-06-29,کارت,REF-86053639
2017,1793,17017000,2026-07-02,کارت,REF-21631109
2018,1794,21666000,2026-08-03,نقدی,REF-37927719
2019,1795,12592000,2026-05-18,کارت,REF-26379945
2020,1796,21080000,2026-05-07,کارت,REF-16066040
2021,1797,16770000,2026-01-13,انتقال بانکی,REF-31417824
2022,1798,1924000,2026-05-23,کارت,REF-34994607
2023,1798,2766000,2026-05-24,نقدی,REF-68320331
2024,1799,9354000,2026-03-16,انتقال بانکی,REF-65909075
2025,1800,402000,2026-07-24,کارت,REF-42236401
2026,1801,11365000,2026-07-28,کارت,REF-73717790
2027,1801,10047000,2026-08-08,چک,REF-86489697
2028,1802,29504000,2026-08-08,کارت,REF-35936822
2029,1803,9710000,2026-07-18,نقدی,REF-55087886
2030,1804,23984000,2026-07-12,نقدی,REF-63544370
2031,1805,17420000,2026-08-02,کارت,REF-90755768
2032,1806,2740000,2026-07-03,نقدی,REF-23416373
2033,1807,80060000,2026-07-05,انتقال بانکی,REF-58715451
2034,1808,10676000,2026-07-12,انتقال بانکی,REF-79457265
2035,1809,21728000,2026-05-05,کارت,REF-72670891
2036,1810,9102000,2026-08-08,کارت,REF-18085479
2037,1810,8338000,2026-08-12,نقدی,REF-97080034
2038,1811,31140000,2026-08-08,نقدی,REF-76522786
2039,1812,10018000,2026-06-18,نقدی,REF-64056031
2040,1812,7612000,2026-06-28,کارت,REF-32524954
2041,1813,35790000,2026-03-30,نقدی,REF-53725930
2042,1814,1989000,2026-07-24,کارت,REF-99864042
2043,1815,3583000,2026-08-04,نقدی,REF-15206210
2044,1816,3831000,2026-07-25,نقدی,REF-14884813
2045,1817,1686000,2026-02-02,نقدی,REF-98464776
2046,1818,10026000,2026-07-23,نقدی,REF-39365758
2047,1819,30693000,2026-07-16,کارت,REF-38333059
2048,1819,26895000,2026-07-22,انتقال بانکی,REF-86982949
2049,1820,40333000,2026-07-21,چک,REF-25122197
2050,1821,3008000,2025-11-05,چک,REF-56907968
2051,1822,7260000,2026-06-07,انتقال بانکی,REF-47310991
2052,1823,9630000,2025-10-25,کارت,REF-27325770
2053,1824,7910000,2026-07-05,کارت,REF-62131577
2054,1825,9795000,2026-02-04,نقدی,REF-85315456
2055,1826,9675000,2026-07-23,نقدی,REF-31045770
2056,1827,70880000,2026-05-25,کارت,REF-97743326
2057,1828,12000000,2026-04-24,کارت,REF-10907421
2058,1829,14730000,2026-06-28,نقدی,REF-34551066
2059,1830,1088000,2026-06-11,کارت,REF-25561394
2060,1831,6890000,2026-07-09,نقدی,REF-91732763
2061,1832,8110000,2025-12-20,کارت,REF-32924855
2062,1833,2140000,2026-08-14,کارت,REF-14930325
2063,1834,16750000,2026-07-26,کارت,REF-72744120
2064,1835,21769000,2026-07-08,کارت,REF-80376538
2065,1836,79598000,2026-08-13,نقدی,REF-71837182
2066,1837,14295000,2026-04-22,چک,REF-34248124
2067,1838,5280000,2026-01-01,کارت,REF-98429546
2068,1839,10200000,2026-08-05,کارت,REF-60254688
2069,1840,920000,2026-05-14,نقدی,REF-54017546
2070,1841,28360000,2026-03-06,کارت,REF-46706033
2071,1843,2400000,2026-07-02,چک,REF-84338467
2072,1844,11952000,2026-08-06,کارت,REF-63012643
2073,1845,12564000,2026-06-30,کارت,REF-39957773
2074,1846,24228000,2026-07-01,انتقال بانکی,REF-87978671
2075,1846,35102000,2026-07-12,کارت,REF-12090346
2076,1847,4720000,2026-08-13,کارت,REF-65856931
2077,1848,22509000,2026-04-14,کارت,REF-57727401
2078,1848,17625000,2026-04-21,کارت,REF-60923267
2079,1849,5470000,2026-07-03,کارت,REF-86282949
2080,1850,11176000,2026-06-20,کارت,REF-56275401
2081,1851,8101000,2026-02-20,کارت,REF-18897940
2082,1852,1182000,2026-07-31,کارت,REF-16416937
2083,1853,22840000,2026-08-13,نقدی,REF-71945673
2084,1854,9792000,2026-08-06,کارت,REF-75476332
2085,1855,36720000,2026-02-22,انتقال بانکی,REF-23628714
2086,1856,4140000,2026-08-09,نقدی,REF-17041038
2087,1857,7404000,2026-07-19,کارت,REF-99954660
2088,1858,50580000,2026-05-19,انتقال بانکی,REF-33058219
2089,1859,14934000,2026-05-15,کارت,REF-74673538
2090,1860,353000,2026-08-13,نقدی,REF-90241741
2091,1860,385000,2026-08-16,چک,REF-95495707
2092,1861,624000,2026-05-13,انتقال بانکی,REF-38906909
2093,1862,19883000,2026-08-02,کارت,REF-85853794
2094,1863,2442000,2025-12-09,کارت,REF-45956260
2095,1864,2586000,2026-08-03,انتقال بانکی,REF-74644913
2096,1865,9024000,2026-08-04,انتقال بانکی,REF-35830332
2097,1866,14730000,2026-08-15,کارت,REF-74071374
2098,1867,180000,2026-05-21,چک,REF-38409668
2099,1868,16290000,2026-04-22,انتقال بانکی,REF-24317289
2100,1869,22224000,2026-06-25,کارت,REF-64714664
2101,1870,22240000,2026-05-06,نقدی,REF-62224723
2102,1871,16620000,2026-08-07,کارت,REF-38098051
2103,1872,1198000,2026-07-05,انتقال بانکی,REF-69025238
2104,1873,10148000,2026-07-11,چک,REF-39904338
2105,1875,9712000,2026-07-18,انتقال بانکی,REF-38174425
2106,1876,29046000,2026-07-12,انتقال بانکی,REF-75884527
2107,1877,4703000,2026-08-20,کارت,REF-35406649
2108,1878,18780000,2026-08-01,انتقال بانکی,REF-13283895
2109,1879,1150000,2025-11-04,کارت,REF-81784293
2110,1880,2210000,2026-04-10,نقدی,REF-91193439
2111,1881,72293000,2026-07-29,انتقال بانکی,REF-34264475
2112,1882,497000,2026-07-05,کارت,REF-70826456
2113,1883,3108000,2026-08-08,چک,REF-40486244
2114,1884,11926000,2026-06-23,نقدی,REF-57807313
2115,1885,50410000,2026-06-01,نقدی,REF-26999591
2116,1886,5075000,2026-07-05,نقدی,REF-39211606
2117,1887,10648000,2026-08-20,کارت,REF-83511035
2118,1888,7362000,2026-07-24,کارت,REF-87860449
2119,1889,36730000,2026-07-20,کارت,REF-94470474
2120,1890,8256000,2026-07-26,نقدی,REF-61384579
2121,1891,10680000,2025-12-17,کارت,REF-57094526
2122,1892,3742000,2026-08-06,کارت,REF-80702519
2123,1893,1940000,2026-06-29,انتقال بانکی,REF-51729261
2124,1893,2500000,2026-06-30,انتقال بانکی,REF-21949902
2125,1894,7633000,2026-04-21,کارت,REF-61212517
2126,1895,7289000,2026-08-11,انتقال بانکی,REF-57589168
2127,1895,5287000,2026-08-14,کارت,REF-48363216
2128,1897,23620000,2026-01-12,نقدی,REF-11016831
2129,1898,1230000,2026-06-07,کارت,REF-69019986
2130,1899,16040000,2026-05-02,کارت,REF-72374121
2131,1900,15982000,2026-03-22,کارت,REF-58223473
2132,1900,12830000,2026-03-29,کارت,REF-36470501
2133,1901,6299000,2026-06-08,کارت,REF-23496527
2134,1902,53006000,2026-07-23,نقدی,REF-79046051
2135,1903,11400000,2026-01-03,انتقال بانکی,REF-73390391
2136,1904,225000,2026-06-05,نقدی,REF-21999584
2137,1905,13005000,2026-07-25,انتقال بانکی,REF-26606733
2138,1906,7142000,2026-07-30,انتقال بانکی,REF-72794146
2139,1906,9838000,2026-08-01,نقدی,REF-65713834
2140,1907,42030000,2026-01-17,کارت,REF-49650666
2141,1908,12420000,2026-07-14,کارت,REF-10439604
2142,1909,3150000,2026-08-02,نقدی,REF-10563730
2143,1910,4564000,2026-08-05,کارت,REF-93878971
2144,1911,5260000,2026-08-15,نقدی,REF-74999803
2145,1912,17390000,2026-08-09,نقدی,REF-69158831
2146,1913,9011000,2026-08-05,انتقال بانکی,REF-37310371
2147,1914,7016000,2026-05-08,کارت,REF-70563463
2148,1914,9994000,2026-05-13,کارت,REF-89368109
2149,1915,2540000,2026-07-28,نقدی,REF-55961319
2150,1915,3396000,2026-07-31,نقدی,REF-67785803
2151,1916,4098000,2025-12-31,انتقال بانکی,REF-62672195
2152,1917,36000,2026-06-12,کارت,REF-13170497
2153,1917,48000,2026-06-13,کارت,REF-63585762
2154,1918,1828000,2025-11-26,کارت,REF-54854555
2155,1919,4089000,2026-07-29,نقدی,REF-93903159
2156,1920,24930000,2026-07-22,نقدی,REF-33236897
2157,1921,33132000,2026-07-10,کارت,REF-94910919
2158,1922,114000,2026-08-10,کارت,REF-95985800
2159,1923,4698000,2026-08-08,نقدی,REF-59143070
2160,1925,4228000,2026-06-30,انتقال بانکی,REF-31130263
2161,1925,4577000,2026-07-05,کارت,REF-37614704
2162,1926,17760000,2026-07-17,انتقال بانکی,REF-46495949
2163,1927,19980000,2026-08-01,نقدی,REF-72935528
2164,1928,8800000,2026-05-31,انتقال بانکی,REF-67191517
2165,1929,18556000,2026-07-15,کارت,REF-94378332
2166,1930,1300000,2026-05-22,کارت,REF-79287732
2167,1931,11600000,2025-09-24,انتقال بانکی,REF-19056436
2168,1932,21570000,2026-07-10,کارت,REF-28333824
2169,1933,19794000,2026-04-03,کارت,REF-75667108
2170,1934,390000,2026-08-15,کارت,REF-17883815
2171,1935,30320000,2025-09-21,نقدی,REF-64022492
2172,1936,833000,2026-03-02,کارت,REF-27537954
2173,1937,340000,2026-07-30,کارت,REF-85610215
2174,1938,4689000,2026-07-27,انتقال بانکی,REF-55936253
2175,1939,15650000,2025-11-30,کارت,REF-99953820
2176,1940,2560000,2026-07-08,کارت,REF-68831902
2177,1941,17280000,2026-02-27,انتقال بانکی,REF-76525870
2178,1942,327000,2026-07-08,کارت,REF-76195358
2179,1942,303000,2026-07-08,کارت,REF-98736811
2180,1943,721000,2026-02-09,انتقال بانکی,REF-40166909
2181,1943,499000,2026-02-11,نقدی,REF-64096614
2182,1944,3710000,2026-08-04,کارت,REF-33058788
2183,1945,23044000,2026-07-22,انتقال بانکی,REF-23735168
2184,1946,57200000,2026-04-10,چک,REF-10590931
2185,1947,3920000,2026-06-04,نقدی,REF-34766669
2186,1948,69150000,2026-06-29,کارت,REF-66902862
2187,1949,3797000,2026-06-26,نقدی,REF-24704125
2188,1949,4168000,2026-07-01,کارت,REF-80122572
2189,1950,5269000,2026-08-06,کارت,REF-80761054
2190,1950,5501000,2026-08-15,کارت,REF-86573501
2191,1951,15011000,2026-08-18,انتقال بانکی,REF-33356005
2192,1953,5693000,2026-08-15,کارت,REF-84542359
2193,1954,32933000,2026-07-25,کارت,REF-63025183
2194,1955,9308000,2026-08-08,چک,REF-94219153
2195,1956,8360000,2025-11-20,کارت,REF-10724023
2196,1957,4280000,2026-05-20,انتقال بانکی,REF-54502596
2197,1958,9108000,2026-08-08,کارت,REF-89053961
2198,1959,33050000,2026-08-12,کارت,REF-81462874
2199,1960,26970000,2026-07-28,کارت,REF-30533849
2200,1961,12600000,2026-02-18,کارت,REF-29248350
2201,1962,3430000,2026-03-07,انتقال بانکی,REF-21825849
2202,1963,952000,2026-07-15,نقدی,REF-36843797
2203,1963,978000,2026-07-20,نقدی,REF-86059036
2204,1964,4374000,2026-08-14,کارت,REF-19239854
2205,1965,4891000,2026-07-01,انتقال بانکی,REF-57615137
2206,1965,4642000,2026-07-04,انتقال بانکی,REF-11332917
2207,1966,3648000,2026-06-28,کارت,REF-38332608
2208,1967,7829000,2026-03-27,نقدی,REF-60354811
2209,1968,434000,2026-08-04,انتقال بانکی,REF-79124516
2210,1969,12474000,2026-05-09,نقدی,REF-43323697
2211,1970,57135000,2026-06-09,انتقال بانکی,REF-42783605
2212,1971,13545000,2026-08-03,چک,REF-79625105
2213,1972,63970000,2026-08-05,انتقال بانکی,REF-63471506
2214,1974,7554000,2026-05-18,نقدی,REF-21554482
2215,1975,23360000,2026-07-03,کارت,REF-23407853
2216,1976,24556000,2026-07-05,نقدی,REF-66003063
2217,1977,976000,2026-07-30,کارت,REF-26643686
2218,1978,28504000,2026-08-06,کارت,REF-31292998
2219,1979,5081000,2026-01-01,کارت,REF-66510905
2220,1979,3662000,2026-01-05,کارت,REF-40120277
2221,1980,37764000,2026-07-23,کارت,REF-63693188
2222,1981,10590000,2026-05-12,انتقال بانکی,REF-39280606
2223,1982,17357000,2026-07-04,کارت,REF-68160629
2224,1983,15280000,2026-07-09,نقدی,REF-50969860
2225,1984,12563000,2026-08-01,کارت,REF-78991783
2226,1985,34776000,2026-07-07,نقدی,REF-68751948
2227,1986,15354000,2026-08-03,کارت,REF-98385408
2228,1987,10152000,2026-02-24,انتقال بانکی,REF-16414692
2229,1988,1200000,2026-06-07,کارت,REF-91348196
2230,1989,1846000,2026-07-09,کارت,REF-78857564
2231,1989,1427000,2026-07-14,نقدی,REF-80320267
2232,1990,4932000,2026-07-30,نقدی,REF-42120989
2233,1990,4860000,2026-08-07,کارت,REF-26481887
2234,1991,14320000,2026-04-04,نقدی,REF-21281148
2235,1992,35836000,2026-08-08,کارت,REF-42075806
2236,1993,1504000,2026-08-15,نقدی,REF-82051647
2237,1994,13986000,2026-08-12,کارت,REF-87156878
2238,1995,12928000,2026-07-27,نقدی,REF-30612516
2239,1996,13910000,2026-04-03,کارت,REF-88208973
2240,1997,1010000,2026-08-12,کارت,REF-69108988
2241,1998,6953000,2026-06-23,نقدی,REF-59033153
2242,1998,6775000,2026-07-01,چک,REF-44066791
2243,1999,5744000,2026-06-02,کارت,REF-19923757
2244,2000,43030000,2026-06-25,کارت,REF-24602799
2245,2001,830000,2026-07-25,کارت,REF-85802171
2246,2002,25695000,2026-07-06,انتقال بانکی,REF-92631398
2247,2003,14561000,2025-12-16,کارت,REF-30273031
2248,2004,2542000,2026-06-26,انتقال بانکی,REF-36581254
2249,2005,20360000,2026-06-16,کارت,REF-16896495
2250,2007,15594000,2026-03-04,انتقال بانکی,REF-22508316
2251,2008,891000,2026-08-16,کارت,REF-67761899
2252,2008,1336000,2026-08-25,کارت,REF-14860523
2253,2009,9690000,2026-07-27,کارت,REF-55006572
2254,2010,3984000,2026-08-03,انتقال بانکی,REF-99446216
2255,2011,12903000,2026-07-27,کارت,REF-58588209
2256,2012,10464000,2026-08-06,کارت,REF-77070044
2257,2013,4302000,2026-08-06,کارت,REF-70327515
2258,2014,3590000,2026-08-06,نقدی,REF-33177349
2259,2015,2565000,2026-08-05,کارت,REF-78732404
2260,2016,19848000,2026-08-14,کارت,REF-71319861
2261,2017,9990000,2026-07-29,انتقال بانکی,REF-12797207
2262,2018,7455000,2026-08-12,نقدی,REF-29115364
2263,2019,5868000,2026-03-12,نقدی,REF-61924454
2264,2020,91060000,2026-08-09,کارت,REF-54899204
2265,2021,190000,2026-03-05,نقدی,REF-81169483
2266,2022,11893000,2026-07-27,کارت,REF-15888228
2267,2023,16426000,2026-05-20,کارت,REF-49130521
2268,2023,11624000,2026-05-27,نقدی,REF-99313773
2269,2024,5198000,2026-07-25,کارت,REF-29022720
2270,2025,13363000,2026-07-25,کارت,REF-31793433
2271,2026,8184000,2025-12-17,کارت,REF-30366632
2272,2027,182000,2026-05-23,کارت,REF-68286240
2273,2027,190000,2026-05-27,کارت,REF-92646730
2274,2028,1467000,2026-08-15,انتقال بانکی,REF-36949572
2275,2029,7735000,2026-08-14,کارت,REF-37342890
2276,2030,5016000,2026-07-09,انتقال بانکی,REF-83281560
2277,2031,23068000,2026-07-01,کارت,REF-22849955
2278,2031,22952000,2026-07-05,کارت,REF-98146857
2279,2032,550000,2026-07-28,کارت,REF-11667087
2280,2033,11400000,2026-08-04,نقدی,REF-43781516
2281,2034,28807000,2026-07-28,کارت,REF-78206632
2282,2034,38633000,2026-08-08,نقدی,REF-17160080
2283,2035,7461000,2026-07-06,کارت,REF-10472572
2284,2035,9109000,2026-07-08,انتقال بانکی,REF-91805140
2285,2036,11712000,2026-06-13,انتقال بانکی,REF-43211243
2286,2037,5512000,2026-03-02,نقدی,REF-93113502
2287,2038,536000,2026-07-05,نقدی,REF-67763365
2288,2039,5355000,2026-03-29,نقدی,REF-58101515
2289,2040,10224000,2026-08-10,نقدی,REF-71424685
2290,2041,4386000,2025-09-03,کارت,REF-62051942
2291,2042,9456000,2026-08-16,نقدی,REF-47849247
2292,2043,18948000,2026-06-28,کارت,REF-30713215
2293,2044,8798000,2025-08-11,کارت,REF-92318805
2294,2045,2538000,2026-08-11,انتقال بانکی,REF-51114754
2295,2045,3370000,2026-08-16,کارت,REF-67903271
2296,2046,38693000,2026-03-17,نقدی,REF-69422635
2297,2047,776000,2026-08-23,کارت,REF-32676891
2298,2048,5976000,2026-07-04,کارت,REF-76962563
2299,2049,16554000,2026-05-04,نقدی,REF-41577216
2300,2050,10240000,2026-05-25,کارت,REF-26470161
2301,2051,20188000,2026-07-21,کارت,REF-59068366
2302,2054,4652000,2026-07-27,کارت,REF-10565869
2303,2054,5878000,2026-07-27,انتقال بانکی,REF-40820623
2304,2055,1280000,2026-02-03,چک,REF-28876592
2305,2056,650000,2026-07-19,چک,REF-11324859
2306,2057,6406000,2026-08-11,کارت,REF-71536708
2307,2058,15819000,2026-07-29,نقدی,REF-62100808
2308,2059,84000,2026-05-23,نقدی,REF-73068261
2309,2060,14184000,2026-07-31,کارت,REF-26726420
2310,2061,5927000,2026-05-13,کارت,REF-52014965
2311,2061,5353000,2026-05-22,نقدی,REF-25051043
2312,2062,7416000,2026-06-29,چک,REF-51620549
2313,2063,16570000,2026-01-06,کارت,REF-25018358
2314,2064,175000,2026-06-24,کارت,REF-95206446
2315,2065,25056000,2026-06-25,کارت,REF-10306900
2316,2066,8754000,2025-09-07,کارت,REF-33508791
2317,2067,1464000,2026-07-03,نقدی,REF-17509534
2318,2068,33360000,2026-07-16,کارت,REF-49443791
2319,2069,5915000,2026-05-11,چک,REF-44064712
2320,2070,52000,2026-03-10,کارت,REF-58698817
2321,2070,68000,2026-03-10,نقدی,REF-57876698
2322,2071,294000,2026-07-07,انتقال بانکی,REF-14335336
2323,2072,5892000,2026-03-21,انتقال بانکی,REF-22061946
2324,2073,1212000,2026-07-28,کارت,REF-97648452
2325,2074,4112000,2026-08-09,نقدی,REF-73730633
2326,2075,7752000,2026-07-03,کارت,REF-91487399
2327,2076,14711000,2026-07-26,کارت,REF-73653069
2328,2076,11491000,2026-08-03,کارت,REF-79894121
2329,2077,20510000,2026-07-20,انتقال بانکی,REF-86269669
2330,2078,14745000,2026-01-30,کارت,REF-94111771
2331,2079,720000,2026-07-19,چک,REF-86144815
2332,2080,3936000,2026-07-30,کارت,REF-34190522
2333,2081,42468000,2026-08-01,انتقال بانکی,REF-48027243
2334,2082,12050000,2026-07-26,کارت,REF-83376772
2335,2083,2652000,2026-04-10,نقدی,REF-80328417
2336,2084,32800000,2026-08-05,انتقال بانکی,REF-77781220
2337,2085,7540000,2026-07-11,انتقال بانکی,REF-70936629
2338,2086,6128000,2026-07-09,کارت,REF-71116913
2339,2087,9630000,2026-02-17,نقدی,REF-82398250
2340,2088,1030000,2026-07-27,کارت,REF-42361889
2341,2089,18953000,2026-07-24,کارت,REF-42389273
2342,2090,18618000,2026-03-03,نقدی,REF-19706598
2343,2091,228000,2026-07-11,نقدی,REF-63556441
2344,2092,3144000,2025-09-30,کارت,REF-30010185
2345,2093,2268000,2026-08-05,نقدی,REF-10814565
2346,2094,6130000,2025-08-15,کارت,REF-59140437
2347,2095,7080000,2026-07-11,کارت,REF-11935534
2348,2096,23308000,2026-06-23,کارت,REF-53339618
2349,2096,30742000,2026-06-23,کارت,REF-93116910
2350,2097,2227000,2026-08-11,انتقال بانکی,REF-18057245
2351,2098,18392000,2025-12-03,انتقال بانکی,REF-16061113
2352,2100,91440000,2026-04-01,انتقال بانکی,REF-60725636
2353,2101,26312000,2026-02-22,کارت,REF-96468865
2354,2102,1321000,2026-07-24,نقدی,REF-20222229
2355,2102,1659000,2026-08-03,کارت,REF-10752984
2356,2103,17200000,2026-05-19,نقدی,REF-55258466
2357,2104,6090000,2025-10-30,کارت,REF-20951939
2358,2105,84000,2026-03-24,کارت,REF-59764645
2359,2106,1650000,2026-08-02,نقدی,REF-50174391
