plan_id,patient_id,dentist_id,start_date,estimated_end_date,total_estimated_cost,status
1,1,2,2025-12-06,2026-10-09,8670000,فعال
2,2,3,2025-07-06,2026-09-28,76040000,فعال
3,3,2,2025-07-10,2025-09-15,1850000,تکمیل‌شده
4,3,1,2026-01-24,2026-07-04,14260000,فعال
5,4,4,2025-07-08,2025-12-02,14400000,تکمیل‌شده
6,4,2,2026-04-15,2026-10-18,8450000,فعال
7,5,1,2025-07-05,2026-02-25,8950000,تکمیل‌شده
8,5,4,2026-07-04,2026-08-31,6850000,فعال
9,6,1,2025-09-22,2026-10-12,36140000,فعال
10,7,1,2025-07-20,2025-10-15,13550000,تکمیل‌شده
11,7,7,2026-05-17,2026-09-01,3440000,فعال
12,8,1,2025-10-06,2026-04-01,14300000,تکمیل‌شده
13,9,3,2025-12-17,2026-11-25,41970000,فعال
14,10,3,2025-11-15,2026-08-14,33310000,فعال
15,11,3,2025-07-07,2025-12-10,23100000,تکمیل‌شده
16,11,4,2026-07-16,2026-12-05,2840000,فعال
17,12,2,2025-07-31,2026-09-28,42190000,فعال
18,13,4,2025-08-26,2025-12-02,2900000,تکمیل‌شده
19,13,7,2026-04-05,2026-09-04,51210000,فعال
20,14,1,2026-06-07,2026-09-04,8460000,فعال
21,15,1,2026-01-24,2026-09-18,18770000,فعال
22,16,2,2026-04-18,2026-09-27,8960000,فعال
23,17,3,2025-11-04,2026-02-25,5350000,تکمیل‌شده
24,18,4,2025-07-06,2026-11-14,42210000,فعال
25,19,2,2025-07-05,2025-09-18,26550000,تکمیل‌شده
26,19,1,2026-02-08,2026-09-11,17300000,فعال
27,20,7,2026-03-01,2026-04-08,3200000,تکمیل‌شده
28,21,1,2025-09-14,2025-11-17,8250000,تکمیل‌شده
29,21,2,2026-03-26,2026-11-03,13640000,فعال
30,22,2,2025-09-21,2026-11-03,21260000,فعال
31,23,1,2025-12-16,2026-10-19,5290000,فعال
32,24,2,2025-09-21,2026-11-12,32760000,فعال
33,25,2,2026-01-05,2026-11-30,5060000,فعال
34,26,1,2025-10-22,2026-11-29,49710000,فعال
35,27,1,2025-12-22,2026-02-24,3500000,تکمیل‌شده
36,27,2,2026-07-05,2026-11-28,1770000,فعال
37,28,2,2025-10-29,2026-11-21,39410000,فعال
38,29,2,2025-08-05,2026-03-07,14450000,تکمیل‌شده
39,29,1,2026-07-12,2026-11-08,21670000,فعال
40,30,4,2025-08-05,2026-03-17,10200000,تکمیل‌شده
41,30,1,2026-08-05,2026-11-27,5420000,فعال
42,31,2,2025-07-13,2026-07-29,84040000,فعال
43,33,3,2026-02-24,2026-02-24,1250000,تکمیل‌شده
44,33,7,2026-07-18,2026-10-28,410000,فعال
45,35,2,2025-12-24,2026-12-02,10880000,فعال
46,36,7,2025-11-02,2026-05-21,11750000,تکمیل‌شده
47,37,1,2026-02-14,2026-04-27,800000,تکمیل‌شده
48,38,2,2025-07-29,2026-10-31,18830000,فعال
49,39,4,2025-07-05,2026-03-12,22500000,تکمیل‌شده
50,40,2,2025-08-21,2026-12-10,25860000,فعال
51,41,3,2025-08-13,2026-10-30,28370000,فعال
52,42,4,2025-11-15,2026-01-13,8750000,تکمیل‌شده
53,43,4,2025-07-05,2026-04-12,13200000,تکمیل‌شده
54,44,3,2026-01-29,2026-10-21,7450000,فعال
55,45,3,2025-07-26,2026-11-09,20620000,فعال
56,46,2,2025-08-17,2025-12-29,6100000,تکمیل‌شده
57,46,1,2026-05-11,2026-11-24,14080000,فعال
58,47,1,2026-01-26,2026-11-10,17670000,فعال
59,48,3,2025-11-27,2026-07-30,13950000,فعال
60,49,2,2025-07-12,2025-11-18,5000000,تکمیل‌شده
61,49,2,2026-04-14,2026-10-08,10560000,معلق
62,50,1,2025-09-01,2026-10-30,49640000,فعال
63,51,4,2025-07-16,2026-02-02,51800000,تکمیل‌شده
64,52,1,2026-05-03,2026-09-17,7650000,فعال
65,53,3,2025-11-16,2026-03-08,2650000,تکمیل‌شده
66,54,1,2025-07-10,2026-04-05,15050000,تکمیل‌شده
67,55,2,2025-10-29,2026-11-28,39050000,فعال
68,56,3,2025-11-03,2026-08-14,93390000,فعال
69,57,3,2025-09-27,2026-08-21,30630000,فعال
70,58,3,2025-07-08,2026-04-26,18850000,تکمیل‌شده
71,59,1,2026-03-08,2026-09-29,4830000,فعال
72,60,6,2026-02-11,2026-10-26,11660000,فعال
73,61,1,2025-10-25,2026-10-19,120210000,فعال
74,62,2,2025-07-15,2026-11-03,60880000,فعال
75,63,2,2026-03-23,2026-08-10,15230000,معلق
76,64,2,2025-07-24,2026-11-17,147140000,فعال
77,65,2,2025-09-07,2025-11-01,6250000,تکمیل‌شده
78,65,2,2026-04-22,2026-12-25,9590000,فعال
79,66,3,2025-07-20,2026-10-13,69750000,فعال
80,67,2,2025-07-22,2026-10-03,66050000,فعال
81,68,1,2026-03-19,2026-09-08,8700000,فعال
82,69,1,2025-07-23,2026-05-13,18450000,لغو
83,70,4,2025-07-10,2026-12-14,182230000,فعال
84,71,1,2025-07-24,2025-11-05,4250000,تکمیل‌شده
85,71,7,2026-03-08,2026-07-15,850000,فعال
86,72,2,2025-07-05,2026-09-22,56930000,فعال
87,73,2,2025-07-09,2026-02-14,24850000,تکمیل‌شده
88,75,2,2025-08-21,2026-06-22,10880000,فعال
89,77,1,2025-07-28,2026-09-19,70890000,فعال
90,79,1,2026-01-08,2026-03-19,18650000,لغو
91,80,4,2026-02-16,2026-12-08,45850000,فعال
92,81,1,2025-10-30,2026-07-17,7480000,فعال
93,83,1,2025-12-18,2026-05-06,10500000,تکمیل‌شده
94,84,1,2025-07-08,2026-10-26,105070000,فعال
95,85,3,2025-08-17,2026-07-26,56070000,فعال
96,86,4,2025-12-17,2026-10-28,89180000,فعال
97,87,1,2025-07-08,2026-11-07,35850000,فعال
98,89,1,2026-04-26,2026-10-10,3560000,فعال
99,90,3,2025-08-23,2026-03-21,35600000,تکمیل‌شده
100,92,2,2025-07-24,2026-08-24,22610000,فعال
101,93,7,2025-07-12,2026-10-13,33770000,فعال
102,94,1,2026-01-22,2026-04-23,2600000,تکمیل‌شده
103,95,1,2025-11-05,2026-01-14,10950000,تکمیل‌شده
104,95,4,2026-06-15,2026-08-18,3230000,فعال
105,96,1,2025-08-06,2026-12-28,100150000,فعال
106,97,1,2025-12-04,2026-04-06,7800000,تکمیل‌شده
107,98,5,2026-08-04,2026-12-15,5260000,فعال
108,99,3,2025-08-05,2026-02-14,25600000,تکمیل‌شده
109,99,7,2026-07-13,2026-10-14,670000,فعال
110,100,3,2025-07-23,2026-12-17,19940000,فعال
111,102,4,2025-07-20,2025-12-18,16300000,تکمیل‌شده
112,102,3,2026-05-31,2026-09-27,2390000,فعال
113,103,2,2026-04-01,2026-10-25,31740000,فعال
114,104,4,2026-07-27,2026-09-16,4340000,فعال
115,105,7,2025-07-10,2026-05-23,30900000,تکمیل‌شده
116,106,2,2026-03-28,2026-05-03,3500000,تکمیل‌شده
117,107,2,2026-04-11,2026-10-06,27910000,معلق
118,108,1,2025-07-15,2026-04-25,9350000,تکمیل‌شده
119,109,1,2025-07-21,2026-09-22,88880000,فعال
120,110,1,2026-01-26,2026-10-15,65830000,فعال
121,111,2,2025-07-10,2025-09-17,12400000,تکمیل‌شده
122,111,1,2026-02-07,2026-09-15,7220000,فعال
123,112,2,2025-07-28,2026-09-21,26510000,فعال
124,113,4,2026-06-13,2026-10-14,3770000,فعال
125,114,1,2026-05-28,2026-07-19,820000,فعال
126,115,3,2026-03-11,2026-10-08,3060000,فعال
127,116,3,2025-12-01,2026-09-20,39980000,فعال
128,117,3,2026-03-10,2026-07-21,4540000,فعال
129,118,2,2025-07-09,2026-09-29,48940000,فعال
130,119,4,2026-06-06,2026-07-08,7350000,فعال
131,120,3,2026-02-07,2026-10-29,20310000,فعال
132,121,7,2025-07-12,2026-10-31,57660000,فعال
133,122,1,2025-08-10,2026-03-05,16850000,تکمیل‌شده
134,122,3,2026-07-15,2026-10-13,1220000,فعال
135,123,2,2026-03-24,2026-04-25,2250000,تکمیل‌شده
136,125,3,2025-07-21,2026-10-06,20270000,فعال
137,126,1,2025-07-05,2026-09-21,37560000,معلق
138,127,2,2026-06-29,2026-12-15,17810000,فعال
139,128,1,2025-08-04,2026-11-05,95660000,معلق
140,129,2,2025-11-12,2026-09-20,25160000,فعال
141,130,3,2025-11-24,2026-12-02,15250000,فعال
142,131,1,2025-07-23,2026-11-03,95030000,فعال
143,132,2,2025-10-02,2026-11-29,32150000,فعال
144,133,3,2026-03-19,2026-12-03,26910000,فعال
145,134,3,2025-09-28,2026-09-16,29150000,فعال
146,135,1,2025-11-26,2026-01-15,2400000,تکمیل‌شده
147,135,1,2026-06-15,2026-11-04,4690000,فعال
148,136,7,2025-08-27,2026-11-20,72980000,فعال
149,138,3,2025-12-29,2026-12-07,29960000,فعال
150,139,2,2025-07-23,2025-12-03,18200000,تکمیل‌شده
151,139,2,2026-04-15,2026-05-03,1950000,تکمیل‌شده
152,140,1,2025-11-20,2026-03-02,6200000,تکمیل‌شده
153,140,3,2026-07-18,2026-11-02,600000,فعال
154,141,1,2025-08-31,2026-12-09,48580000,فعال
155,142,3,2026-05-20,2026-11-02,3830000,فعال
156,143,1,2026-06-23,2026-08-01,12500000,معلق
157,144,4,2025-07-23,2026-02-22,53150000,تکمیل‌شده
158,144,3,2026-08-04,2026-11-26,4470000,فعال
159,145,1,2025-08-14,2026-09-30,45600000,فعال
160,146,2,2025-07-21,2026-02-14,8000000,تکمیل‌شده
161,146,7,2026-07-21,2026-10-16,2010000,فعال
162,147,1,2025-11-08,2026-09-17,87250000,فعال
163,148,7,2026-06-30,2026-11-09,2390000,فعال
164,149,1,2025-08-30,2026-03-16,18550000,تکمیل‌شده
165,149,1,2026-07-28,2026-09-20,96190000,فعال
166,150,1,2025-07-22,2026-09-02,32990000,فعال
167,151,1,2026-01-19,2026-08-01,4300000,لغو
168,153,4,2025-12-20,2026-01-27,450000,تکمیل‌شده
169,153,1,2026-06-01,2026-11-13,23640000,فعال
170,155,2,2026-05-23,2026-06-28,3100000,لغو
171,156,1,2025-09-25,2026-02-26,14500000,تکمیل‌شده
172,157,7,2025-08-12,2026-09-12,23810000,فعال
173,158,1,2025-11-09,2026-08-30,27160000,فعال
174,159,1,2026-07-26,2026-09-13,1210000,فعال
175,160,1,2026-04-21,2026-09-12,10180000,فعال
176,161,2,2025-07-23,2026-12-22,35420000,فعال
177,162,4,2026-06-22,2026-10-29,62600000,فعال
178,163,2,2025-11-22,2026-09-16,13800000,فعال
179,164,1,2025-07-30,2026-09-30,20340000,فعال
180,165,7,2025-08-26,2026-09-18,17440000,فعال
181,166,3,2025-07-09,2025-09-24,4800000,تکمیل‌شده
182,166,3,2026-02-26,2026-10-23,41320000,فعال
183,167,2,2026-03-07,2026-08-21,6210000,فعال
184,168,1,2025-08-14,2026-10-03,31760000,فعال
185,169,1,2025-12-07,2025-12-15,1550000,تکمیل‌شده
186,169,1,2026-06-02,2026-07-25,5270000,فعال
187,170,2,2025-12-02,2026-09-22,34380000,فعال
188,172,2,2025-08-02,2026-11-30,24110000,فعال
189,173,7,2025-08-28,2026-10-27,10220000,فعال
190,174,1,2026-02-14,2026-09-04,41210000,فعال
191,175,7,2026-02-28,2026-10-21,4950000,معلق
192,176,1,2025-12-22,2026-04-27,9700000,تکمیل‌شده
193,177,1,2026-05-20,2026-11-20,23190000,فعال
194,178,3,2026-06-24,2026-08-21,3470000,فعال
195,179,1,2025-11-26,2026-11-20,139440000,فعال
196,180,1,2025-07-07,2026-05-12,26800000,تکمیل‌شده
197,181,7,2026-03-03,2026-09-01,15420000,فعال
198,182,1,2025-07-17,2026-08-07,27440000,فعال
199,183,7,2025-08-18,2025-10-16,4600000,تکمیل‌شده
200,183,1,2026-03-09,2026-05-05,7000000,تکمیل‌شده
201,185,1,2025-07-19,2026-09-16,99740000,فعال
202,186,3,2025-07-20,2026-08-11,31920000,فعال
203,187,1,2025-07-05,2026-11-11,64130000,فعال
204,189,2,2025-07-13,2026-10-29,174670000,فعال
205,190,1,2025-07-15,2025-12-24,14150000,تکمیل‌شده
206,190,1,2026-05-02,2026-11-16,6220000,فعال
207,191,1,2025-10-07,2026-09-29,14170000,فعال
208,192,1,2025-07-24,2025-10-23,53300000,تکمیل‌شده
209,192,1,2026-03-19,2026-05-24,11300000,لغو
210,193,3,2025-07-09,2026-10-26,42300000,فعال
211,195,2,2025-07-07,2026-12-07,73740000,فعال
212,196,4,2026-05-17,2026-08-19,22000000,فعال
213,197,3,2025-07-06,2026-03-09,57400000,تکمیل‌شده
214,198,3,2025-11-06,2026-08-27,15370000,فعال
215,199,3,2025-08-23,2026-09-25,26230000,فعال
216,201,1,2025-07-12,2026-05-24,12050000,تکمیل‌شده
217,203,1,2026-01-19,2026-04-20,6950000,تکمیل‌شده
218,204,7,2025-07-10,2026-03-02,32150000,تکمیل‌شده
219,205,1,2025-12-10,2026-10-03,134220000,فعال
220,206,7,2025-09-30,2026-07-30,23010000,فعال
221,207,1,2025-07-05,2025-09-17,29350000,تکمیل‌شده
222,207,2,2026-02-07,2026-10-18,10480000,فعال
223,208,3,2025-07-26,2026-12-08,59210000,فعال
224,209,1,2025-07-05,2026-08-05,34700000,لغو
225,210,3,2025-07-13,2026-09-28,100660000,فعال
226,211,7,2025-11-26,2026-09-27,63740000,فعال
227,212,3,2026-06-21,2026-10-11,3990000,فعال
228,213,3,2026-03-15,2026-11-22,22710000,فعال
229,214,3,2026-05-06,2026-08-21,7490000,فعال
230,215,3,2025-07-07,2026-11-13,123690000,فعال
231,216,1,2025-09-20,2026-03-16,22050000,تکمیل‌شده
232,217,3,2025-11-24,2026-05-21,7700000,تکمیل‌شده
233,218,2,2025-08-27,2027-01-03,27160000,فعال
234,220,1,2025-07-16,2026-03-04,66150000,تکمیل‌شده
235,221,1,2026-06-10,2026-09-11,23120000,فعال
236,222,2,2025-07-21,2026-10-12,16110000,فعال
237,223,1,2025-12-02,2026-11-21,11870000,فعال
238,224,1,2026-02-25,2026-05-25,43750000,تکمیل‌شده
239,225,7,2026-02-09,2026-10-22,47780000,فعال
240,226,4,2025-12-02,2026-12-11,21750000,فعال
241,227,2,2025-07-27,2025-12-03,5000000,تکمیل‌شده
242,227,2,2026-05-07,2026-11-21,68090000,فعال
243,228,1,2025-07-17,2026-08-05,43570000,فعال
244,229,3,2025-07-22,2026-04-08,39100000,تکمیل‌شده
245,230,1,2025-07-06,2026-04-29,22500000,تکمیل‌شده
246,231,7,2025-07-12,2026-09-02,12770000,فعال
247,232,1,2025-07-17,2026-12-28,116530000,فعال
248,233,2,2025-12-21,2026-09-19,31840000,فعال
249,234,4,2025-12-09,2025-12-24,5300000,تکمیل‌شده
250,234,1,2026-05-23,2026-08-11,2520000,فعال
251,235,2,2026-05-07,2026-11-24,4330000,فعال
252,236,4,2026-08-03,2026-09-11,6260000,فعال
253,237,2,2026-02-23,2026-10-09,36410000,فعال
254,238,1,2025-11-24,2026-08-28,23610000,فعال
255,239,2,2025-10-27,2026-04-13,15850000,تکمیل‌شده
256,240,4,2025-08-04,2026-02-16,17650000,تکمیل‌شده
257,240,2,2026-06-28,2026-10-15,1770000,فعال
258,241,7,2025-07-31,2026-05-11,21550000,تکمیل‌شده
259,242,1,2026-05-30,2026-09-28,1590000,فعال
260,243,4,2026-06-07,2026-09-06,3340000,فعال
261,244,2,2025-11-27,2026-12-29,5840000,فعال
262,245,5,2025-09-04,2026-02-12,26700000,تکمیل‌شده
263,245,1,2026-07-09,2026-09-30,32420000,فعال
264,246,4,2026-01-17,2026-09-07,150650000,فعال
265,247,3,2026-04-02,2026-09-23,8960000,فعال
266,248,3,2025-10-20,2026-03-29,26300000,تکمیل‌شده
267,249,1,2026-07-08,2026-12-04,5020000,فعال
268,250,1,2025-07-20,2026-08-03,50350000,فعال
269,251,3,2025-07-05,2026-10-25,40670000,معلق
270,252,2,2025-07-06,2026-12-05,174830000,فعال
271,253,2,2025-07-14,2026-01-25,11050000,تکمیل‌شده
272,253,1,2026-06-07,2026-09-02,5230000,فعال
273,254,1,2025-07-06,2026-04-18,17350000,تکمیل‌شده
274,255,2,2025-12-16,2026-05-02,3650000,تکمیل‌شده
275,256,2,2026-01-01,2026-02-18,3650000,تکمیل‌شده
276,257,2,2025-12-15,2026-11-25,22750000,فعال
277,258,1,2025-07-26,2026-08-29,72300000,فعال
278,259,1,2026-01-07,2026-09-29,27940000,فعال
279,260,7,2025-07-09,2026-07-20,19650000,لغو
280,261,2,2025-08-05,2026-10-20,40780000,فعال
281,262,1,2026-06-14,2026-08-03,2850000,فعال
282,263,3,2025-07-08,2026-12-11,52030000,فعال
283,264,7,2025-09-21,2026-05-05,14300000,تکمیل‌شده
284,265,1,2026-04-29,2026-10-13,2660000,فعال
285,267,2,2025-09-01,2026-07-01,29370000,فعال
286,268,1,2025-11-24,2026-09-15,61920000,فعال
287,269,1,2026-04-09,2026-09-12,9780000,فعال
288,271,1,2026-05-20,2026-05-20,650000,تکمیل‌شده
289,272,3,2025-11-19,2026-09-29,5770000,فعال
290,274,2,2026-01-31,2026-01-31,300000,تکمیل‌شده
291,274,3,2026-06-22,2026-08-24,1240000,فعال
292,275,1,2026-04-20,2026-09-06,5730000,فعال
293,276,7,2026-03-23,2026-09-16,7660000,فعال
294,277,1,2025-07-30,2026-04-16,31300000,تکمیل‌شده
295,278,3,2026-03-09,2026-07-19,10450000,لغو
296,279,4,2026-06-14,2026-12-28,23380000,فعال
297,282,1,2025-11-02,2026-09-09,18290000,فعال
298,283,2,2025-07-24,2026-04-26,14250000,تکمیل‌شده
299,284,4,2025-07-28,2026-03-26,44950000,تکمیل‌شده
300,285,1,2025-07-19,2026-02-05,21050000,تکمیل‌شده
301,286,1,2025-08-19,2025-10-29,7350000,تکمیل‌شده
302,286,2,2026-03-26,2026-09-15,12940000,فعال
303,287,2,2025-07-08,2026-11-06,78850000,فعال
304,288,4,2025-07-19,2026-08-15,39560000,فعال
305,289,7,2026-04-13,2026-10-12,7890000,فعال
306,290,2,2025-08-28,2026-03-25,24600000,تکمیل‌شده
307,291,1,2026-04-05,2026-12-05,7190000,فعال
308,292,1,2026-01-11,2026-11-08,5570000,فعال
309,293,1,2025-07-13,2026-09-08,127030000,فعال
310,294,7,2025-07-30,2026-11-10,11780000,فعال
311,295,2,2025-08-14,2026-01-25,35900000,تکمیل‌شده
312,296,2,2025-07-12,2026-07-08,79050000,فعال
313,297,3,2025-07-24,2025-11-08,7200000,تکمیل‌شده
314,297,2,2026-08-08,2026-09-11,4010000,فعال
315,299,2,2026-02-14,2026-04-02,4350000,تکمیل‌شده
316,301,4,2025-07-09,2026-09-13,155030000,فعال
317,302,4,2026-03-31,2026-03-31,2400000,تکمیل‌شده
318,302,8,2026-08-01,2026-12-16,590000,فعال
319,303,1,2025-12-25,2026-05-23,8850000,تکمیل‌شده
320,304,1,2025-07-08,2026-09-21,34200000,فعال
321,305,4,2026-05-30,2026-10-05,4550000,فعال
322,306,1,2025-09-25,2026-10-15,45070000,فعال
323,307,1,2025-07-07,2026-09-12,198580000,فعال
324,308,1,2025-07-09,2026-11-08,36580000,فعال
325,309,1,2025-07-07,2025-12-29,6900000,تکمیل‌شده
326,309,3,2026-04-30,2026-04-30,4000000,تکمیل‌شده
327,310,4,2025-08-02,2026-09-18,105510000,فعال
328,311,2,2025-09-28,2026-09-18,52570000,فعال
329,312,2,2026-05-24,2026-12-28,54870000,فعال
330,314,2,2025-09-13,2026-09-16,41060000,فعال
331,315,2,2025-07-05,2026-12-12,43320000,فعال
332,316,2,2025-07-09,2026-03-22,21600000,تکمیل‌شده
333,317,1,2026-05-19,2026-12-28,11260000,فعال
334,318,2,2026-08-08,2026-12-09,2280000,فعال
335,319,6,2026-08-02,2026-12-01,1320000,فعال
336,320,3,2026-03-24,2026-05-19,3950000,تکمیل‌شده
337,321,1,2026-01-12,2026-11-05,85790000,فعال
338,323,1,2025-07-28,2026-12-14,41630000,معلق
339,324,1,2025-07-22,2025-12-16,15300000,تکمیل‌شده
340,324,1,2026-04-30,2026-12-22,7630000,معلق
341,325,1,2026-02-09,2026-03-01,26150000,تکمیل‌شده
342,325,1,2026-07-14,2026-11-21,21240000,فعال
343,326,5,2026-03-05,2026-11-09,75420000,فعال
344,327,2,2026-04-29,2026-10-06,8910000,فعال
345,329,1,2025-07-05,2026-05-09,49450000,تکمیل‌شده
346,331,2,2025-08-14,2026-03-05,10350000,تکمیل‌شده
347,331,3,2026-07-28,2026-11-12,8560000,فعال
348,332,2,2026-04-23,2026-09-18,10990000,فعال
349,333,2,2026-02-02,2026-11-25,6290000,فعال
350,334,3,2025-07-13,2026-12-06,33730000,فعال
351,335,1,2025-07-06,2026-04-04,13250000,تکمیل‌شده
352,336,3,2025-11-26,2026-09-24,44120000,فعال
353,337,3,2025-08-25,2025-10-02,5250000,تکمیل‌شده
354,337,7,2026-03-23,2026-09-05,12010000,فعال
355,338,1,2025-11-08,2026-09-05,72460000,فعال
356,339,2,2025-07-17,2026-11-02,41750000,فعال
357,340,3,2026-08-09,2026-12-09,8290000,فعال
358,341,3,2025-07-10,2026-03-10,15350000,تکمیل‌شده
359,341,2,2026-07-21,2026-11-05,2480000,معلق
360,342,1,2025-07-05,2026-09-28,115220000,فعال
361,343,2,2025-07-16,2026-08-14,100610000,فعال
362,344,3,2025-08-27,2026-04-22,4750000,تکمیل‌شده
363,345,1,2025-07-20,2026-12-13,43380000,فعال
364,346,2,2026-02-16,2026-09-30,4840000,فعال
365,347,1,2025-08-02,2026-12-02,43540000,فعال
366,348,7,2025-07-05,2026-08-09,28170000,فعال
367,349,1,2025-08-03,2026-10-29,27440000,فعال
368,350,3,2025-07-13,2026-11-23,119250000,فعال
369,351,4,2026-05-26,2026-08-24,35020000,فعال
370,352,7,2026-06-27,2026-10-22,270000,فعال
371,353,5,2025-12-15,2026-10-21,19260000,فعال
372,354,3,2026-02-26,2026-10-22,15530000,فعال
373,355,2,2025-10-07,2025-12-22,6200000,تکمیل‌شده
374,355,2,2026-05-09,2026-08-13,6950000,فعال
375,356,2,2025-07-10,2026-10-04,131410000,فعال
376,357,3,2026-03-19,2026-05-20,6500000,تکمیل‌شده
377,358,1,2025-08-13,2026-09-13,14370000,فعال
378,359,4,2026-04-18,2026-12-09,25720000,فعال
379,360,1,2026-01-19,2026-01-19,650000,تکمیل‌شده
380,360,3,2026-06-14,2026-09-03,6180000,فعال
381,362,6,2026-06-11,2026-07-27,11570000,فعال
382,363,1,2025-07-26,2026-07-09,40710000,فعال
383,364,2,2025-08-14,2025-11-16,5600000,تکمیل‌شده
384,364,4,2026-04-29,2026-11-09,4430000,فعال
385,365,1,2026-05-14,2026-08-01,5750000,فعال
386,366,1,2025-07-05,2026-09-08,78840000,فعال
387,367,1,2025-09-09,2026-02-03,3950000,تکمیل‌شده
388,367,1,2026-06-17,2026-09-22,490000,معلق
389,368,1,2026-01-07,2026-12-01,13340000,فعال
390,369,7,2026-05-06,2026-07-12,3890000,فعال
391,370,2,2025-07-08,2025-09-01,6950000,تکمیل‌شده
392,370,2,2026-05-18,2026-09-11,19550000,فعال
393,372,1,2025-08-17,2026-09-05,21460000,فعال
394,373,7,2025-07-07,2026-11-17,49600000,فعال
395,374,7,2026-02-08,2026-08-29,3950000,فعال
396,375,2,2026-06-16,2026-08-31,4400000,فعال
397,376,4,2026-03-15,2026-05-21,2550000,تکمیل‌شده
398,377,2,2026-01-24,2026-07-22,89010000,فعال
399,378,3,2025-10-23,2026-04-06,21800000,تکمیل‌شده
400,379,3,2025-10-07,2026-08-17,19150000,فعال
401,380,3,2025-07-13,2026-07-09,26140000,فعال
402,382,3,2026-04-06,2026-05-21,4450000,تکمیل‌شده
403,383,2,2025-11-17,2026-02-03,1950000,تکمیل‌شده
404,383,1,2026-06-22,2026-10-08,6510000,معلق
405,384,4,2025-07-08,2026-04-19,12350000,تکمیل‌شده
406,385,1,2025-12-04,2026-02-11,1750000,تکمیل‌شده
407,385,2,2026-06-23,2026-10-01,3480000,فعال
408,386,2,2025-07-17,2026-11-16,12410000,فعال
409,387,3,2026-01-13,2026-10-02,8170000,فعال
410,388,3,2025-11-15,2026-09-08,18810000,فعال
411,389,1,2025-08-13,2025-11-13,5100000,تکمیل‌شده
412,390,2,2025-09-30,2026-04-30,6700000,تکمیل‌شده
413,391,3,2025-11-29,2026-12-23,50920000,فعال
414,392,4,2025-07-20,2026-09-29,58860000,فعال
415,394,4,2025-10-14,2026-11-08,21090000,فعال
416,395,1,2025-07-15,2026-09-15,22460000,فعال
417,396,7,2025-09-13,2026-11-07,32250000,فعال
418,397,2,2026-01-22,2026-01-24,1150000,تکمیل‌شده
419,398,1,2025-09-20,2026-12-04,9930000,فعال
420,399,4,2025-11-18,2026-08-12,81480000,فعال
421,400,4,2025-10-30,2026-09-07,41110000,فعال
422,401,1,2025-07-09,2026-10-10,23080000,فعال
423,402,3,2026-06-07,2026-10-16,16600000,معلق
424,403,1,2025-07-23,2026-02-22,10800000,تکمیل‌شده
425,403,2,2026-06-23,2026-10-16,3050000,فعال
426,404,1,2025-07-06,2026-12-08,84890000,فعال
427,405,2,2025-08-20,2026-10-28,42560000,فعال
428,406,2,2025-12-31,2026-04-20,2700000,تکمیل‌شده
429,407,3,2025-08-21,2026-10-21,26770000,فعال
430,408,4,2026-03-25,2026-09-03,43650000,فعال
431,409,2,2025-07-13,2026-10-27,144810000,فعال
432,410,2,2025-09-09,2026-10-08,103270000,فعال
433,411,2,2026-05-04,2026-05-04,1250000,تکمیل‌شده
434,412,3,2026-03-28,2026-10-23,6340000,معلق
435,413,1,2025-07-15,2026-10-09,17790000,فعال
436,414,1,2025-07-20,2026-11-02,44710000,فعال
437,416,3,2025-08-04,2026-11-14,60420000,فعال
438,417,3,2025-07-09,2026-10-20,27600000,فعال
439,418,1,2025-08-17,2026-10-13,127040000,فعال
440,419,2,2026-04-16,2026-08-30,7320000,فعال
441,420,1,2026-02-28,2026-06-28,6770000,فعال
442,421,2,2026-06-01,2026-08-04,2390000,فعال
443,422,2,2026-07-05,2026-09-15,7910000,فعال
444,423,3,2025-08-06,2025-12-07,48000000,تکمیل‌شده
445,423,2,2026-05-06,2026-07-14,146530000,فعال
446,424,1,2025-09-14,2026-08-25,31850000,فعال
447,425,2,2025-07-10,2026-02-02,7100000,تکمیل‌شده
448,425,3,2026-06-22,2026-08-22,2390000,فعال
449,426,1,2026-04-27,2026-10-28,39250000,فعال
450,427,2,2026-06-03,2026-08-19,5730000,فعال
451,428,1,2025-12-15,2026-10-19,3110000,فعال
452,429,1,2025-12-20,2026-06-28,8630000,معلق
453,430,2,2025-08-17,2026-01-17,16700000,تکمیل‌شده
454,430,3,2026-06-14,2026-12-09,8370000,فعال
455,431,2,2025-10-04,2026-08-02,64260000,فعال
456,432,7,2025-10-19,2025-10-19,500000,تکمیل‌شده
457,432,1,2026-03-08,2026-07-10,14150000,فعال
458,433,1,2025-09-01,2026-05-23,12000000,تکمیل‌شده
459,434,1,2025-07-17,2025-12-20,9700000,تکمیل‌شده
460,434,4,2026-05-28,2026-12-19,10930000,فعال
461,436,2,2025-09-10,2026-08-02,22740000,فعال
462,437,3,2025-07-09,2026-05-20,22650000,تکمیل‌شده
463,438,1,2025-07-15,2026-09-14,45990000,فعال
464,439,1,2026-01-20,2026-08-07,41870000,فعال
465,440,7,2025-11-20,2026-11-21,9790000,فعال
466,442,2,2025-08-10,2026-05-18,15300000,تکمیل‌شده
467,443,3,2026-04-22,2026-07-23,640000,فعال
468,444,7,2025-11-11,2025-11-11,200000,تکمیل‌شده
469,444,1,2026-04-18,2026-11-01,72350000,فعال
470,445,3,2025-07-15,2026-04-12,31400000,تکمیل‌شده
471,446,4,2025-10-28,2026-05-21,7350000,تکمیل‌شده
472,447,4,2025-08-09,2026-08-26,149360000,فعال
473,448,1,2025-07-19,2026-11-07,54410000,فعال
474,449,1,2025-12-11,2026-09-03,22500000,فعال
475,450,2,2025-07-30,2026-10-15,110920000,فعال
476,452,4,2026-07-26,2026-11-29,190000,فعال
477,454,1,2025-09-18,2026-09-09,31280000,فعال
478,455,1,2026-06-23,2027-01-03,1840000,فعال
479,456,3,2026-07-09,2026-07-09,3000000,لغو
480,457,2,2025-09-08,2026-12-06,45940000,فعال
481,458,1,2025-07-07,2026-08-21,16990000,فعال
482,459,2,2025-08-07,2025-10-28,800000,تکمیل‌شده
483,459,1,2026-03-25,2026-10-14,14060000,فعال
484,460,3,2025-08-14,2026-09-05,102810000,فعال
485,461,3,2026-07-04,2026-10-03,1250000,فعال
486,462,3,2025-12-02,2026-01-28,2500000,تکمیل‌شده
487,463,3,2025-07-06,2026-12-25,17870000,فعال
488,464,2,2025-08-09,2026-09-17,22840000,فعال
489,465,1,2025-09-23,2026-10-06,31360000,فعال
490,466,1,2025-08-03,2025-11-03,6150000,تکمیل‌شده
491,466,2,2026-03-07,2026-09-27,5340000,فعال
492,467,3,2026-01-29,2026-09-10,20900000,معلق
493,468,7,2025-08-03,2026-08-01,33170000,فعال
494,469,1,2025-07-14,2026-05-11,13000000,تکمیل‌شده
495,471,4,2026-02-02,2026-12-21,14960000,فعال
496,473,7,2025-12-25,2026-09-23,77890000,فعال
497,474,1,2025-07-24,2025-12-30,16500000,تکمیل‌شده
498,474,1,2026-05-13,2026-09-07,7960000,فعال
499,475,1,2026-01-19,2026-10-17,12780000,فعال
500,476,4,2025-07-10,2026-11-28,146560000,فعال
501,477,2,2025-07-08,2026-07-09,21920000,فعال
502,478,3,2026-01-12,2026-04-05,16800000,تکمیل‌شده
503,479,2,2025-08-03,2026-12-06,63890000,فعال
504,480,1,2025-07-09,2026-03-14,71200000,تکمیل‌شده
505,481,3,2025-09-24,2026-05-05,32450000,تکمیل‌شده
506,482,2,2025-07-13,2026-09-13,80010000,فعال
507,483,1,2025-09-06,2026-04-27,21850000,تکمیل‌شده
508,484,1,2025-07-10,2026-01-13,14400000,تکمیل‌شده
509,484,3,2026-06-25,2026-10-14,5040000,فعال
510,485,3,2025-07-17,2026-12-08,84950000,فعال
511,486,7,2025-07-30,2026-08-09,18450000,لغو
512,487,2,2025-07-10,2026-11-19,27910000,فعال
513,488,2,2026-07-28,2026-09-04,2830000,فعال
514,489,1,2025-07-08,2026-11-27,34020000,فعال
515,490,1,2025-07-05,2026-11-11,86830000,فعال
516,491,1,2026-03-19,2026-11-25,12560000,فعال
517,492,1,2025-11-23,2026-10-29,52970000,فعال
518,493,3,2025-07-31,2025-07-31,1250000,تکمیل‌شده
519,493,3,2025-12-08,2026-10-19,9730000,فعال
520,494,2,2025-07-06,2026-05-25,34800000,تکمیل‌شده
521,495,1,2026-08-06,2026-09-05,9000000,فعال
522,496,1,2025-08-13,2025-08-13,650000,تکمیل‌شده
523,496,3,2026-01-29,2026-10-31,31740000,فعال
524,497,1,2026-04-25,2026-10-11,4290000,فعال
525,498,7,2025-08-07,2026-09-26,45890000,فعال
526,499,4,2025-07-09,2025-12-02,15550000,تکمیل‌شده
527,499,3,2026-05-02,2026-05-18,650000,تکمیل‌شده
528,500,2,2026-04-14,2026-09-16,8940000,فعال
529,501,3,2026-02-19,2026-03-08,5900000,تکمیل‌شده
530,501,3,2026-08-02,2026-11-20,570000,فعال
531,502,1,2025-08-28,2026-08-02,10600000,فعال
532,503,7,2026-01-29,2026-09-12,6300000,فعال
533,504,4,2026-05-13,2026-10-26,8920000,فعال
534,506,1,2025-07-06,2026-10-30,101820000,فعال
535,507,1,2025-08-10,2026-10-01,41460000,فعال
536,508,1,2025-08-02,2026-08-24,59660000,فعال
537,509,1,2025-07-30,2026-09-27,40150000,فعال
538,510,4,2025-07-23,2026-10-25,50520000,فعال
539,511,5,2026-02-22,2026-03-15,900000,لغو
540,511,4,2026-08-05,2026-12-05,3360000,فعال
541,512,1,2025-07-13,2026-11-06,21490000,فعال
542,514,3,2026-04-21,2026-11-17,7350000,فعال
543,515,2,2026-03-28,2026-05-20,3500000,تکمیل‌شده
544,516,3,2025-09-27,2025-09-28,1150000,تکمیل‌شده
545,516,3,2026-02-03,2026-11-29,11230000,فعال
546,517,4,2025-07-20,2026-02-08,5850000,تکمیل‌شده
547,518,7,2025-07-13,2025-07-13,800000,تکمیل‌شده
548,518,3,2025-12-20,2026-04-30,6550000,تکمیل‌شده
549,519,3,2026-01-03,2026-02-09,1900000,تکمیل‌شده
550,520,7,2025-07-07,2026-10-28,21000000,فعال
551,521,1,2025-11-24,2026-09-24,36570000,فعال
552,522,2,2026-03-30,2026-12-23,13370000,فعال
553,523,1,2026-04-16,2026-05-04,1450000,تکمیل‌شده
554,524,2,2025-10-23,2026-01-21,2450000,تکمیل‌شده
555,524,1,2026-06-03,2026-08-28,6480000,فعال
556,525,6,2026-06-06,2026-12-18,2480000,فعال
557,526,2,2025-07-15,2026-05-12,19000000,لغو
558,527,2,2026-06-21,2026-10-21,820000,فعال
559,528,1,2025-12-08,2026-10-27,126930000,فعال
560,529,1,2025-07-05,2025-10-06,6600000,تکمیل‌شده
561,529,7,2026-03-16,2026-09-19,23380000,معلق
562,530,3,2026-01-05,2026-07-09,9800000,لغو
563,532,1,2026-06-22,2026-10-29,1480000,فعال
564,534,2,2026-03-14,2026-04-14,2550000,تکمیل‌شده
565,535,2,2025-07-07,2026-03-10,21250000,تکمیل‌شده
566,535,1,2026-07-15,2026-08-05,2020000,فعال
567,536,3,2025-09-23,2026-10-02,12720000,فعال
568,537,7,2026-08-06,2026-10-31,1730000,فعال
569,538,1,2025-07-06,2025-10-12,5250000,تکمیل‌شده
570,538,1,2026-02-11,2026-05-05,12550000,تکمیل‌شده
571,539,7,2025-08-05,2026-10-10,15430000,فعال
572,541,3,2025-07-08,2026-09-28,89200000,فعال
573,542,2,2026-01-21,2026-05-23,5650000,تکمیل‌شده
574,543,1,2026-07-22,2026-10-09,2260000,فعال
575,544,1,2025-07-06,2025-08-03,10450000,تکمیل‌شده
576,544,3,2025-12-07,2025-12-07,8000000,تکمیل‌شده
577,544,1,2026-04-12,2026-10-22,2500000,فعال
578,545,1,2026-07-11,2026-11-23,2590000,فعال
579,546,3,2025-07-05,2025-10-27,15150000,تکمیل‌شده
580,546,2,2026-03-02,2026-10-15,6080000,فعال
581,547,2,2025-07-07,2026-09-11,22380000,معلق
582,548,3,2026-04-13,2026-11-01,14080000,فعال
583,550,1,2026-04-13,2026-10-19,10780000,فعال
584,551,1,2026-05-20,2026-08-22,17190000,فعال
585,552,2,2025-07-23,2026-04-27,6750000,تکمیل‌شده
586,553,3,2025-08-02,2026-01-29,16800000,تکمیل‌شده
587,553,7,2026-06-01,2026-12-26,11670000,فعال
588,554,3,2026-04-29,2026-10-01,25680000,فعال
589,555,1,2025-07-05,2026-04-11,80800000,تکمیل‌شده
590,556,7,2026-05-30,2026-07-22,58880000,فعال
591,557,1,2026-07-07,2026-12-10,2130000,فعال
592,558,4,2025-11-29,2026-05-13,14250000,تکمیل‌شده
593,559,1,2026-06-23,2026-09-01,8130000,فعال
594,560,1,2025-07-16,2026-02-25,26900000,تکمیل‌شده
595,561,1,2025-09-02,2025-11-12,11200000,تکمیل‌شده
596,561,4,2026-03-29,2026-09-09,14890000,فعال
597,562,7,2026-02-19,2026-09-12,9800000,فعال
598,563,3,2025-10-21,2026-10-07,47220000,فعال
599,564,1,2025-07-31,2026-01-31,11800000,لغو
600,564,2,2026-06-13,2026-08-19,2950000,فعال
601,565,7,2026-08-02,2026-10-12,1840000,فعال
602,566,4,2025-11-11,2026-04-01,9350000,تکمیل‌شده
603,567,3,2025-07-15,2026-09-18,160440000,فعال
604,568,3,2025-07-24,2025-09-10,11100000,تکمیل‌شده
605,568,1,2026-01-28,2026-10-15,9320000,فعال
606,569,2,2025-10-16,2026-07-29,15820000,فعال
607,570,1,2025-07-20,2026-10-05,66700000,فعال
608,571,1,2025-07-07,2026-08-06,64630000,فعال
609,572,1,2026-06-20,2026-08-04,8150000,لغو
610,573,3,2025-12-03,2026-01-26,1000000,تکمیل‌شده
611,573,7,2026-06-04,2026-09-18,350000,فعال
612,575,2,2025-07-29,2026-04-21,28800000,تکمیل‌شده
613,576,1,2026-01-11,2026-11-04,8680000,فعال
614,577,2,2025-07-26,2026-12-26,167560000,فعال
615,578,1,2026-07-27,2026-10-27,3010000,فعال
616,579,3,2025-08-10,2026-10-03,126500000,فعال
617,580,2,2025-08-03,2026-02-18,13750000,تکمیل‌شده
618,580,1,2026-06-22,2026-08-02,1520000,فعال
619,581,1,2026-03-31,2026-09-23,5540000,فعال
620,582,3,2025-08-10,2026-08-26,37580000,فعال
621,583,3,2025-07-09,2025-12-27,24850000,تکمیل‌شده
622,583,1,2026-04-28,2026-11-22,2090000,فعال
623,584,7,2026-07-23,2026-11-27,270000,فعال
624,585,1,2025-07-06,2025-11-06,4850000,تکمیل‌شده
625,585,1,2026-03-19,2026-10-28,11570000,فعال
626,586,1,2025-08-06,2026-11-02,31730000,فعال
627,588,2,2025-10-09,2026-03-11,7300000,تکمیل‌شده
628,589,2,2026-02-01,2026-08-09,6300000,فعال
629,590,7,2026-03-05,2026-09-20,10950000,معلق
630,591,3,2026-03-07,2026-07-14,6150000,لغو
631,592,1,2025-07-14,2026-03-07,12600000,تکمیل‌شده
632,592,2,2026-07-20,2026-12-09,390000,فعال
633,593,7,2025-08-24,2025-09-07,450000,تکمیل‌شده
634,593,1,2026-02-05,2026-09-06,31270000,فعال
635,594,1,2026-02-08,2026-04-30,5900000,تکمیل‌شده
636,595,2,2025-10-18,2026-12-17,50490000,فعال
637,596,1,2025-07-15,2026-02-05,16100000,تکمیل‌شده
638,596,3,2026-07-02,2026-10-04,4550000,فعال
639,597,3,2025-08-20,2026-09-13,18570000,فعال
640,598,3,2025-11-24,2026-08-18,19980000,فعال
641,599,1,2025-07-07,2026-08-28,12250000,فعال
642,601,7,2026-05-03,2026-11-25,18690000,فعال
643,602,3,2026-08-09,2026-10-27,5360000,فعال
644,603,7,2025-08-23,2026-08-22,50030000,معلق
645,604,1,2026-04-18,2026-05-16,13250000,تکمیل‌شده
646,605,1,2025-07-08,2026-01-03,10600000,تکمیل‌شده
647,605,1,2026-05-21,2026-11-15,11650000,فعال
648,606,4,2026-02-14,2026-06-28,7000000,لغو
649,607,3,2026-04-08,2026-07-19,2980000,فعال
650,608,1,2025-11-22,2026-11-17,63680000,فعال
651,609,1,2025-11-08,2026-10-15,22900000,فعال
652,610,7,2025-07-09,2025-09-15,1300000,تکمیل‌شده
653,610,7,2026-01-19,2026-09-12,7250000,فعال
654,611,1,2025-11-09,2026-09-01,36410000,فعال
655,612,1,2025-11-18,2026-05-12,32550000,تکمیل‌شده
656,613,3,2026-01-01,2026-09-24,7940000,فعال
657,615,1,2026-02-24,2026-10-16,4590000,فعال
658,616,1,2025-07-16,2026-05-06,18250000,تکمیل‌شده
659,617,3,2026-01-03,2026-11-06,73110000,فعال
660,618,1,2026-01-08,2026-07-05,20660000,فعال
661,619,2,2025-12-17,2026-12-17,43910000,فعال
662,620,2,2025-08-05,2026-09-27,67410000,فعال
663,621,2,2026-07-07,2026-09-07,10490000,معلق
664,622,1,2025-08-09,2026-08-24,45320000,فعال
665,623,1,2025-07-13,2025-11-25,41200000,تکمیل‌شده
666,623,4,2026-04-15,2026-08-17,97500000,فعال
667,624,4,2025-09-15,2026-03-14,11550000,تکمیل‌شده
668,624,6,2026-07-27,2026-10-12,1020000,فعال
669,625,2,2025-12-31,2026-05-12,3650000,تکمیل‌شده
670,626,3,2025-10-11,2025-10-11,2950000,تکمیل‌شده
671,626,1,2026-04-29,2026-09-15,4700000,فعال
672,627,1,2026-03-26,2026-09-10,2130000,معلق
673,628,2,2026-03-02,2026-11-11,15720000,فعال
674,629,1,2026-07-19,2026-11-11,8080000,فعال
675,630,3,2025-10-04,2026-09-11,30830000,فعال
676,631,3,2026-05-11,2026-12-15,2550000,فعال
677,632,2,2025-07-13,2026-12-18,22180000,فعال
678,633,1,2026-04-27,2026-08-21,2730000,فعال
679,634,7,2026-02-05,2026-05-23,5050000,تکمیل‌شده
680,635,1,2025-10-23,2026-09-09,14000000,فعال
681,636,1,2026-04-29,2026-11-12,23920000,فعال
682,638,3,2025-11-11,2026-11-08,13310000,فعال
683,639,4,2026-02-09,2026-09-25,83070000,فعال
684,640,3,2025-07-28,2026-10-03,19720000,فعال
685,641,1,2025-07-15,2025-11-29,5000000,تکمیل‌شده
686,641,7,2026-04-04,2026-11-22,11650000,فعال
687,642,1,2026-05-18,2026-10-25,23400000,فعال
688,643,1,2025-09-11,2026-11-03,95040000,فعال
689,644,4,2025-08-13,2026-11-14,33420000,فعال
690,645,1,2025-10-02,2026-10-22,122440000,فعال
691,646,7,2025-07-20,2026-05-17,24300000,تکمیل‌شده
692,647,2,2025-08-20,2026-10-09,21180000,فعال
693,648,2,2025-07-16,2026-08-14,63580000,فعال
694,649,3,2025-07-08,2026-11-02,43900000,فعال
695,650,2,2025-07-27,2026-02-01,29750000,تکمیل‌شده
696,650,1,2026-06-13,2026-10-06,3430000,فعال
697,651,1,2025-08-11,2026-05-09,57550000,تکمیل‌شده
698,652,1,2026-03-31,2026-12-14,14990000,فعال
699,653,7,2025-10-26,2026-02-19,5850000,تکمیل‌شده
700,654,2,2025-11-19,2026-10-04,31250000,فعال
701,655,4,2025-12-25,2026-09-06,34320000,فعال
702,656,1,2026-05-19,2026-08-09,2760000,فعال
703,657,2,2025-07-15,2025-11-12,3100000,تکمیل‌شده
704,657,4,2026-03-17,2026-03-17,42000000,تکمیل‌شده
705,657,2,2026-07-22,2026-09-19,720000,فعال
706,658,7,2025-10-09,2026-08-26,27830000,فعال
707,659,3,2025-08-05,2026-10-11,35880000,فعال
708,660,4,2025-07-20,2026-09-06,45100000,فعال
709,661,2,2025-09-20,2026-01-22,2700000,تکمیل‌شده
710,661,5,2026-06-03,2026-10-13,230000,فعال
711,662,1,2025-07-22,2025-11-23,25350000,تکمیل‌شده
712,662,3,2026-03-31,2026-08-30,14230000,فعال
713,663,1,2025-07-22,2026-01-05,48450000,تکمیل‌شده
714,663,2,2026-05-06,2026-05-10,8650000,تکمیل‌شده
715,664,1,2025-07-19,2026-07-25,15600000,لغو
716,665,3,2025-10-19,2026-05-12,22500000,تکمیل‌شده
717,666,3,2025-10-12,2026-07-26,134340000,فعال
718,667,7,2025-10-06,2026-08-15,69950000,فعال
719,668,3,2026-03-29,2026-04-28,5550000,تکمیل‌شده
720,669,2,2025-07-17,2026-10-28,50350000,فعال
721,670,2,2026-06-18,2026-12-21,3910000,فعال
722,671,3,2025-07-24,2026-11-10,64100000,فعال
723,672,4,2026-02-18,2026-05-17,2700000,تکمیل‌شده
724,673,3,2026-04-04,2026-09-25,35270000,فعال
725,674,4,2026-07-22,2026-10-16,990000,فعال
726,675,3,2025-07-14,2026-11-06,40840000,فعال
727,676,2,2025-08-27,2026-11-15,25180000,معلق
728,677,2,2025-07-13,2025-08-26,5550000,تکمیل‌شده
729,677,1,2025-12-29,2026-09-03,18750000,فعال
730,678,1,2026-03-19,2026-08-27,9450000,فعال
731,679,3,2026-03-04,2026-08-17,3240000,معلق
732,680,2,2025-07-14,2025-12-04,4850000,تکمیل‌شده
733,680,1,2026-05-05,2026-10-03,19040000,فعال
734,681,3,2025-11-20,2026-12-04,17180000,فعال
735,682,3,2026-06-04,2026-12-06,5100000,فعال
736,683,1,2026-04-15,2026-05-20,3050000,تکمیل‌شده
737,684,2,2025-09-30,2025-12-30,6000000,تکمیل‌شده
738,684,3,2026-05-30,2026-09-26,410000,فعال
739,685,4,2025-07-08,2026-02-23,15200000,تکمیل‌شده
740,686,3,2025-10-01,2026-08-15,36500000,فعال
741,687,3,2025-07-12,2026-10-03,18930000,فعال
742,688,1,2025-07-06,2026-10-02,71690000,فعال
743,689,1,2025-07-24,2025-10-11,8150000,تکمیل‌شده
744,689,1,2026-04-30,2026-08-14,8090000,فعال
745,690,1,2026-08-03,2026-12-12,1630000,فعال
746,693,2,2025-07-22,2026-09-30,26730000,فعال
747,694,3,2025-12-01,2026-12-14,18230000,فعال
748,695,1,2025-08-04,2026-03-02,15650000,تکمیل‌شده
749,696,2,2026-04-05,2026-09-10,10160000,فعال
750,697,3,2025-12-09,2026-03-15,4600000,تکمیل‌شده
751,698,7,2026-07-28,2026-11-12,560000,فعال
752,699,3,2025-08-11,2026-09-18,15380000,فعال
753,700,2,2025-07-06,2026-10-18,66470000,فعال
754,701,1,2025-07-08,2026-04-05,8250000,تکمیل‌شده
755,701,3,2026-08-08,2027-01-01,310000,فعال
756,702,1,2026-02-02,2026-05-17,11050000,تکمیل‌شده
757,703,2,2025-10-22,2026-08-29,29530000,فعال
758,704,1,2025-08-11,2026-11-05,37640000,فعال
759,705,1,2026-07-06,2026-10-17,64800000,فعال
760,706,1,2025-07-06,2026-08-27,48110000,فعال
761,707,4,2025-11-15,2026-08-28,16260000,معلق
762,708,7,2025-08-16,2026-02-26,6650000,تکمیل‌شده
763,708,3,2026-07-15,2026-12-06,20510000,فعال
764,709,1,2026-04-04,2026-10-11,3050000,فعال
765,710,3,2025-07-12,2026-04-13,26450000,تکمیل‌شده
766,711,7,2025-07-10,2026-09-12,36470000,فعال
767,712,1,2025-09-14,2025-12-11,7050000,تکمیل‌شده
768,712,2,2026-04-14,2026-11-24,30670000,فعال
769,713,4,2025-07-19,2026-09-17,88140000,فعال
770,714,1,2026-07-30,2026-10-07,1140000,فعال
771,715,3,2025-07-16,2026-09-09,26510000,فعال
772,716,2,2026-06-03,2026-09-15,9060000,فعال
773,717,1,2026-03-03,2026-08-29,15830000,فعال
774,719,2,2025-07-16,2026-11-21,94190000,فعال
775,720,2,2026-04-02,2026-08-08,11610000,فعال
776,722,3,2025-07-10,2026-09-25,85710000,فعال
777,724,1,2026-06-10,2026-07-17,34670000,فعال
778,725,1,2025-07-17,2026-10-04,78560000,فعال
779,726,3,2025-10-27,2026-05-06,5800000,تکمیل‌شده
780,727,3,2025-07-24,2026-05-17,10050000,تکمیل‌شده
781,728,2,2025-09-17,2026-10-24,81230000,فعال
782,729,1,2025-07-24,2026-12-15,69520000,فعال
783,730,3,2025-07-08,2026-05-10,9450000,تکمیل‌شده
784,731,3,2025-09-09,2026-04-09,6100000,تکمیل‌شده
785,732,7,2025-07-19,2026-01-07,8800000,تکمیل‌شده
786,732,1,2026-05-13,2026-10-16,5910000,فعال
787,733,3,2026-03-15,2026-10-17,15310000,فعال
788,734,1,2026-02-14,2026-08-02,35200000,فعال
789,735,2,2025-08-24,2026-09-28,68300000,فعال
790,736,1,2026-04-28,2026-09-19,4550000,فعال
791,738,1,2025-11-02,2026-08-03,13530000,فعال
792,739,2,2025-07-16,2025-12-30,9000000,تکمیل‌شده
793,740,1,2025-12-09,2026-07-25,8440000,فعال
794,741,2,2025-07-15,2026-08-30,127750000,فعال
795,742,2,2025-08-09,2026-03-30,12400000,تکمیل‌شده
796,743,7,2025-07-26,2026-12-26,219800000,فعال
797,744,3,2025-08-25,2026-08-19,39480000,فعال
798,745,1,2025-08-28,2026-01-04,7500000,تکمیل‌شده
799,745,2,2026-06-02,2026-08-05,9700000,لغو
800,746,2,2026-03-21,2026-08-31,37240000,فعال
801,747,2,2026-04-09,2026-12-27,3300000,فعال
802,748,7,2025-11-12,2026-11-20,7560000,فعال
803,749,7,2026-02-21,2026-11-27,99480000,فعال
804,750,7,2026-01-06,2026-11-18,9480000,فعال
805,751,1,2025-12-31,2026-10-24,24910000,فعال
806,752,1,2025-12-27,2026-08-11,13470000,فعال
807,753,3,2026-01-11,2026-05-16,4900000,تکمیل‌شده
808,754,3,2025-07-16,2026-10-14,81530000,فعال
809,755,1,2025-10-05,2026-08-15,62410000,فعال
810,756,1,2026-06-11,2026-09-03,8360000,فعال
811,757,4,2025-11-29,2026-11-05,40920000,فعال
812,758,1,2025-07-15,2026-09-22,73400000,فعال
813,759,3,2025-08-31,2026-10-15,152200000,فعال
814,760,1,2025-07-07,2026-08-29,37990000,فعال
815,761,1,2025-07-15,2026-09-26,83590000,فعال
816,762,3,2025-11-04,2026-12-09,18510000,فعال
817,763,3,2026-01-03,2026-09-02,9780000,فعال
818,764,2,2026-07-26,2026-11-14,1470000,معلق
819,765,2,2025-08-19,2026-09-03,66150000,فعال
820,766,4,2025-07-07,2026-08-07,23350000,فعال
821,767,3,2026-01-13,2026-08-25,25510000,معلق
822,768,7,2025-11-19,2026-06-24,31840000,فعال
823,769,2,2026-06-29,2026-08-25,2650000,فعال
824,770,2,2026-03-01,2026-04-12,6250000,تکمیل‌شده
825,771,3,2025-08-06,2025-11-01,10350000,تکمیل‌شده
826,771,1,2026-03-07,2026-09-14,16730000,فعال
827,772,2,2025-08-16,2026-11-23,37160000,فعال
828,773,4,2025-07-07,2026-09-13,43350000,معلق
829,774,7,2026-01-25,2026-11-17,12340000,فعال
830,775,1,2025-07-09,2025-09-02,15750000,تکمیل‌شده
831,775,3,2026-01-17,2026-05-17,8900000,تکمیل‌شده
832,776,1,2025-07-14,2026-10-11,60810000,فعال
833,777,3,2026-06-30,2026-07-23,1040000,فعال
834,778,1,2025-10-13,2025-11-22,9000000,تکمیل‌شده
835,778,1,2026-03-25,2026-10-28,11420000,فعال
836,779,1,2026-02-14,2026-12-11,9850000,فعال
837,780,1,2026-04-26,2026-10-03,10040000,فعال
838,781,3,2025-07-19,2025-11-10,54150000,تکمیل‌شده
839,781,4,2026-04-18,2026-09-26,83300000,فعال
840,782,3,2025-08-17,2026-09-27,44920000,فعال
841,783,2,2025-09-21,2026-05-09,14800000,تکمیل‌شده
842,784,3,2025-07-17,2026-10-08,115970000,فعال
843,785,1,2026-05-31,2026-11-20,12540000,فعال
844,787,4,2025-07-22,2026-10-31,117310000,معلق
845,788,2,2025-10-04,2025-11-29,8000000,تکمیل‌شده
846,788,3,2026-04-20,2026-05-19,4800000,تکمیل‌شده
847,789,7,2025-12-06,2026-07-23,14860000,فعال
848,790,1,2026-05-11,2026-08-30,10240000,فعال
849,791,3,2026-03-17,2026-05-10,9850000,تکمیل‌شده
850,792,1,2026-03-07,2026-09-22,4200000,فعال
851,793,2,2026-02-21,2026-12-11,6000000,فعال
852,794,1,2025-12-20,2026-01-05,300000,تکمیل‌شده
853,794,1,2026-05-12,2026-09-19,16600000,فعال
854,795,2,2025-08-02,2026-05-19,12550000,تکمیل‌شده
855,796,3,2026-04-12,2026-09-09,6920000,فعال
856,797,3,2026-02-26,2026-12-08,6020000,فعال
857,798,2,2025-08-20,2026-09-13,14210000,فعال
858,799,1,2025-07-20,2026-12-25,95430000,فعال
859,800,7,2025-08-23,2025-09-15,2700000,تکمیل‌شده
860,800,1,2026-02-10,2026-03-23,3350000,تکمیل‌شده
861,801,1,2025-12-07,2026-02-10,5000000,تکمیل‌شده
862,801,2,2026-07-12,2026-10-29,2210000,فعال
863,802,1,2025-12-14,2026-11-22,24290000,فعال
864,803,3,2026-06-18,2026-10-23,1840000,فعال
865,804,3,2026-02-26,2026-09-04,7660000,فعال
866,805,7,2026-05-24,2026-09-27,3640000,فعال
867,806,4,2025-08-06,2025-12-09,25850000,تکمیل‌شده
868,806,7,2026-04-13,2026-11-06,10110000,فعال
869,807,1,2025-07-21,2026-01-18,6550000,تکمیل‌شده
870,810,1,2025-07-22,2026-09-07,14500000,فعال
871,811,1,2025-07-19,2026-04-29,17900000,تکمیل‌شده
872,812,4,2025-07-05,2026-01-04,83750000,تکمیل‌شده
873,813,1,2025-07-05,2025-08-06,3500000,تکمیل‌شده
874,813,3,2025-12-18,2026-07-31,35200000,فعال
875,814,2,2026-02-26,2026-08-13,8050000,فعال
876,815,2,2025-07-17,2026-10-08,32620000,فعال
877,817,2,2026-05-13,2026-05-13,3000000,تکمیل‌شده
878,818,2,2025-08-05,2026-03-02,5250000,تکمیل‌شده
879,819,7,2025-08-30,2026-09-27,18070000,فعال
880,820,1,2025-07-06,2026-11-19,55660000,فعال
881,822,3,2025-12-16,2025-12-16,1250000,تکمیل‌شده
882,822,3,2026-07-23,2026-10-16,2410000,فعال
883,823,7,2025-07-14,2026-10-13,46530000,فعال
884,824,4,2026-07-04,2026-11-10,85240000,فعال
885,827,3,2025-11-27,2026-12-17,24780000,فعال
886,828,1,2026-04-30,2026-09-27,6290000,فعال
887,829,1,2025-08-30,2026-05-07,22300000,تکمیل‌شده
888,830,7,2025-10-27,2026-01-13,4950000,تکمیل‌شده
889,830,1,2026-05-25,2026-09-12,2690000,فعال
890,831,4,2025-11-09,2026-08-07,119030000,فعال
891,832,1,2025-10-07,2026-10-27,36870000,فعال
892,833,3,2025-07-20,2026-06-29,20050000,لغو
893,834,7,2025-12-21,2026-10-26,27440000,فعال
894,835,1,2025-12-30,2026-09-24,25030000,فعال
895,836,4,2025-07-10,2026-09-23,64400000,فعال
896,837,1,2025-07-24,2026-10-25,85490000,فعال
897,838,2,2025-07-10,2026-09-18,55430000,فعال
898,839,7,2025-07-27,2026-12-04,76610000,فعال
899,841,1,2025-11-16,2026-09-11,44700000,فعال
900,842,7,2025-07-31,2026-11-21,138010000,فعال
901,843,7,2025-07-17,2026-01-31,15250000,تکمیل‌شده
902,843,7,2026-06-14,2026-10-12,1600000,فعال
903,844,4,2025-10-13,2026-07-30,61690000,فعال
904,845,1,2025-07-28,2026-09-23,36800000,فعال
905,846,3,2025-11-04,2026-10-14,28070000,فعال
906,847,1,2025-08-21,2026-09-02,88490000,فعال
907,848,3,2025-11-24,2026-05-24,13250000,تکمیل‌شده
908,849,2,2025-07-06,2025-10-19,5650000,تکمیل‌شده
909,849,1,2026-03-10,2026-07-28,30390000,فعال
910,850,7,2025-08-03,2025-12-13,46600000,تکمیل‌شده
911,850,1,2026-04-16,2026-06-28,7260000,فعال
912,851,4,2025-07-17,2026-10-10,41610000,فعال
913,852,2,2025-11-17,2026-08-17,83600000,فعال
914,853,4,2026-03-04,2026-10-18,7450000,فعال
915,854,1,2025-12-01,2026-07-30,21690000,فعال
916,855,1,2025-07-29,2026-10-17,26990000,فعال
917,856,2,2025-08-11,2026-09-10,49650000,فعال
918,857,1,2026-02-11,2026-02-26,1400000,تکمیل‌شده
919,857,2,2026-07-11,2026-11-15,850000,فعال
920,858,7,2025-08-12,2026-08-10,163100000,فعال
921,860,3,2026-02-26,2026-12-14,8780000,فعال
922,861,1,2025-07-15,2026-09-14,46540000,فعال
923,862,1,2025-07-23,2026-12-04,24150000,فعال
924,863,1,2025-07-21,2026-04-14,24350000,تکمیل‌شده
925,864,3,2025-07-06,2026-11-14,24280000,فعال
926,865,2,2025-09-16,2026-07-31,24000000,فعال
927,866,1,2026-02-11,2026-03-14,3600000,تکمیل‌شده
928,868,1,2026-02-10,2026-12-13,9420000,فعال
929,870,1,2025-08-11,2026-11-18,99080000,فعال
930,871,3,2025-07-05,2025-12-21,16600000,تکمیل‌شده
931,871,4,2026-06-11,2026-10-22,18770000,فعال
932,872,4,2026-04-14,2026-10-14,14730000,فعال
933,873,1,2026-01-04,2026-09-09,11780000,فعال
934,874,1,2026-04-04,2026-11-03,16200000,فعال
935,875,3,2025-07-07,2025-07-20,2550000,تکمیل‌شده
936,875,3,2025-11-29,2025-12-08,7150000,تکمیل‌شده
937,875,1,2026-06-01,2026-07-29,106000000,فعال
938,876,1,2025-07-21,2026-10-04,51510000,فعال
939,877,2,2025-11-02,2026-09-28,26830000,فعال
940,878,7,2025-08-21,2026-08-07,41700000,فعال
941,879,7,2025-09-30,2026-05-10,41850000,تکمیل‌شده
942,880,1,2026-06-23,2026-08-26,3860000,فعال
943,881,1,2025-12-08,2026-06-27,11650000,لغو
944,882,2,2025-11-19,2025-12-29,45100000,تکمیل‌شده
945,882,4,2026-06-06,2026-08-09,10990000,فعال
946,883,1,2025-10-18,2026-12-22,29770000,فعال
947,884,2,2025-07-27,2026-11-24,19910000,فعال
948,885,1,2025-07-05,2026-08-12,20620000,فعال
949,886,4,2026-07-07,2026-09-29,5610000,فعال
950,887,1,2026-04-06,2026-10-12,3410000,فعال
951,888,1,2025-10-28,2026-12-08,92710000,فعال
952,889,3,2025-11-03,2026-08-22,18430000,فعال
953,890,2,2025-10-06,2026-04-23,13500000,تکمیل‌شده
954,891,1,2025-09-03,2026-09-27,11130000,فعال
955,892,2,2025-09-14,2025-09-14,200000,تکمیل‌شده
956,892,2,2026-01-25,2026-10-26,17920000,فعال
957,893,3,2026-01-11,2026-08-25,14170000,فعال
958,894,1,2025-08-06,2026-08-28,42160000,فعال
959,895,7,2025-07-14,2026-10-14,20150000,فعال
960,896,7,2026-06-01,2027-01-01,5450000,فعال
961,897,3,2025-11-10,2026-11-19,6490000,فعال
962,899,3,2025-07-26,2025-07-26,400000,تکمیل‌شده
963,899,1,2025-12-16,2026-08-31,32490000,فعال
964,900,3,2025-08-31,2026-04-27,13700000,تکمیل‌شده
965,902,1,2025-09-16,2026-03-16,43350000,تکمیل‌شده
966,903,1,2025-11-12,2026-03-23,10000000,تکمیل‌شده
967,904,7,2026-01-18,2026-05-20,7450000,تکمیل‌شده
968,905,3,2025-07-19,2026-03-22,14800000,تکمیل‌شده
969,907,4,2025-07-15,2026-05-13,37150000,تکمیل‌شده
970,908,3,2025-07-17,2026-01-17,11100000,تکمیل‌شده
971,908,1,2026-06-30,2026-09-17,60830000,فعال
972,909,4,2026-02-04,2026-04-22,6550000,تکمیل‌شده
973,910,4,2026-03-23,2026-09-12,18700000,فعال
974,911,1,2025-08-11,2026-08-13,122040000,فعال
975,912,2,2025-09-11,2026-03-23,13050000,تکمیل‌شده
976,913,2,2025-07-31,2026-09-13,43210000,فعال
977,914,2,2025-09-14,2026-09-09,173020000,فعال
978,915,1,2025-08-30,2026-09-05,131720000,فعال
979,916,1,2025-07-22,2026-08-31,50170000,فعال
980,917,2,2025-07-26,2026-03-05,7250000,تکمیل‌شده
981,918,3,2025-12-11,2026-09-29,23140000,فعال
982,919,4,2025-09-16,2026-11-21,32990000,فعال
983,920,1,2025-07-16,2025-09-13,5500000,تکمیل‌شده
984,920,2,2026-01-14,2026-05-16,16150000,تکمیل‌شده
985,921,2,2026-07-12,2026-12-28,8580000,فعال
986,922,3,2025-07-09,2026-02-21,26200000,تکمیل‌شده
987,923,2,2026-02-05,2026-12-05,8660000,فعال
988,924,2,2026-04-01,2026-08-31,8940000,فعال
989,925,2,2026-02-08,2026-11-16,48850000,فعال
990,926,1,2025-09-24,2026-01-19,46550000,تکمیل‌شده
991,927,1,2025-07-08,2026-03-08,18800000,تکمیل‌شده
992,927,5,2026-07-21,2026-10-04,1650000,فعال
993,928,1,2025-08-05,2026-08-07,61710000,فعال
994,929,3,2026-01-29,2026-09-13,24210000,معلق
995,931,2,2026-04-07,2026-12-24,4570000,فعال
996,932,1,2025-08-30,2026-10-12,38590000,فعال
997,933,1,2025-07-26,2025-11-18,14600000,تکمیل‌شده
998,933,3,2026-03-29,2026-11-21,18150000,فعال
999,934,1,2025-07-05,2026-12-13,59950000,فعال
1000,935,2,2025-09-20,2026-05-14,26900000,تکمیل‌شده
1001,936,1,2025-07-08,2026-11-11,50580000,فعال
1002,937,4,2025-07-05,2026-01-22,11000000,تکمیل‌شده
1003,937,8,2026-05-23,2026-05-23,8000000,تکمیل‌شده
1004,938,1,2026-05-06,2026-12-04,27080000,فعال
1005,939,2,2026-04-11,2026-12-18,17170000,فعال
1006,940,2,2025-08-09,2025-12-20,15950000,تکمیل‌شده
1007,940,2,2026-04-30,2026-11-27,7640000,فعال
1008,941,3,2026-01-18,2026-08-12,7130000,فعال
1009,942,1,2026-05-04,2026-12-16,5680000,فعال
1010,943,1,2026-07-05,2026-11-13,1500000,فعال
1011,944,7,2025-07-29,2026-07-30,77730000,فعال
1012,945,3,2025-08-06,2026-07-26,49890000,فعال
1013,946,3,2026-04-28,2026-11-25,10300000,فعال
1014,947,3,2025-10-20,2026-11-07,79650000,فعال
1015,948,2,2025-07-06,2026-01-17,57500000,تکمیل‌شده
1016,948,3,2026-05-27,2026-11-18,860000,فعال
1017,949,2,2025-09-13,2026-04-11,53500000,لغو
1018,950,7,2025-08-02,2026-05-20,15650000,تکمیل‌شده
1019,952,1,2025-07-22,2026-10-18,41150000,فعال
1020,953,2,2026-04-19,2026-09-09,53840000,فعال
1021,954,1,2026-06-22,2026-09-16,12060000,فعال
1022,955,1,2025-07-22,2026-05-16,35500000,تکمیل‌شده
1023,956,1,2026-02-24,2026-08-31,10980000,فعال
1024,957,2,2026-02-16,2026-08-27,36360000,فعال
1025,958,2,2025-11-13,2026-11-13,13010000,فعال
1026,959,2,2025-11-05,2026-08-29,42700000,فعال
1027,960,4,2025-07-31,2025-08-27,17000000,تکمیل‌شده
1028,960,3,2026-01-01,2026-08-09,21250000,لغو
1029,961,3,2026-01-26,2026-11-17,18400000,فعال
1030,962,2,2026-04-12,2026-10-05,1140000,فعال
1031,963,3,2025-11-05,2026-01-13,7400000,تکمیل‌شده
1032,963,1,2026-08-08,2026-11-10,1790000,فعال
1033,964,1,2025-07-24,2026-08-29,27580000,فعال
1034,965,3,2025-07-21,2026-11-23,35390000,فعال
1035,966,1,2026-05-10,2026-07-27,6730000,فعال
1036,967,2,2025-07-09,2026-11-05,85620000,فعال
1037,968,2,2025-07-10,2026-08-13,161360000,فعال
1038,969,1,2026-01-10,2026-07-26,11980000,فعال
1039,970,3,2025-08-11,2026-08-02,15810000,فعال
1040,971,3,2025-07-05,2026-08-21,80380000,فعال
1041,972,3,2025-07-26,2026-10-01,21450000,فعال
1042,973,3,2025-11-09,2026-09-23,45290000,فعال
1043,975,7,2026-01-11,2026-11-16,9820000,فعال
1044,976,3,2025-11-09,2027-01-02,45470000,فعال
1045,977,2,2026-06-07,2026-12-04,6980000,فعال
1046,978,1,2025-10-04,2026-05-12,25650000,تکمیل‌شده
1047,979,4,2025-11-05,2026-11-09,15850000,فعال
1048,980,2,2025-07-19,2025-08-09,9250000,تکمیل‌شده
1049,980,1,2026-01-11,2026-08-29,10360000,فعال
1050,981,1,2026-03-05,2026-11-02,35190000,فعال
1051,983,3,2025-09-06,2026-10-15,23720000,فعال
1052,984,2,2026-01-25,2026-08-12,28330000,فعال
1053,985,3,2025-07-10,2026-09-24,43380000,فعال
1054,986,3,2025-08-03,2026-10-06,30530000,فعال
1055,987,7,2025-10-05,2026-11-04,29560000,فعال
1056,988,4,2026-06-04,2026-09-29,25670000,فعال
1057,989,1,2025-07-10,2026-08-16,38450000,فعال
1058,990,2,2026-04-21,2026-04-21,800000,تکمیل‌شده
1059,991,7,2025-08-10,2026-05-25,23050000,تکمیل‌شده
1060,992,1,2026-01-18,2026-05-25,4600000,تکمیل‌شده
1061,993,1,2026-01-31,2026-08-01,36130000,فعال
1062,994,7,2025-10-25,2026-01-22,16600000,تکمیل‌شده
1063,994,1,2026-06-03,2026-08-22,63690000,فعال
1064,995,3,2026-04-18,2026-05-30,4450000,لغو
1065,996,4,2025-09-18,2026-10-02,87230000,فعال
1066,997,1,2025-09-29,2026-05-17,8900000,تکمیل‌شده
1067,998,3,2025-08-17,2026-06-17,15750000,لغو
1068,999,2,2025-07-14,2025-12-27,4450000,تکمیل‌شده
1069,999,3,2026-06-24,2026-12-20,8130000,فعال
1070,1000,1,2025-09-30,2026-08-14,35120000,فعال
1071,1001,3,2025-07-20,2026-09-15,32550000,فعال
1072,1003,1,2025-07-08,2026-12-17,31600000,فعال
1073,1005,3,2025-11-05,2026-10-31,13480000,فعال
1074,1006,2,2026-02-10,2026-03-30,6400000,تکمیل‌شده
1075,1007,4,2025-07-19,2026-04-09,28700000,تکمیل‌شده
1076,1008,7,2025-08-17,2026-09-17,32350000,فعال
1077,1009,3,2026-02-17,2026-04-16,12350000,تکمیل‌شده
1078,1010,7,2026-01-06,2026-08-16,4910000,فعال
1079,1013,1,2025-12-22,2026-08-30,8100000,فعال
1080,1014,4,2025-07-14,2026-08-30,78170000,فعال
1081,1015,2,2026-01-21,2026-09-09,8310000,فعال
1082,1016,3,2026-04-06,2026-05-11,7500000,تکمیل‌شده
1083,1017,7,2026-06-16,2026-09-01,1480000,فعال
1084,1018,1,2025-12-15,2026-05-10,13450000,تکمیل‌شده
1085,1019,3,2026-03-08,2026-10-17,11800000,فعال
1086,1021,4,2025-07-09,2026-10-27,35070000,فعال
1087,1022,3,2025-11-18,2026-08-20,34870000,فعال
1088,1024,1,2025-07-17,2025-11-06,10550000,تکمیل‌شده
1089,1024,1,2026-03-14,2026-11-13,18360000,فعال
1090,1026,1,2026-07-04,2026-09-26,20390000,فعال
1091,1027,1,2026-04-05,2026-05-21,2650000,تکمیل‌شده
1092,1028,1,2025-12-24,2026-05-06,5100000,تکمیل‌شده
1093,1029,2,2025-07-16,2026-03-04,10150000,تکمیل‌شده
1094,1030,2,2025-11-23,2026-09-21,107930000,فعال
1095,1031,1,2026-01-19,2026-08-14,35680000,فعال
1096,1032,3,2026-02-05,2026-08-24,2230000,فعال
1097,1033,1,2025-12-09,2026-12-01,14440000,فعال
1098,1034,3,2025-09-07,2025-09-07,450000,تکمیل‌شده
1099,1034,2,2026-01-06,2026-09-26,44030000,فعال
1100,1035,2,2025-10-01,2026-11-06,35270000,فعال
1101,1036,3,2025-07-19,2025-09-11,6750000,تکمیل‌شده
1102,1036,2,2026-03-04,2026-03-16,2500000,تکمیل‌شده
1103,1037,1,2026-06-03,2026-09-21,13220000,فعال
1104,1038,2,2025-11-29,2025-12-25,5250000,تکمیل‌شده
1105,1038,1,2026-04-29,2026-08-13,13650000,فعال
1106,1039,2,2025-07-09,2026-12-26,24370000,فعال
1107,1040,2,2025-08-26,2026-07-08,59210000,فعال
1108,1041,7,2025-11-17,2026-10-09,25680000,معلق
1109,1043,1,2026-05-03,2026-10-17,13740000,فعال
1110,1044,2,2026-05-05,2026-12-15,13810000,فعال
1111,1045,2,2025-08-27,2026-04-23,22700000,تکمیل‌شده
1112,1046,2,2025-08-18,2026-08-07,25940000,فعال
1113,1047,1,2025-10-08,2026-08-22,238990000,فعال
1114,1048,1,2025-08-30,2026-09-25,97930000,فعال
1115,1049,4,2025-07-19,2026-02-22,34300000,تکمیل‌شده
1116,1049,7,2026-08-04,2026-09-19,910000,معلق
1117,1050,2,2026-02-18,2026-08-05,4350000,فعال
1118,1051,2,2025-10-06,2026-07-29,54030000,فعال
1119,1052,3,2025-09-15,2026-04-05,8300000,تکمیل‌شده
1120,1053,2,2025-12-24,2026-04-05,12350000,تکمیل‌شده
1121,1054,3,2025-10-07,2026-07-30,42350000,لغو
1122,1055,1,2025-07-17,2026-07-30,75700000,لغو
1123,1056,3,2025-07-12,2026-12-02,42120000,فعال
1124,1057,1,2026-04-12,2026-04-12,3000000,تکمیل‌شده
1125,1058,3,2025-10-01,2026-10-17,113320000,فعال
1126,1060,2,2025-07-31,2026-03-22,34900000,تکمیل‌شده
1127,1060,4,2026-07-23,2026-08-16,340000,فعال
1128,1061,1,2025-12-15,2026-12-13,24270000,فعال
1129,1062,1,2026-01-04,2026-04-29,7650000,تکمیل‌شده
1130,1063,3,2025-07-07,2026-09-09,91980000,معلق
1131,1064,1,2026-04-15,2026-10-21,5670000,فعال
1132,1065,1,2025-08-26,2026-02-28,10000000,تکمیل‌شده
1133,1065,1,2026-07-20,2026-12-18,1980000,فعال
1134,1067,2,2025-07-21,2026-09-05,21780000,فعال
1135,1071,7,2025-07-08,2026-11-04,29310000,فعال
1136,1072,7,2025-07-09,2026-04-05,27000000,لغو
1137,1073,4,2026-01-15,2026-07-21,8450000,فعال
1138,1074,2,2025-09-03,2026-08-13,11540000,فعال
1139,1075,3,2026-02-01,2026-07-02,12970000,فعال
1140,1076,2,2026-01-10,2026-05-09,6500000,تکمیل‌شده
1141,1078,2,2025-10-25,2026-11-02,41690000,فعال
1142,1079,7,2026-03-23,2026-08-04,6320000,فعال
1143,1080,1,2025-07-27,2026-11-06,35870000,فعال
1144,1081,2,2025-07-17,2025-12-20,14300000,تکمیل‌شده
1145,1081,3,2026-06-22,2026-08-23,580000,معلق
1146,1082,4,2025-07-14,2026-11-01,92000000,فعال
1147,1083,1,2025-07-28,2025-10-22,2700000,تکمیل‌شده
1148,1083,1,2026-03-03,2026-12-01,19950000,فعال
1149,1084,1,2025-11-01,2026-07-19,4850000,فعال
1150,1085,7,2026-07-30,2026-12-11,290000,فعال
1151,1087,2,2025-07-15,2026-09-16,32860000,فعال
1152,1088,7,2026-01-18,2026-05-24,2750000,تکمیل‌شده
1153,1089,2,2025-07-12,2026-08-30,42670000,فعال
1154,1090,3,2025-08-26,2026-05-13,11000000,تکمیل‌شده
1155,1093,1,2026-06-16,2026-11-26,510000,فعال
1156,1094,2,2025-12-01,2026-10-25,33960000,فعال
1157,1095,1,2025-12-09,2026-02-28,18400000,تکمیل‌شده
1158,1095,1,2026-07-02,2026-08-17,2610000,فعال
1159,1096,2,2025-12-01,2026-09-14,43150000,فعال
1160,1097,7,2025-11-25,2025-11-25,150000,تکمیل‌شده
1161,1097,1,2026-04-20,2026-10-16,1240000,فعال
1162,1098,2,2025-08-07,2026-02-21,18550000,تکمیل‌شده
1163,1098,1,2026-07-08,2026-09-30,24510000,فعال
1164,1099,7,2026-05-31,2026-08-26,390000,فعال
1165,1100,3,2026-03-30,2026-07-31,11610000,فعال
1166,1101,1,2025-07-10,2025-11-25,23150000,تکمیل‌شده
1167,1101,2,2026-03-30,2026-10-28,53150000,فعال
1168,1102,3,2025-11-20,2026-10-08,31420000,فعال
1169,1103,2,2025-07-05,2026-11-12,23690000,فعال
1170,1104,3,2026-07-15,2026-12-15,5180000,فعال
1171,1105,2,2026-05-16,2026-09-29,9090000,فعال
1172,1107,3,2025-12-21,2026-10-04,7490000,فعال
1173,1108,1,2026-01-18,2026-12-07,40860000,فعال
1174,1109,7,2025-08-10,2025-11-30,18300000,تکمیل‌شده
1175,1109,5,2026-04-19,2026-12-02,8610000,فعال
1176,1110,2,2025-12-17,2026-09-13,25520000,فعال
1177,1111,3,2025-08-21,2026-01-10,7700000,تکمیل‌شده
1178,1111,1,2026-06-25,2026-10-27,12360000,فعال
1179,1112,2,2025-10-23,2026-08-17,9080000,فعال
1180,1113,7,2025-11-16,2026-10-23,37790000,فعال
1181,1114,1,2025-08-04,2026-09-17,55170000,فعال
1182,1115,3,2025-07-13,2026-02-11,10150000,تکمیل‌شده
1183,1116,3,2026-03-08,2026-05-03,4550000,تکمیل‌شده
1184,1118,7,2026-05-03,2026-09-22,43190000,فعال
1185,1119,1,2025-12-15,2026-02-19,4900000,تکمیل‌شده
1186,1120,3,2026-07-25,2026-11-06,118570000,فعال
1187,1121,1,2026-04-14,2026-12-06,15150000,فعال
1188,1122,2,2025-11-12,2026-05-16,34500000,تکمیل‌شده
1189,1123,2,2026-01-06,2026-01-22,800000,تکمیل‌شده
1190,1123,1,2026-06-13,2026-09-30,23850000,معلق
1191,1124,1,2025-07-13,2026-09-11,124110000,فعال
1192,1126,1,2025-07-14,2026-05-21,19200000,تکمیل‌شده
1193,1127,3,2025-07-26,2026-10-07,42640000,فعال
1194,1128,1,2025-09-24,2026-04-02,7600000,تکمیل‌شده
1195,1129,2,2026-01-19,2026-12-08,16410000,فعال
1196,1130,2,2026-03-26,2026-05-17,11800000,تکمیل‌شده
1197,1131,1,2026-02-25,2026-05-18,2700000,تکمیل‌شده
1198,1132,7,2025-08-26,2026-03-17,19550000,تکمیل‌شده
1199,1132,7,2026-07-19,2026-11-13,890000,فعال
1200,1133,7,2026-03-09,2026-10-10,2980000,فعال
1201,1134,2,2025-08-12,2025-12-03,3400000,تکمیل‌شده
1202,1135,3,2025-12-27,2026-10-07,18940000,فعال
1203,1136,3,2026-03-29,2026-10-02,21240000,فعال
1204,1137,3,2026-02-04,2026-11-08,12210000,فعال
1205,1138,1,2025-07-10,2026-04-04,47100000,تکمیل‌شده
1206,1140,2,2026-04-28,2026-12-08,4280000,فعال
1207,1141,1,2026-05-13,2026-08-17,5120000,فعال
1208,1142,1,2026-06-28,2026-10-26,1470000,فعال
1209,1143,1,2025-12-23,2026-05-20,17150000,تکمیل‌شده
1210,1144,1,2025-07-21,2026-07-24,58120000,فعال
1211,1145,7,2025-07-12,2026-10-26,106410000,فعال
1212,1146,3,2025-07-10,2026-10-12,114110000,فعال
1213,1147,1,2025-07-09,2026-08-04,60080000,فعال
1214,1148,2,2026-01-06,2026-08-27,11240000,فعال
1215,1149,1,2025-07-07,2026-03-29,12900000,تکمیل‌شده
1216,1150,4,2025-08-02,2025-10-01,10800000,تکمیل‌شده
1217,1150,7,2026-02-04,2026-09-09,11500000,فعال
1218,1151,1,2026-01-28,2026-10-14,48070000,فعال
1219,1152,3,2025-07-07,2026-10-08,29420000,معلق
1220,1154,1,2026-06-04,2026-09-08,9890000,فعال
1221,1155,7,2026-08-06,2026-08-30,380000,فعال
1222,1156,1,2025-12-18,2026-04-01,5000000,لغو
1223,1157,1,2025-07-06,2026-10-27,11350000,فعال
1224,1158,1,2026-01-29,2026-08-11,8860000,فعال
1225,1160,1,2025-10-29,2026-11-06,18720000,فعال
1226,1161,7,2025-08-19,2026-11-24,9650000,فعال
1227,1162,2,2025-07-05,2026-09-11,46930000,فعال
1228,1163,4,2026-03-09,2026-12-04,76670000,فعال
1229,1164,3,2025-09-09,2026-05-16,11050000,تکمیل‌شده
1230,1166,3,2026-04-29,2026-06-14,4800000,لغو
1231,1167,1,2026-02-05,2026-09-07,19360000,فعال
1232,1168,1,2026-01-22,2026-11-25,16050000,فعال
1233,1169,1,2025-12-06,2026-12-04,33000000,فعال
1234,1170,3,2025-07-21,2026-01-07,18650000,تکمیل‌شده
1235,1170,2,2026-06-15,2026-12-18,13200000,فعال
1236,1171,1,2025-07-24,2026-08-19,22930000,فعال
1237,1172,2,2025-10-04,2026-09-02,39800000,فعال
1238,1173,1,2025-09-06,2026-11-10,33050000,فعال
1239,1174,2,2025-10-14,2026-08-28,74000000,فعال
1240,1176,2,2025-07-19,2026-09-03,102600000,فعال
1241,1177,7,2025-12-04,2026-02-04,3400000,تکمیل‌شده
1242,1177,2,2026-06-22,2026-11-08,5150000,فعال
1243,1178,3,2025-07-06,2026-10-15,59730000,فعال
1244,1180,1,2025-10-27,2026-10-15,21640000,فعال
1245,1181,1,2025-10-11,2026-05-23,58500000,تکمیل‌شده
1246,1182,1,2026-04-28,2026-10-22,3270000,فعال
1247,1183,8,2025-09-08,2026-05-20,67100000,تکمیل‌شده
1248,1184,1,2026-02-15,2026-04-11,3900000,تکمیل‌شده
1249,1187,1,2025-08-28,2026-07-20,27930000,فعال
1250,1188,1,2025-09-04,2025-09-04,1250000,تکمیل‌شده
1251,1188,7,2026-03-01,2026-08-14,6470000,فعال
1252,1189,2,2025-09-11,2026-10-21,11630000,فعال
1253,1190,1,2026-01-24,2026-10-18,96170000,فعال
1254,1191,3,2026-01-22,2026-05-04,13950000,تکمیل‌شده
1255,1192,1,2026-01-31,2026-09-02,25770000,فعال
1256,1193,1,2025-08-27,2026-01-10,47050000,تکمیل‌شده
1257,1193,3,2026-06-04,2026-09-22,19000000,فعال
1258,1194,4,2025-10-04,2026-08-13,56860000,فعال
1259,1195,1,2026-04-18,2026-12-03,19810000,فعال
1260,1196,1,2025-09-13,2026-10-16,50020000,فعال
1261,1197,1,2025-11-15,2026-10-16,65440000,فعال
1262,1198,2,2025-08-24,2026-05-24,17400000,تکمیل‌شده
1263,1199,1,2025-09-21,2026-01-06,4700000,تکمیل‌شده
1264,1199,3,2026-05-24,2026-05-24,3000000,تکمیل‌شده
1265,1200,1,2025-07-27,2026-09-24,53240000,فعال
1266,1201,1,2026-07-06,2026-12-19,10160000,فعال
1267,1202,2,2025-07-06,2026-05-12,60400000,تکمیل‌شده
1268,1203,3,2025-12-25,2025-12-25,4000000,تکمیل‌شده
1269,1203,1,2026-05-09,2026-11-22,8290000,فعال
1270,1204,2,2026-01-01,2026-12-04,38350000,فعال
1271,1205,7,2025-09-08,2026-09-09,47140000,فعال
1272,1206,2,2026-04-22,2026-04-22,150000,تکمیل‌شده
1273,1207,1,2025-12-07,2025-12-20,1650000,تکمیل‌شده
1274,1207,8,2026-07-09,2026-10-18,15880000,فعال
1275,1208,3,2026-02-14,2026-10-17,79260000,فعال
1276,1209,2,2025-08-31,2026-10-07,19180000,فعال
1277,1210,3,2025-08-04,2026-10-29,81860000,فعال
1278,1211,2,2025-07-22,2025-08-19,4050000,تکمیل‌شده
1279,1211,2,2025-12-21,2026-09-27,14890000,فعال
1280,1212,3,2025-07-06,2026-09-05,67130000,فعال
1281,1213,1,2025-07-21,2026-01-12,17700000,تکمیل‌شده
1282,1213,3,2026-05-16,2026-12-03,10950000,فعال
1283,1214,3,2026-06-17,2026-12-24,1760000,فعال
1284,1215,7,2026-05-04,2026-10-09,5460000,فعال
1285,1216,2,2025-08-07,2026-08-16,63800000,فعال
1286,1217,1,2025-12-07,2026-02-19,7900000,تکمیل‌شده
1287,1218,7,2025-07-27,2026-07-26,39640000,فعال
1288,1220,2,2025-07-13,2025-09-13,8100000,تکمیل‌شده
1289,1220,3,2026-02-01,2026-02-28,8000000,تکمیل‌شده
1290,1221,1,2025-07-17,2026-09-03,36170000,فعال
1291,1222,4,2026-06-17,2026-10-12,3410000,فعال
1292,1223,4,2026-06-27,2026-11-15,3890000,فعال
1293,1224,7,2026-01-11,2026-09-15,47040000,فعال
1294,1225,2,2025-11-30,2026-10-25,42020000,فعال
1295,1226,1,2025-12-25,2026-10-13,3720000,فعال
1296,1227,1,2025-07-15,2026-04-04,34350000,تکمیل‌شده
1297,1228,2,2025-08-02,2026-09-12,28820000,فعال
1298,1229,1,2025-07-15,2026-09-23,110500000,فعال
1299,1230,2,2025-11-27,2026-09-29,25410000,فعال
1300,1231,1,2025-07-05,2025-10-06,1200000,تکمیل‌شده
1301,1231,3,2026-03-18,2026-12-10,36620000,فعال
1302,1232,3,2025-08-10,2026-03-15,13700000,تکمیل‌شده
1303,1233,2,2025-07-27,2026-09-16,38990000,فعال
1304,1234,1,2025-07-15,2026-08-06,80150000,لغو
1305,1235,1,2025-09-11,2026-08-03,34250000,فعال
1306,1236,1,2025-09-13,2026-11-04,42420000,فعال
1307,1237,1,2025-12-16,2026-04-05,9950000,تکمیل‌شده
1308,1237,5,2026-08-04,2026-09-27,2280000,فعال
1309,1238,1,2026-06-25,2026-09-16,3970000,فعال
1310,1239,1,2026-07-09,2026-10-26,3490000,فعال
1311,1241,1,2025-07-08,2025-10-29,9650000,تکمیل‌شده
1312,1241,1,2026-04-20,2026-09-21,17050000,فعال
1313,1242,2,2025-10-26,2026-11-02,10630000,فعال
1314,1243,2,2025-09-09,2026-06-20,14500000,لغو
1315,1244,1,2026-01-14,2026-11-27,16380000,فعال
1316,1245,4,2025-10-01,2026-09-28,41600000,فعال
1317,1246,4,2025-07-27,2026-08-20,58670000,فعال
1318,1247,4,2026-03-10,2026-08-10,7680000,فعال
1319,1248,2,2025-12-08,2026-03-07,5850000,تکمیل‌شده
1320,1249,1,2025-07-12,2026-02-04,15550000,تکمیل‌شده
1321,1250,1,2025-07-27,2026-05-21,22250000,تکمیل‌شده
1322,1251,2,2025-11-10,2025-11-10,400000,تکمیل‌شده
1323,1251,2,2026-04-14,2026-09-23,9210000,فعال
1324,1252,4,2025-11-15,2026-12-05,145430000,فعال
1325,1253,2,2025-07-14,2026-01-22,33350000,تکمیل‌شده
1326,1253,7,2026-06-10,2026-11-08,3050000,فعال
1327,1254,2,2025-07-07,2026-03-25,49750000,تکمیل‌شده
1328,1254,8,2026-08-09,2026-09-09,14590000,فعال
1329,1255,1,2025-12-17,2026-05-23,4950000,تکمیل‌شده
1330,1256,1,2025-12-18,2026-08-06,22040000,فعال
1331,1257,1,2026-04-16,2026-05-09,1500000,تکمیل‌شده
1332,1258,2,2026-05-30,2026-08-06,3790000,فعال
1333,1259,1,2025-07-16,2026-04-20,12250000,تکمیل‌شده
1334,1261,1,2026-03-08,2026-10-16,13970000,فعال
1335,1262,2,2025-12-09,2026-08-13,4770000,فعال
1336,1263,2,2026-06-01,2026-10-06,7040000,فعال
1337,1264,2,2025-12-18,2026-05-10,16800000,تکمیل‌شده
1338,1265,1,2026-05-19,2026-05-19,2000000,تکمیل‌شده
1339,1266,7,2025-07-05,2026-04-11,15950000,تکمیل‌شده
1340,1267,2,2025-07-08,2026-08-23,60430000,فعال
1341,1268,1,2025-07-27,2026-10-14,26520000,فعال
1342,1269,6,2026-07-04,2026-08-30,1100000,فعال
1343,1270,7,2025-07-27,2026-11-27,189860000,فعال
1344,1271,2,2026-04-09,2026-12-28,33710000,فعال
1345,1272,3,2025-07-08,2026-08-30,21890000,فعال
1346,1273,3,2026-07-29,2026-08-31,700000,فعال
1347,1274,7,2025-10-06,2026-02-12,5850000,تکمیل‌شده
1348,1274,1,2026-06-24,2026-09-20,4880000,فعال
1349,1275,7,2025-07-05,2026-09-20,119660000,فعال
1350,1276,4,2026-03-19,2026-03-19,2400000,تکمیل‌شده
1351,1277,2,2025-07-28,2026-08-26,52580000,فعال
1352,1278,2,2025-07-06,2026-01-01,11150000,تکمیل‌شده
1353,1278,3,2026-07-09,2026-10-19,12290000,فعال
1354,1279,3,2026-02-14,2026-08-21,6150000,فعال
1355,1280,3,2026-01-13,2026-07-27,9140000,معلق
1356,1281,2,2025-07-15,2026-05-06,11200000,تکمیل‌شده
1357,1282,2,2025-09-27,2026-04-29,25600000,تکمیل‌شده
1358,1283,2,2026-02-22,2026-09-28,7020000,فعال
1359,1284,7,2025-07-09,2026-10-18,23770000,فعال
1360,1285,3,2026-01-21,2026-10-01,20350000,فعال
1361,1287,1,2025-08-10,2026-08-27,89580000,فعال
1362,1288,1,2025-07-21,2026-09-10,90000000,فعال
1363,1289,2,2025-07-10,2026-09-03,36270000,فعال
1364,1290,1,2026-06-02,2026-10-28,2930000,فعال
1365,1291,6,2026-07-04,2026-11-25,16640000,فعال
1366,1292,1,2026-01-26,2026-11-22,17530000,فعال
1367,1293,1,2025-10-08,2026-09-05,17410000,فعال
1368,1294,1,2025-07-08,2026-05-14,22250000,تکمیل‌شده
1369,1295,2,2025-10-06,2026-12-05,41610000,فعال
1370,1296,5,2026-07-02,2026-10-01,14840000,فعال
1371,1297,2,2025-07-19,2026-04-19,23750000,تکمیل‌شده
1372,1298,7,2025-08-31,2026-03-02,12100000,تکمیل‌شده
1373,1300,1,2025-10-16,2026-09-27,131960000,فعال
1374,1301,1,2025-07-06,2026-12-29,53050000,فعال
1375,1302,1,2025-09-14,2026-10-29,16610000,فعال
1376,1303,5,2025-07-12,2026-09-01,58900000,فعال
1377,1304,3,2025-07-06,2026-11-29,162890000,فعال
1378,1305,1,2025-10-08,2026-10-21,22930000,فعال
1379,1306,1,2025-08-16,2026-03-28,13900000,تکمیل‌شده
1380,1307,2,2025-07-12,2026-05-17,12550000,تکمیل‌شده
1381,1308,1,2025-12-03,2026-04-18,4650000,تکمیل‌شده
1382,1309,3,2025-07-05,2026-09-05,64170000,فعال
1383,1310,4,2026-06-09,2026-09-04,5960000,فعال
1384,1311,1,2025-07-06,2025-09-13,37550000,تکمیل‌شده
1385,1311,2,2026-02-23,2026-07-21,12050000,فعال
1386,1312,7,2025-11-26,2026-08-02,9670000,فعال
1387,1313,7,2026-07-12,2026-11-29,1680000,فعال
1388,1315,1,2026-04-28,2026-10-30,1880000,فعال
1389,1316,1,2026-04-08,2026-09-01,21900000,فعال
1390,1318,2,2025-07-08,2026-11-29,14020000,فعال
1391,1319,1,2026-05-17,2026-09-12,4200000,فعال
1392,1320,1,2025-09-21,2026-10-19,16330000,فعال
1393,1321,2,2025-12-15,2026-09-13,17290000,فعال
1394,1322,3,2026-01-14,2026-12-05,114150000,فعال
1395,1323,2,2025-12-07,2026-07-19,82000000,لغو
1396,1326,2,2026-06-10,2026-07-20,4770000,فعال
1397,1327,1,2026-06-17,2026-10-18,7850000,فعال
1398,1328,2,2025-07-12,2026-09-15,66750000,فعال
1399,1330,3,2026-01-21,2026-09-19,25110000,فعال
1400,1331,3,2025-08-28,2026-03-31,20600000,لغو
1401,1332,2,2025-07-06,2026-10-25,103940000,فعال
1402,1333,2,2025-07-22,2026-09-13,43040000,فعال
1403,1334,1,2025-07-05,2025-09-02,2450000,تکمیل‌شده
1404,1334,1,2026-02-25,2026-10-06,36710000,فعال
1405,1335,1,2026-02-08,2026-07-25,3200000,فعال
1406,1336,1,2025-09-29,2026-11-23,20240000,فعال
1407,1337,1,2025-10-23,2026-02-25,8800000,تکمیل‌شده
1408,1337,4,2026-07-16,2026-08-20,4130000,معلق
1409,1338,3,2025-12-01,2026-08-11,13820000,فعال
1410,1339,1,2025-07-09,2026-08-10,54540000,فعال
1411,1340,1,2025-08-17,2026-10-21,34550000,فعال
1412,1341,1,2026-07-12,2026-12-12,6320000,فعال
1413,1342,4,2025-07-05,2026-10-17,76060000,فعال
1414,1343,3,2025-07-07,2026-12-27,98520000,فعال
1415,1344,3,2025-12-15,2026-03-09,18000000,تکمیل‌شده
1416,1345,1,2025-09-23,2026-05-25,77600000,تکمیل‌شده
1417,1346,1,2025-11-06,2026-12-17,18650000,فعال
1418,1347,2,2026-04-16,2026-07-31,44460000,فعال
1419,1348,1,2025-08-23,2026-02-19,10250000,تکمیل‌شده
1420,1348,3,2026-07-28,2026-09-05,1030000,فعال
1421,1349,1,2025-09-25,2026-10-16,158770000,فعال
1422,1350,2,2025-07-30,2026-03-04,6600000,تکمیل‌شده
1423,1351,4,2026-07-14,2026-10-23,4380000,فعال
1424,1352,1,2026-02-03,2026-02-03,1000000,تکمیل‌شده
1425,1352,1,2026-06-15,2026-08-22,5870000,فعال
1426,1353,3,2025-07-12,2026-03-11,24350000,تکمیل‌شده
1427,1354,2,2025-10-02,2026-10-28,17830000,فعال
1428,1355,2,2025-11-17,2026-11-14,13410000,فعال
1429,1356,2,2026-04-06,2026-11-16,13610000,فعال
1430,1357,1,2026-06-24,2026-11-13,7920000,فعال
1431,1358,1,2026-03-17,2026-10-11,5560000,فعال
1432,1359,1,2025-07-30,2025-10-15,7050000,تکمیل‌شده
1433,1359,1,2026-04-22,2026-11-11,1490000,فعال
1434,1360,2,2025-12-13,2026-03-10,950000,تکمیل‌شده
1435,1360,2,2026-08-08,2026-11-20,290000,فعال
1436,1361,2,2026-02-02,2026-11-04,3960000,فعال
1437,1362,3,2025-08-30,2026-05-10,9750000,تکمیل‌شده
1438,1363,1,2025-08-06,2025-11-19,16850000,تکمیل‌شده
1439,1363,1,2026-03-24,2026-03-24,650000,تکمیل‌شده
1440,1363,7,2026-08-08,2026-12-12,870000,فعال
1441,1364,7,2025-07-24,2026-08-16,24450000,فعال
1442,1365,1,2025-07-09,2026-01-21,15300000,تکمیل‌شده
1443,1366,3,2025-07-08,2026-07-20,41900000,فعال
1444,1367,3,2025-11-08,2026-11-10,26960000,فعال
1445,1369,7,2025-11-04,2026-09-09,9650000,فعال
1446,1371,2,2025-07-07,2026-10-06,15530000,فعال
1447,1372,7,2025-08-02,2026-11-06,41270000,فعال
1448,1373,2,2025-07-16,2026-11-13,28240000,فعال
1449,1374,2,2025-09-30,2026-11-12,33700000,فعال
1450,1375,3,2025-07-19,2026-12-07,51390000,فعال
1451,1377,1,2025-09-01,2026-10-25,27180000,فعال
1452,1378,3,2025-07-09,2026-10-21,55300000,فعال
1453,1379,4,2026-02-03,2026-09-06,23760000,فعال
1454,1380,2,2025-07-21,2026-11-19,143840000,فعال
1455,1381,3,2025-10-02,2025-11-20,2600000,تکمیل‌شده
1456,1381,2,2026-05-04,2026-08-25,1590000,فعال
1457,1383,1,2025-10-28,2026-12-01,52500000,فعال
1458,1384,7,2026-05-26,2026-08-24,550000,فعال
1459,1385,1,2026-06-02,2026-09-17,10240000,فعال
1460,1386,1,2025-12-04,2026-04-28,13600000,تکمیل‌شده
1461,1387,1,2026-05-18,2026-09-07,7520000,فعال
1462,1388,1,2026-01-05,2026-09-09,18120000,فعال
1463,1389,1,2025-10-02,2025-10-02,650000,تکمیل‌شده
1464,1389,1,2026-02-22,2026-11-03,63080000,فعال
1465,1390,2,2025-07-05,2026-11-04,29470000,فعال
1466,1391,1,2025-07-15,2026-08-03,13850000,لغو
1467,1392,1,2026-04-21,2026-09-27,8080000,فعال
1468,1393,1,2025-08-02,2025-10-22,15350000,تکمیل‌شده
1469,1393,3,2026-04-09,2026-10-31,13720000,فعال
1470,1394,2,2025-09-28,2025-11-18,46000000,تکمیل‌شده
1471,1394,1,2026-04-27,2026-06-29,5420000,فعال
1472,1395,3,2025-11-20,2026-07-20,15640000,فعال
1473,1396,3,2025-10-28,2026-08-16,36330000,فعال
1474,1397,7,2025-11-19,2026-05-24,15700000,تکمیل‌شده
1475,1398,3,2026-02-23,2026-02-23,1250000,تکمیل‌شده
1476,1398,2,2026-07-04,2026-10-20,7580000,معلق
1477,1399,1,2025-07-24,2026-08-30,45250000,فعال
1478,1400,1,2025-11-23,2025-12-31,1650000,تکمیل‌شده
1479,1400,4,2026-06-10,2026-12-09,3100000,فعال
1480,1402,1,2026-05-11,2026-09-13,1230000,فعال
1481,1403,1,2026-03-29,2026-09-30,5440000,فعال
1482,1404,1,2026-02-09,2027-01-02,127550000,فعال
1483,1406,1,2025-09-11,2026-12-04,13860000,فعال
1484,1407,7,2025-07-06,2026-07-11,30110000,فعال
1485,1408,7,2026-03-16,2026-11-22,16790000,فعال
1486,1409,2,2025-12-18,2026-10-31,28470000,فعال
1487,1410,3,2025-11-04,2026-11-07,40760000,فعال
1488,1411,3,2026-05-11,2026-08-29,3740000,فعال
1489,1412,1,2025-07-17,2026-04-11,20300000,تکمیل‌شده
1490,1413,1,2025-07-12,2026-11-12,27940000,فعال
1491,1414,4,2026-01-01,2026-12-07,27080000,فعال
1492,1415,2,2025-08-05,2026-09-03,40030000,فعال
1493,1416,3,2026-01-10,2026-11-18,13870000,فعال
1494,1417,1,2025-07-31,2025-11-12,8500000,تکمیل‌شده
1495,1417,1,2026-03-18,2026-05-13,4200000,تکمیل‌شده
1496,1418,2,2026-02-15,2026-10-05,19090000,فعال
1497,1419,1,2025-08-27,2026-08-21,75510000,فعال
1498,1421,2,2025-08-24,2026-10-25,25000000,فعال
1499,1422,1,2025-11-16,2026-10-07,7190000,فعال
1500,1423,1,2025-08-07,2026-11-18,85530000,فعال
1501,1424,6,2025-08-26,2025-09-14,9300000,تکمیل‌شده
1502,1424,1,2026-02-12,2026-10-29,4520000,فعال
1503,1426,1,2026-04-15,2026-10-14,7600000,فعال
1504,1427,7,2026-04-16,2026-12-07,11280000,فعال
1505,1428,1,2025-07-08,2026-10-17,32100000,فعال
1506,1429,1,2025-12-28,2026-09-05,8780000,فعال
1507,1430,7,2025-10-12,2025-12-03,44250000,تکمیل‌شده
1508,1430,3,2026-04-06,2026-04-06,1250000,تکمیل‌شده
1509,1431,7,2025-07-16,2026-05-18,35750000,تکمیل‌شده
1510,1432,1,2026-05-28,2026-11-23,1280000,فعال
1511,1433,2,2025-07-19,2026-11-25,126710000,فعال
1512,1434,3,2025-07-21,2026-08-18,164720000,فعال
1513,1435,1,2025-07-19,2026-05-11,76250000,تکمیل‌شده
1514,1436,2,2025-07-14,2026-10-13,41150000,فعال
1515,1437,1,2025-07-27,2026-08-24,41510000,فعال
1516,1438,1,2025-10-02,2025-10-27,50250000,تکمیل‌شده
1517,1438,2,2026-03-30,2026-09-25,4850000,فعال
1518,1439,2,2026-05-20,2026-05-24,4400000,تکمیل‌شده
1519,1440,2,2025-08-10,2026-04-07,27050000,تکمیل‌شده
1520,1440,2,2026-08-08,2026-11-01,2420000,فعال
1521,1441,3,2025-12-20,2026-10-12,34140000,فعال
1522,1442,1,2025-09-03,2026-05-21,17400000,تکمیل‌شده
1523,1443,1,2025-07-08,2026-09-15,63170000,فعال
1524,1444,1,2026-05-19,2026-05-19,500000,تکمیل‌شده
1525,1445,1,2025-07-16,2026-07-28,178060000,فعال
1526,1446,7,2026-03-24,2026-09-06,5600000,فعال
1527,1447,2,2026-01-28,2026-07-22,11550000,لغو
1528,1448,4,2026-04-13,2026-11-27,7250000,فعال
1529,1450,1,2025-07-10,2026-08-18,34760000,فعال
1530,1451,2,2026-04-23,2026-11-25,14500000,فعال
1531,1453,7,2026-07-30,2026-12-10,520000,فعال
1532,1454,2,2025-07-14,2026-04-08,12250000,تکمیل‌شده
1533,1455,1,2026-02-15,2026-10-03,4460000,فعال
1534,1456,4,2026-01-13,2026-11-07,85660000,فعال
1535,1457,2,2025-09-28,2026-11-17,20780000,فعال
1536,1458,1,2026-06-22,2026-12-07,4800000,فعال
1537,1459,4,2026-02-28,2026-10-03,39370000,فعال
1538,1460,2,2025-07-05,2026-02-01,15300000,تکمیل‌شده
1539,1460,7,2026-07-15,2026-10-31,1690000,فعال
1540,1461,1,2026-05-31,2026-10-07,6560000,فعال
1541,1462,2,2025-07-17,2026-01-05,10550000,تکمیل‌شده
1542,1462,2,2026-05-06,2026-08-23,38490000,فعال
1543,1463,3,2026-05-13,2026-11-07,27520000,فعال
1544,1464,1,2025-09-21,2026-09-20,20090000,فعال
1545,1466,3,2025-08-11,2026-12-13,26660000,فعال
1546,1467,7,2025-08-04,2026-04-16,11700000,تکمیل‌شده
1547,1468,2,2025-11-10,2026-01-14,5450000,تکمیل‌شده
1548,1469,1,2025-07-07,2026-11-27,25750000,فعال
1549,1470,2,2026-01-04,2026-02-18,3100000,تکمیل‌شده
1550,1471,2,2025-12-02,2026-11-10,6020000,فعال
1551,1472,3,2026-01-25,2026-04-01,50000000,تکمیل‌شده
1552,1473,3,2025-10-05,2026-08-23,76120000,فعال
1553,1474,1,2026-06-07,2026-12-12,3080000,فعال
1554,1475,3,2026-07-09,2026-09-12,1250000,فعال
1555,1476,2,2025-07-05,2026-05-31,13750000,لغو
1556,1477,3,2025-12-24,2026-10-15,12140000,فعال
1557,1478,4,2026-01-14,2026-01-14,2400000,تکمیل‌شده
1558,1478,1,2026-05-19,2026-09-10,8510000,فعال
1559,1479,1,2025-07-16,2025-11-24,6000000,تکمیل‌شده
1560,1481,2,2025-12-21,2026-11-03,13730000,فعال
1561,1482,3,2025-11-24,2026-09-18,14490000,فعال
1562,1483,1,2025-08-10,2026-07-26,41750000,فعال
1563,1485,1,2026-02-21,2026-12-16,13150000,فعال
1564,1486,4,2025-10-07,2026-09-03,19990000,فعال
1565,1487,7,2025-07-22,2026-10-22,29120000,فعال
1566,1488,7,2025-07-07,2026-09-30,39690000,فعال
1567,1489,1,2025-07-08,2026-12-16,27830000,فعال
1568,1490,1,2025-09-29,2026-10-31,26280000,فعال
1569,1491,3,2026-07-06,2026-11-01,3210000,فعال
1570,1492,1,2026-04-05,2026-08-26,20050000,فعال
1571,1493,1,2025-11-23,2026-10-06,92130000,فعال
1572,1494,1,2025-12-09,2025-12-09,3500000,تکمیل‌شده
1573,1494,1,2026-04-16,2026-10-23,14150000,فعال
1574,1495,1,2025-12-02,2026-10-01,14790000,فعال
1575,1496,3,2025-08-02,2026-02-09,21750000,تکمیل‌شده
1576,1496,4,2026-06-10,2026-10-10,26130000,فعال
1577,1497,7,2025-07-10,2026-02-23,29050000,تکمیل‌شده
1578,1498,1,2025-07-17,2026-01-06,49150000,تکمیل‌شده
1579,1498,1,2026-05-28,2026-12-07,1030000,فعال
1580,1499,1,2026-07-08,2026-11-21,1940000,فعال
1581,1500,4,2026-08-05,2026-09-15,4010000,فعال
1582,1502,1,2025-07-24,2026-07-19,23120000,فعال
1583,1504,3,2026-04-26,2026-04-26,1250000,تکمیل‌شده
1584,1505,2,2025-09-10,2026-02-19,9150000,تکمیل‌شده
1585,1505,2,2026-07-20,2026-09-29,720000,فعال
1586,1506,1,2025-10-06,2026-05-07,50450000,تکمیل‌شده
1587,1507,1,2025-07-06,2026-11-15,45940000,فعال
1588,1508,2,2025-08-05,2025-09-15,8450000,تکمیل‌شده
1589,1508,1,2026-01-25,2026-11-01,21780000,فعال
1590,1510,7,2025-09-29,2025-09-29,300000,تکمیل‌شده
1591,1510,2,2026-02-02,2026-11-03,12860000,فعال
1592,1511,7,2025-07-27,2026-12-04,13050000,معلق
1593,1512,7,2025-09-04,2026-11-26,32660000,فعال
1594,1513,1,2026-03-16,2026-11-07,7570000,فعال
1595,1514,1,2026-07-27,2026-10-18,480000,فعال
1596,1515,3,2025-07-09,2025-12-21,62150000,تکمیل‌شده
1597,1515,1,2026-05-02,2026-05-02,8000000,تکمیل‌شده
1598,1516,4,2025-11-09,2026-12-09,36510000,فعال
1599,1517,1,2025-11-05,2026-07-08,12230000,فعال
1600,1518,4,2025-07-15,2026-11-06,47250000,فعال
1601,1519,1,2025-07-05,2026-10-15,28840000,فعال
1602,1520,3,2025-08-07,2026-08-19,17010000,فعال
1603,1521,7,2026-06-14,2026-07-08,2560000,فعال
1604,1522,3,2025-07-24,2025-09-10,3100000,تکمیل‌شده
1605,1522,1,2026-02-01,2026-07-26,18550000,لغو
1606,1523,2,2026-01-08,2026-09-11,2340000,فعال
1607,1524,2,2025-09-24,2026-08-29,63450000,فعال
1608,1525,7,2025-07-09,2026-10-30,15080000,فعال
1609,1526,1,2025-07-09,2026-11-23,86920000,فعال
1610,1528,1,2026-05-09,2026-08-28,11890000,فعال
1611,1529,7,2025-09-13,2026-12-02,32140000,معلق
1612,1530,4,2026-06-18,2026-10-11,13700000,فعال
1613,1531,1,2025-08-02,2026-02-24,7400000,تکمیل‌شده
1614,1531,1,2026-07-15,2026-11-25,2880000,فعال
1615,1532,3,2025-09-25,2026-09-08,22420000,فعال
1616,1533,1,2026-01-21,2026-04-05,800000,تکمیل‌شده
1617,1533,3,2026-08-06,2026-12-24,3080000,فعال
1618,1535,1,2025-07-12,2026-02-26,43250000,تکمیل‌شده
1619,1536,1,2025-07-20,2025-09-10,11150000,تکمیل‌شده
1620,1536,2,2026-01-21,2026-02-08,6050000,تکمیل‌شده
1621,1536,2,2026-06-23,2026-11-17,3720000,فعال
1622,1537,3,2025-10-02,2026-10-07,42470000,فعال
1623,1538,4,2025-12-06,2026-10-31,21120000,فعال
1624,1539,2,2025-10-02,2026-02-11,15300000,تکمیل‌شده
1625,1539,1,2026-07-11,2026-12-17,6290000,فعال
1626,1540,2,2026-04-18,2026-05-14,8400000,تکمیل‌شده
1627,1541,2,2025-07-12,2026-09-09,35120000,فعال
1628,1544,1,2025-12-01,2026-08-01,7460000,فعال
1629,1545,3,2025-07-05,2026-02-02,8850000,تکمیل‌شده
1630,1545,2,2026-06-11,2026-12-15,7000000,فعال
1631,1546,1,2025-07-12,2026-03-10,15400000,تکمیل‌شده
1632,1546,3,2026-07-29,2026-10-13,8400000,فعال
1633,1547,1,2026-01-27,2026-08-29,8010000,فعال
1634,1548,1,2025-12-11,2026-01-18,2050000,تکمیل‌شده
1635,1548,1,2026-05-25,2026-05-25,300000,تکمیل‌شده
1636,1549,4,2025-12-24,2026-10-21,12680000,فعال
1637,1550,3,2026-03-08,2026-04-02,5200000,تکمیل‌شده
1638,1551,1,2025-09-14,2026-04-02,14150000,تکمیل‌شده
1639,1552,1,2026-01-07,2026-07-31,60280000,فعال
1640,1553,7,2025-07-29,2026-07-20,45200000,فعال
1641,1554,1,2026-02-07,2026-10-30,16460000,فعال
1642,1555,1,2025-08-30,2026-08-27,25810000,فعال
1643,1556,3,2025-08-18,2026-07-20,42850000,فعال
1644,1557,1,2025-08-28,2026-07-18,15070000,فعال
1645,1558,1,2026-02-22,2026-09-01,21440000,فعال
1646,1559,1,2025-07-06,2026-08-28,23770000,فعال
1647,1560,1,2025-07-30,2026-01-25,44200000,تکمیل‌شده
1648,1560,1,2026-06-28,2026-11-14,1670000,فعال
1649,1561,2,2025-08-11,2026-03-28,8250000,تکمیل‌شده
1650,1561,3,2026-08-03,2026-09-02,2490000,فعال
1651,1562,2,2026-05-16,2026-10-27,3400000,فعال
1652,1564,2,2026-03-14,2026-12-04,11640000,فعال
1653,1565,1,2026-03-10,2026-10-31,43550000,فعال
1654,1566,1,2025-12-25,2026-03-31,5400000,تکمیل‌شده
1655,1566,7,2026-08-02,2026-09-03,390000,فعال
1656,1567,1,2026-08-05,2026-11-04,12900000,فعال
1657,1568,2,2025-07-06,2026-08-05,45360000,فعال
1658,1569,7,2026-02-03,2026-09-09,46260000,فعال
1659,1571,1,2025-08-06,2026-02-02,16700000,تکمیل‌شده
1660,1574,3,2025-07-08,2026-03-11,12000000,تکمیل‌شده
1661,1575,1,2025-08-31,2026-11-27,71570000,فعال
1662,1576,1,2025-07-13,2026-09-22,42110000,فعال
1663,1577,3,2025-07-14,2026-08-25,52130000,فعال
1664,1578,1,2026-03-30,2026-08-28,33180000,فعال
1665,1580,1,2025-09-21,2026-10-22,84170000,فعال
1666,1581,1,2025-09-28,2026-03-23,10600000,تکمیل‌شده
1667,1582,2,2025-08-11,2026-11-17,55010000,فعال
1668,1583,1,2025-07-09,2025-11-22,9100000,تکمیل‌شده
1669,1583,4,2026-05-30,2026-10-02,93290000,فعال
1670,1584,3,2026-04-18,2026-10-31,3480000,فعال
1671,1585,3,2026-02-03,2026-09-20,31690000,فعال
1672,1586,3,2025-07-14,2026-11-20,53680000,فعال
1673,1587,2,2025-07-05,2026-04-07,7150000,تکمیل‌شده
1674,1588,2,2025-11-06,2026-10-19,12390000,فعال
1675,1589,1,2025-12-17,2026-05-20,10300000,تکمیل‌شده
1676,1590,1,2025-07-13,2026-10-19,23590000,فعال
1677,1591,2,2025-07-10,2026-10-07,25460000,فعال
1678,1592,7,2026-05-30,2026-10-14,1030000,فعال
1679,1593,7,2025-07-24,2026-10-31,37430000,فعال
1680,1594,1,2026-04-01,2026-11-25,3860000,فعال
1681,1595,1,2026-06-07,2026-10-13,16480000,فعال
1682,1596,3,2026-05-02,2026-05-02,1250000,تکمیل‌شده
1683,1597,1,2025-08-11,2026-03-29,11150000,تکمیل‌شده
1684,1598,1,2025-08-04,2026-11-25,33320000,فعال
1685,1600,2,2026-06-18,2026-09-05,8840000,فعال
1686,1601,3,2026-02-10,2026-09-10,28090000,فعال
1687,1602,1,2025-07-07,2026-09-14,20270000,فعال
1688,1603,2,2025-12-18,2026-12-11,71700000,فعال
1689,1605,3,2025-09-27,2026-08-24,18440000,فعال
1690,1606,2,2025-07-23,2025-12-03,24400000,تکمیل‌شده
1691,1606,2,2026-04-09,2026-08-29,4720000,فعال
1692,1607,1,2025-07-30,2026-01-08,13950000,تکمیل‌شده
1693,1608,1,2025-07-09,2026-12-12,48200000,فعال
1694,1609,2,2025-07-06,2026-05-12,27650000,تکمیل‌شده
1695,1610,2,2025-09-21,2026-08-30,18490000,فعال
1696,1611,3,2025-08-12,2026-01-26,47800000,تکمیل‌شده
1697,1611,1,2026-05-31,2026-08-04,5860000,فعال
1698,1612,1,2025-10-25,2026-10-02,33560000,معلق
1699,1613,1,2026-02-01,2026-11-29,18140000,فعال
1700,1614,3,2025-07-05,2026-09-05,27030000,معلق
1701,1616,2,2025-09-17,2026-12-26,49720000,فعال
1702,1617,7,2026-04-22,2026-08-22,13360000,فعال
1703,1618,2,2025-08-19,2026-04-04,43950000,تکمیل‌شده
1704,1619,2,2025-07-28,2026-12-10,90100000,فعال
1705,1620,1,2026-03-18,2026-05-16,2400000,تکمیل‌شده
1706,1621,1,2025-12-24,2026-10-28,11520000,فعال
1707,1622,2,2025-12-13,2026-11-17,19420000,فعال
1708,1623,4,2025-07-26,2026-12-22,170220000,معلق
1709,1624,2,2026-06-30,2026-12-12,13590000,فعال
1710,1625,3,2026-05-24,2026-09-30,7410000,فعال
1711,1626,1,2025-07-21,2026-09-01,21510000,فعال
1712,1627,1,2025-10-15,2026-10-17,19770000,فعال
1713,1628,3,2025-07-13,2026-03-18,60850000,تکمیل‌شده
1714,1628,2,2026-07-20,2026-10-24,8050000,فعال
1715,1630,1,2025-07-15,2026-04-20,23500000,تکمیل‌شده
1716,1631,1,2025-07-16,2026-01-25,9100000,تکمیل‌شده
1717,1631,1,2026-07-27,2026-09-28,900000,فعال
1718,1632,3,2026-07-01,2026-11-26,4420000,فعال
1719,1633,7,2026-06-11,2026-08-02,5300000,لغو
1720,1634,2,2025-08-02,2026-03-07,7350000,تکمیل‌شده
1721,1634,7,2026-07-14,2026-11-15,2310000,فعال
1722,1635,4,2025-12-08,2026-08-13,25400000,فعال
1723,1636,3,2026-01-19,2026-10-21,36630000,فعال
1724,1637,2,2026-01-08,2026-10-06,11220000,فعال
1725,1638,1,2026-01-18,2026-02-25,1400000,تکمیل‌شده
1726,1639,1,2025-09-22,2026-08-07,70610000,فعال
1727,1640,3,2025-12-02,2026-08-26,142440000,فعال
1728,1641,2,2025-10-22,2026-12-08,23090000,فعال
1729,1642,1,2026-03-22,2026-09-20,61970000,فعال
1730,1643,1,2025-08-20,2026-11-14,24320000,فعال
1731,1644,1,2025-12-17,2026-10-10,39000000,فعال
1732,1645,4,2025-11-22,2026-11-13,80400000,فعال
1733,1646,2,2026-01-24,2026-07-21,14800000,فعال
1734,1647,2,2025-09-02,2026-08-28,60870000,فعال
1735,1648,2,2025-10-08,2026-08-05,23960000,فعال
1736,1649,1,2025-07-12,2026-10-28,124550000,فعال
1737,1650,2,2025-11-01,2026-09-15,12800000,فعال
1738,1651,1,2025-07-12,2026-09-20,63450000,فعال
1739,1653,4,2026-01-01,2026-01-01,2400000,تکمیل‌شده
1740,1653,3,2026-05-24,2026-11-12,8090000,فعال
1741,1654,2,2025-08-20,2026-08-10,26390000,فعال
1742,1655,5,2025-10-01,2026-10-18,77090000,فعال
1743,1656,7,2025-07-26,2026-10-11,31600000,فعال
1744,1657,3,2025-09-18,2026-04-27,13800000,تکمیل‌شده
1745,1659,3,2025-08-23,2026-05-09,37900000,تکمیل‌شده
1746,1660,3,2026-06-02,2026-09-12,3350000,معلق
1747,1661,3,2025-07-06,2026-08-15,154010000,فعال
1748,1662,4,2025-11-11,2026-08-23,11110000,فعال
1749,1663,2,2025-07-19,2026-12-11,119520000,فعال
1750,1664,3,2026-06-24,2026-07-15,1450000,لغو
1751,1665,1,2025-12-13,2025-12-14,1150000,تکمیل‌شده
1752,1665,1,2026-05-02,2026-10-28,4860000,فعال
1753,1666,4,2025-09-11,2026-10-10,101700000,فعال
1754,1667,7,2025-11-09,2026-05-24,6050000,تکمیل‌شده
1755,1668,1,2025-09-30,2026-02-15,5200000,تکمیل‌شده
1756,1668,2,2026-07-07,2026-09-05,7000000,فعال
1757,1669,2,2026-07-21,2026-10-06,1040000,فعال
1758,1670,3,2025-07-13,2026-11-11,16420000,فعال
1759,1671,2,2025-07-05,2026-12-24,138010000,فعال
1760,1672,1,2025-09-14,2026-03-16,8800000,تکمیل‌شده
1761,1673,1,2025-11-23,2026-08-24,10290000,فعال
1762,1674,7,2026-02-01,2026-12-30,20760000,فعال
1763,1675,3,2026-01-17,2026-09-19,12420000,فعال
1764,1676,1,2025-12-08,2026-10-06,22620000,معلق
1765,1677,1,2025-07-21,2026-10-28,109550000,فعال
1766,1678,2,2026-06-22,2026-08-24,190000,فعال
1767,1679,3,2025-07-05,2026-08-29,36920000,فعال
1768,1680,1,2025-07-09,2026-03-30,57500000,تکمیل‌شده
1769,1681,1,2025-09-04,2026-12-06,22630000,فعال
1770,1682,2,2026-06-20,2026-11-07,5410000,فعال
1771,1683,3,2026-04-12,2026-12-13,7280000,فعال
1772,1684,3,2025-07-10,2026-11-04,71850000,فعال
1773,1685,2,2025-07-09,2026-07-28,28610000,فعال
1774,1686,3,2025-10-19,2026-02-04,24200000,تکمیل‌شده
1775,1686,4,2026-06-29,2026-09-29,3560000,فعال
1776,1687,3,2026-01-26,2026-11-29,13610000,فعال
1777,1688,1,2026-03-14,2026-11-26,4100000,فعال
1778,1689,1,2025-12-18,2026-09-12,35170000,فعال
1779,1690,3,2025-11-08,2026-12-01,35450000,فعال
1780,1691,2,2025-07-05,2026-05-11,34800000,تکمیل‌شده
1781,1692,7,2026-06-08,2026-11-05,3530000,فعال
1782,1693,7,2026-08-01,2026-09-20,410000,فعال
1783,1694,2,2026-05-21,2026-11-02,9590000,فعال
1784,1696,3,2026-01-22,2026-08-17,22240000,فعال
1785,1697,1,2026-01-03,2026-10-22,31810000,فعال
1786,1698,2,2025-08-23,2026-07-03,89870000,فعال
1787,1699,1,2026-01-27,2026-10-12,26120000,معلق
1788,1700,3,2025-08-05,2026-05-23,14350000,تکمیل‌شده
1789,1701,3,2026-08-04,2026-10-13,1670000,فعال
1790,1702,2,2025-08-02,2025-12-13,7800000,تکمیل‌شده
1791,1702,1,2026-05-07,2026-11-25,2460000,فعال
1792,1703,3,2025-07-21,2026-11-09,18040000,فعال
1793,1704,1,2025-07-07,2026-09-25,25680000,فعال
1794,1705,7,2025-07-12,2026-12-11,95660000,فعال
1795,1706,1,2025-08-26,2026-05-11,15800000,تکمیل‌شده
1796,1707,1,2025-07-12,2026-05-03,20800000,تکمیل‌شده
1797,1708,7,2025-07-09,2026-01-05,16600000,تکمیل‌شده
1798,1708,6,2026-05-13,2026-05-13,4500000,تکمیل‌شده
1799,1709,3,2025-07-10,2026-03-12,15400000,تکمیل‌شده
1800,1709,1,2026-07-22,2026-08-22,820000,فعال
1801,1710,1,2025-08-03,2026-11-30,42060000,فعال
1802,1711,2,2025-08-03,2026-09-09,50120000,معلق
1803,1712,3,2026-01-28,2026-10-23,14910000,فعال
1804,1713,4,2025-07-16,2026-08-03,75180000,فعال
1805,1714,3,2026-04-28,2026-11-12,24480000,فعال
1806,1715,1,2026-03-17,2026-10-01,3210000,فعال
1807,1716,1,2025-07-06,2026-10-19,129350000,فعال
1808,1717,7,2025-07-28,2026-11-27,22350000,فعال
1809,1718,7,2025-08-24,2026-05-03,26850000,تکمیل‌شده
1810,1719,1,2025-07-16,2026-10-11,38300000,فعال
1811,1720,1,2026-04-02,2026-09-29,55590000,فعال
1812,1722,1,2025-11-25,2026-09-14,20580000,فعال
1813,1723,2,2025-07-13,2026-03-23,35150000,تکمیل‌شده
1814,1724,1,2026-02-14,2026-10-30,3480000,فعال
1815,1726,2,2026-04-29,2026-09-13,8370000,فعال
1816,1727,2,2025-09-27,2026-09-03,14390000,فعال
1817,1728,3,2025-09-24,2026-01-22,2800000,تکمیل‌شده
1818,1728,1,2026-06-06,2026-12-09,38060000,فعال
1819,1729,4,2025-09-01,2026-11-11,237060000,فعال
1820,1730,1,2025-07-14,2026-08-10,132140000,فعال
1821,1731,1,2025-08-12,2025-10-30,4050000,تکمیل‌شده
1822,1731,3,2026-03-01,2026-07-08,17110000,فعال
1823,1732,2,2025-07-07,2025-10-21,9550000,تکمیل‌شده
1824,1732,4,2026-05-12,2026-11-03,23930000,فعال
1825,1733,3,2025-07-07,2026-01-28,13150000,تکمیل‌شده
1826,1733,2,2026-07-12,2026-08-27,17450000,فعال
1827,1734,1,2025-08-09,2026-05-14,71100000,تکمیل‌شده
1828,1735,1,2026-01-11,2026-04-14,12050000,تکمیل‌شده
1829,1736,7,2026-01-24,2026-09-19,34270000,فعال
1830,1737,7,2026-04-02,2026-06-28,1570000,فعال
1831,1738,2,2026-03-05,2026-08-16,9570000,فعال
1832,1739,2,2025-09-20,2025-12-16,8150000,تکمیل‌شده
1833,1739,2,2026-05-28,2026-12-03,3770000,فعال
1834,1740,2,2025-09-01,2026-09-15,20890000,فعال
1835,1741,2,2025-08-02,2026-09-12,30380000,فعال
1836,1742,1,2025-07-10,2026-09-07,265600000,فعال
1837,1744,3,2025-08-23,2026-04-22,19050000,تکمیل‌شده
1838,1745,1,2025-11-10,2025-12-29,5200000,تکمیل‌شده
1839,1745,1,2026-07-11,2026-10-16,15520000,فعال
1840,1746,1,2026-01-19,2026-05-05,950000,تکمیل‌شده
1841,1747,3,2025-07-05,2026-03-01,28100000,تکمیل‌شده
1842,1747,2,2026-07-08,2026-10-24,9470000,فعال
1843,1748,1,2026-02-02,2026-07-26,8960000,فعال
1844,1749,1,2026-04-07,2026-12-05,39460000,فعال
1845,1750,3,2025-07-29,2026-11-08,65330000,فعال
1846,1751,3,2025-07-14,2026-11-03,89200000,معلق
1847,1753,2,2025-12-29,2026-10-07,6510000,فعال
1848,1754,1,2025-07-30,2026-04-06,65750000,تکمیل‌شده
1849,1755,1,2026-01-10,2026-11-22,7580000,فعال
1850,1756,2,2026-03-21,2026-09-17,33510000,فعال
1851,1757,1,2025-08-31,2026-02-12,9200000,تکمیل‌شده
1852,1757,3,2026-07-16,2026-11-12,1890000,فعال
1853,1758,7,2025-07-05,2026-09-26,35990000,فعال
1854,1759,3,2025-09-13,2026-09-12,47190000,فعال
1855,1760,2,2025-08-18,2026-02-11,36250000,تکمیل‌شده
1856,1760,3,2026-08-08,2026-10-23,4980000,فعال
1857,1761,3,2026-07-13,2026-11-12,19390000,فعال
1858,1762,3,2025-07-22,2026-05-11,49700000,تکمیل‌شده
1859,1763,3,2025-10-25,2026-05-12,24100000,تکمیل‌شده
1860,1764,2,2026-08-09,2026-12-21,2410000,فعال
1861,1765,1,2026-01-05,2026-05-06,1050000,تکمیل‌شده
1862,1766,1,2025-07-27,2026-12-08,70720000,فعال
1863,1767,3,2025-08-19,2025-12-07,4050000,تکمیل‌شده
1864,1767,1,2026-04-08,2026-10-10,7020000,فعال
1865,1769,1,2025-07-13,2026-11-01,14350000,فعال
1866,1770,3,2025-07-14,2026-09-08,30330000,فعال
1867,1771,3,2026-03-02,2026-05-20,300000,تکمیل‌شده
1868,1772,2,2025-08-23,2026-04-20,16200000,تکمیل‌شده
1869,1773,2,2025-07-29,2026-08-19,44870000,فعال
1870,1774,2,2025-10-14,2026-04-28,21400000,تکمیل‌شده
1871,1775,2,2025-08-12,2026-08-26,37240000,فعال
1872,1776,1,2026-03-01,2026-07-20,4790000,فعال
1873,1777,7,2025-08-28,2026-09-18,15540000,فعال
1874,1778,1,2025-09-29,2026-08-01,120410000,فعال
1875,1779,3,2025-08-03,2026-10-03,21250000,فعال
1876,1780,7,2026-04-12,2026-08-14,134680000,فعال
1877,1781,3,2026-03-29,2026-11-15,14420000,فعال
1878,1782,2,2025-11-17,2026-08-22,50590000,فعال
1879,1783,2,2025-10-12,2025-10-25,1150000,تکمیل‌شده
1880,1783,3,2026-03-25,2026-04-07,2300000,تکمیل‌شده
1881,1784,4,2025-08-25,2026-12-09,153170000,فعال
1882,1785,7,2026-04-22,2026-08-27,1110000,فعال
1883,1786,2,2026-04-27,2026-09-10,6470000,فعال
1884,1787,1,2025-11-01,2026-09-17,18870000,فعال
1885,1788,4,2025-12-09,2026-09-29,98980000,فعال
1886,1789,1,2026-04-27,2026-09-10,13530000,فعال
1887,1790,1,2026-02-17,2026-11-21,22080000,فعال
1888,1791,2,2025-07-06,2026-11-30,34740000,فعال
1889,1792,3,2025-08-09,2026-12-05,49530000,فعال
1890,1793,3,2026-03-18,2026-10-04,33530000,فعال
1891,1794,1,2025-10-01,2025-12-10,10900000,لغو
1892,1794,1,2026-05-02,2026-12-03,10070000,فعال
1893,1795,1,2026-06-16,2026-09-25,9760000,فعال
1894,1796,2,2025-07-07,2026-04-11,9050000,تکمیل‌شده
1895,1800,1,2025-11-23,2026-11-14,23690000,فعال
1896,1801,1,2025-10-20,2026-11-06,22390000,فعال
1897,1802,2,2025-07-17,2026-01-07,24000000,تکمیل‌شده
1898,1802,2,2026-06-04,2026-08-17,1710000,فعال
1899,1804,1,2025-11-04,2026-05-02,15300000,تکمیل‌شده
1900,1806,1,2025-07-17,2026-03-22,46750000,تکمیل‌شده
1901,1807,3,2025-11-16,2026-09-01,9190000,فعال
1902,1808,1,2025-07-10,2026-08-13,88480000,فعال
1903,1809,3,2025-08-17,2025-12-23,15100000,تکمیل‌شده
1904,1809,7,2026-05-30,2026-09-23,900000,فعال
1905,1810,1,2025-10-08,2026-10-15,49150000,فعال
1906,1811,7,2025-07-14,2026-09-09,78200000,فعال
1907,1812,1,2025-12-16,2026-01-10,43650000,تکمیل‌شده
1908,1812,1,2026-06-07,2026-08-13,18960000,فعال
1909,1814,3,2025-09-04,2026-10-19,4970000,فعال
1910,1815,1,2025-10-15,2026-09-09,13230000,فعال
1911,1816,3,2026-05-26,2026-12-06,9050000,فعال
1912,1817,7,2026-01-18,2026-11-01,23900000,فعال
1913,1818,3,2025-07-05,2026-09-13,56290000,معلق
1914,1819,2,2026-02-16,2026-05-03,28050000,تکمیل‌شده
1915,1820,2,2025-12-02,2026-08-26,11060000,فعال
1916,1821,4,2025-07-12,2025-12-24,6900000,تکمیل‌شده
1917,1821,7,2026-06-01,2026-08-03,210000,فعال
1918,1822,3,2025-07-30,2025-11-20,2150000,تکمیل‌شده
1919,1822,2,2026-05-24,2026-09-10,8920000,فعال
1920,1825,2,2025-08-02,2026-11-07,96850000,فعال
1921,1826,3,2025-10-09,2026-10-25,145180000,فعال
1922,1827,3,2026-07-30,2026-09-04,510000,فعال
1923,1828,3,2026-02-14,2026-09-14,21610000,فعال
1924,1830,2,2026-05-28,2026-09-21,11670000,فعال
1925,1831,1,2026-04-15,2026-11-08,28800000,فعال
1926,1832,3,2025-08-18,2026-10-22,23690000,فعال
1927,1833,3,2025-11-19,2026-08-27,91110000,فعال
1928,1834,3,2025-07-24,2026-08-09,20240000,فعال
1929,1835,3,2025-07-29,2026-07-31,49500000,فعال
1930,1837,5,2026-03-26,2026-05-13,1300000,تکمیل‌شده
1931,1838,4,2025-07-24,2025-09-20,11750000,تکمیل‌شده
1932,1838,3,2026-01-29,2026-10-03,30710000,فعال
1933,1840,1,2025-10-07,2026-03-28,32650000,تکمیل‌شده
1934,1840,2,2026-08-08,2026-11-09,810000,فعال
1935,1841,2,2025-07-12,2025-09-17,34150000,تکمیل‌شده
1936,1841,1,2026-03-02,2026-03-02,1000000,تکمیل‌شده
1937,1841,6,2026-07-28,2026-09-10,750000,فعال
1938,1842,4,2025-11-17,2026-11-16,13240000,فعال
1939,1843,2,2025-07-06,2025-11-30,15600000,تکمیل‌شده
1940,1843,2,2026-04-16,2026-08-02,5050000,فعال
1941,1844,1,2025-08-04,2026-02-22,17350000,تکمیل‌شده
1942,1844,3,2026-07-05,2026-11-09,910000,فعال
1943,1845,1,2026-02-09,2026-02-09,1250000,تکمیل‌شده
1944,1845,3,2026-08-02,2026-09-10,8120000,فعال
1945,1846,3,2025-07-05,2026-09-25,39660000,فعال
1946,1848,4,2025-08-13,2026-04-05,54650000,تکمیل‌شده
1947,1849,7,2026-03-01,2026-10-15,6380000,فعال
1948,1850,7,2025-07-17,2026-10-02,93280000,فعال
1949,1851,2,2025-08-26,2026-09-23,14720000,فعال
1950,1852,1,2026-02-04,2026-10-14,29530000,فعال
1951,1854,1,2025-07-17,2026-11-19,32940000,معلق
1952,1855,2,2025-07-06,2026-10-01,92890000,فعال
1953,1856,3,2025-10-15,2026-12-22,21330000,فعال
1954,1857,7,2025-07-07,2026-07-14,43500000,لغو
1955,1858,3,2025-12-22,2026-12-13,16050000,فعال
1956,1859,1,2025-07-10,2025-11-12,8250000,لغو
1957,1859,7,2026-04-18,2026-05-16,4200000,تکمیل‌شده
1958,1861,1,2026-01-28,2026-09-15,30390000,معلق
1959,1862,2,2025-07-09,2026-08-29,47740000,فعال
1960,1863,3,2025-08-14,2026-09-06,35720000,فعال
1961,1864,3,2025-10-16,2026-02-18,12550000,تکمیل‌شده
1962,1865,4,2026-02-25,2026-03-03,3400000,تکمیل‌شده
1963,1865,2,2026-07-06,2026-11-24,2390000,فعال
1964,1866,1,2026-01-29,2026-12-20,17680000,فعال
1965,1867,1,2026-03-18,2026-10-07,32060000,فعال
1966,1868,1,2026-04-01,2026-11-03,8340000,فعال
1967,1869,3,2025-10-11,2026-03-26,9100000,تکمیل‌شده
1968,1869,7,2026-07-29,2026-11-22,1270000,فعال
1969,1870,4,2025-07-05,2026-05-02,20500000,تکمیل‌شده
1970,1871,4,2025-07-20,2026-09-11,139900000,فعال
1971,1872,1,2025-07-12,2026-07-27,17800000,لغو
1972,1873,2,2025-07-26,2026-10-28,77690000,فعال
1973,1875,1,2025-07-09,2026-10-27,23570000,فعال
1974,1876,1,2026-02-14,2026-05-11,12550000,تکمیل‌شده
1975,1877,1,2026-01-05,2026-08-22,48870000,فعال
1976,1878,2,2025-07-05,2026-10-18,70530000,فعال
1977,1879,2,2026-07-20,2026-12-08,1770000,فعال
1978,1880,1,2025-07-09,2026-10-21,46740000,فعال
1979,1881,1,2025-07-10,2025-12-22,12250000,تکمیل‌شده
1980,1882,1,2025-07-08,2026-11-30,109170000,فعال
1981,1883,1,2025-07-08,2026-05-09,10650000,تکمیل‌شده
1982,1884,7,2025-08-07,2026-09-03,32570000,فعال
1983,1885,4,2025-08-28,2026-08-09,19900000,فعال
1984,1886,3,2026-05-21,2026-11-21,23240000,فعال
1985,1887,1,2025-07-10,2026-09-03,164320000,فعال
1986,1888,7,2025-07-06,2026-10-07,31670000,فعال
1987,1889,1,2025-07-30,2026-02-16,12650000,تکمیل‌شده
1988,1890,1,2026-05-31,2026-08-09,4240000,فعال
1989,1891,2,2026-02-02,2026-10-13,4810000,فعال
1990,1892,1,2026-01-22,2026-11-09,22210000,فعال
1991,1893,1,2025-08-14,2026-03-26,14050000,تکمیل‌شده
1992,1894,4,2026-08-01,2026-10-11,86060000,فعال
1993,1895,1,2026-05-31,2026-09-27,2510000,فعال
1994,1896,1,2026-01-04,2026-10-13,30380000,فعال
1995,1897,1,2025-07-29,2026-10-26,28440000,فعال
1996,1898,3,2025-08-05,2026-03-31,13600000,تکمیل‌شده
1997,1898,7,2026-08-05,2026-12-08,2050000,فعال
1998,1899,3,2025-07-31,2026-08-29,30220000,فعال
1999,1900,7,2025-11-17,2026-09-14,14120000,فعال
2000,1902,1,2025-10-19,2026-08-22,122840000,فعال
2001,1904,3,2026-06-11,2026-10-19,1240000,فعال
2002,1905,1,2025-09-22,2026-07-28,86180000,فعال
2003,1906,3,2025-07-09,2025-12-11,17150000,تکمیل‌شده
2004,1906,2,2026-05-26,2026-08-01,5340000,معلق
2005,1907,1,2025-07-20,2026-07-30,34520000,فعال
2006,1908,7,2025-07-08,2026-10-19,23010000,فعال
2007,1909,3,2025-07-19,2026-03-02,25550000,تکمیل‌شده
2008,1910,1,2026-04-23,2026-12-14,6330000,فعال
2009,1911,1,2025-09-06,2026-07-19,9850000,لغو
2010,1912,7,2026-04-05,2026-10-01,8050000,فعال
2011,1913,1,2025-07-08,2026-09-13,26310000,فعال
2012,1914,2,2025-07-24,2026-11-07,35490000,فعال
2013,1915,3,2026-01-06,2026-12-08,12940000,فعال
2014,1916,2,2025-10-07,2026-09-01,5770000,فعال
2015,1917,2,2026-03-16,2026-10-27,4590000,فعال
2016,1918,1,2026-01-08,2026-10-28,78110000,فعال
2017,1923,2,2025-08-25,2026-08-10,49660000,فعال
2018,1924,1,2026-04-28,2026-11-10,31210000,فعال
2019,1925,2,2025-07-19,2026-03-05,9750000,تکمیل‌شده
2020,1926,1,2025-07-07,2026-09-23,118590000,فعال
2021,1927,2,2026-03-04,2026-03-04,200000,تکمیل‌شده
2022,1928,2,2025-10-20,2026-09-14,21640000,فعال
2023,1929,1,2025-08-05,2026-05-17,27400000,تکمیل‌شده
2024,1930,3,2026-03-29,2026-11-01,9370000,فعال
2025,1931,3,2025-10-20,2026-10-12,24680000,فعال
2026,1932,3,2025-10-15,2025-12-06,13350000,تکمیل‌شده
2027,1932,2,2026-05-20,2026-05-20,650000,تکمیل‌شده
2028,1933,3,2026-06-21,2026-11-03,6510000,فعال
2029,1934,1,2026-07-16,2026-12-12,18300000,فعال
2030,1935,1,2026-07-08,2026-11-16,17670000,فعال
2031,1936,1,2025-10-29,2026-09-22,160510000,فعال
2032,1937,2,2026-07-11,2026-10-19,1610000,فعال
2033,1938,2,2025-09-06,2026-09-28,37850000,فعال
2034,1939,3,2025-07-05,2026-08-30,115400000,فعال
2035,1941,3,2026-03-25,2026-08-22,38450000,فعال
2036,1942,1,2025-11-24,2026-09-10,24430000,فعال
2037,1943,7,2025-12-31,2026-02-25,7050000,تکمیل‌شده
2038,1943,2,2026-06-29,2026-10-29,1200000,فعال
2039,1944,1,2026-02-21,2026-03-25,6400000,تکمیل‌شده
2040,1945,3,2025-07-23,2026-12-19,38880000,فعال
2041,1946,1,2025-08-12,2025-08-27,7450000,تکمیل‌شده
2042,1946,1,2026-02-22,2026-11-25,26190000,فعال
2043,1947,3,2025-07-10,2026-07-29,59240000,فعال
2044,1948,3,2025-07-31,2025-08-11,10300000,تکمیل‌شده
2045,1948,2,2026-01-11,2026-10-09,12780000,فعال
2046,1949,3,2025-07-15,2026-03-12,52900000,تکمیل‌شده
2047,1949,1,2026-07-19,2026-09-26,1450000,فعال
2048,1950,1,2026-02-21,2026-11-13,8760000,معلق
2049,1951,3,2025-07-06,2026-04-25,26650000,تکمیل‌شده
2050,1952,1,2025-10-20,2026-05-21,10350000,تکمیل‌شده
2051,1953,2,2025-08-12,2026-08-16,28160000,فعال
2052,1954,1,2025-07-16,2026-10-20,25100000,فعال
2053,1955,1,2026-03-08,2026-09-03,10840000,فعال
2054,1956,7,2025-11-23,2026-10-26,30760000,فعال
2055,1957,1,2026-01-26,2026-01-26,1250000,تکمیل‌شده
2056,1957,3,2026-07-18,2026-10-28,880000,فعال
2057,1958,2,2025-09-29,2027-01-02,25820000,فعال
2058,1959,1,2025-07-06,2026-12-13,56180000,فعال
2059,1960,1,2026-05-18,2026-05-18,150000,تکمیل‌شده
2060,1961,1,2025-12-22,2026-08-26,26800000,فعال
2061,1962,7,2025-10-22,2026-05-04,14550000,تکمیل‌شده
2062,1963,2,2025-10-12,2026-07-27,15490000,فعال
2063,1964,7,2025-09-22,2026-01-03,16300000,تکمیل‌شده
2064,1964,7,2026-06-10,2026-10-19,880000,فعال
2065,1965,2,2025-07-08,2026-09-22,91750000,فعال
2066,1966,3,2025-09-02,2025-09-02,14000000,تکمیل‌شده
2067,1966,1,2026-03-02,2026-09-12,3090000,فعال
2068,1967,2,2025-09-13,2026-08-24,43530000,فعال
2069,1968,4,2025-12-21,2026-05-02,8450000,تکمیل‌شده
2070,1970,1,2026-02-28,2026-02-28,200000,تکمیل‌شده
2071,1970,1,2026-07-07,2026-11-03,810000,فعال
2072,1971,1,2025-07-16,2026-03-10,9850000,تکمیل‌شده
2073,1971,3,2026-07-25,2026-09-02,5030000,فعال
2074,1972,1,2026-05-31,2026-09-25,12390000,فعال
2075,1973,7,2025-09-16,2026-10-02,21180000,فعال
2076,1974,1,2026-07-11,2026-08-12,91250000,فعال
2077,1975,1,2025-08-07,2026-09-25,52470000,فعال
2078,1976,3,2025-07-09,2026-01-21,19700000,تکمیل‌شده
2079,1976,7,2026-07-13,2026-10-11,2920000,فعال
2080,1978,7,2026-05-03,2026-10-16,16960000,فعال
2081,1979,1,2025-07-05,2026-10-28,153690000,فعال
2082,1980,1,2025-08-23,2026-12-07,20080000,فعال
2083,1981,2,2025-12-02,2026-04-04,4300000,تکمیل‌شده
2084,1982,2,2025-07-29,2026-12-03,56140000,معلق
2085,1983,1,2025-08-21,2026-09-15,14020000,فعال
2086,1984,7,2025-10-12,2026-09-13,14450000,فعال
2087,1985,7,2025-08-03,2026-02-07,9400000,لغو
2088,1985,1,2026-07-19,2026-11-09,2230000,فعال
2089,1986,7,2025-10-13,2026-11-02,56560000,فعال
2090,1987,1,2025-07-07,2026-02-28,31000000,تکمیل‌شده
2091,1987,1,2026-06-30,2026-11-07,1080000,فعال
2092,1988,1,2025-07-28,2025-09-20,5100000,لغو
2093,1988,2,2026-02-08,2026-11-11,7210000,فعال
2094,1989,2,2025-07-10,2025-08-12,6000000,تکمیل‌شده
2095,1989,2,2026-02-03,2026-09-23,14870000,فعال
2096,1990,2,2025-07-24,2026-08-10,169430000,فعال
2097,1991,3,2026-01-06,2026-11-21,3560000,فعال
2098,1992,1,2025-08-16,2025-11-30,22750000,تکمیل‌شده
2099,1992,2,2026-04-22,2026-11-27,15910000,فعال
2100,1993,4,2025-07-06,2026-03-22,93300000,تکمیل‌شده
2101,1994,3,2025-09-06,2026-02-16,32200000,تکمیل‌شده
2102,1997,1,2026-03-09,2026-09-10,3820000,فعال
2103,1998,1,2025-07-06,2026-05-18,17300000,تکمیل‌شده
2104,2000,2,2025-08-17,2025-10-21,10050000,تکمیل‌شده
2105,2000,3,2026-03-23,2026-03-23,150000,تکمیل‌شده
2106,2000,1,2026-07-26,2026-11-19,4710000,فعال
