usage_id,consumable_id,session_id,quantity_used,usage_date
1,10,1,4.36,2026-05-06 09:00:00
2,6,1,4.41,2026-05-06 09:00:00
3,24,2,2.02,2026-06-03 10:00:00
4,19,3,2.69,2026-07-07 08:30:00
5,30,4,3.18,2025-12-06 14:00:00
6,29,4,1.55,2025-12-06 14:00:00
7,28,4,4.47,2025-12-06 14:00:00
8,16,5,4.84,2026-01-17 14:00:00
9,20,6,4.63,2026-02-09 17:30:00
10,18,7,0.51,2026-03-14 17:00:00
11,13,7,1.63,2026-03-14 17:00:00
12,1,8,2.60,2026-04-06 09:00:00
13,29,8,3.39,2026-04-06 09:00:00
14,9,9,3.58,2026-05-17 10:30:00
15,29,10,1.50,2026-06-17 08:00:00
16,2,10,2.90,2026-06-17 08:00:00
17,12,10,5.41,2026-06-17 08:00:00
18,7,10,5.38,2026-06-17 08:00:00
19,16,11,3.18,2026-07-12 10:30:00
20,28,12,3.10,2026-01-31 16:00:00
21,5,12,5.95,2026-01-31 16:00:00
22,26,13,3.42,2026-02-12 11:00:00
23,15,13,2.93,2026-02-12 11:00:00
24,10,13,5.79,2026-02-12 11:00:00
25,27,13,5.22,2026-02-12 11:00:00
26,7,14,3.81,2026-03-18 14:00:00
27,11,14,3.80,2026-03-18 14:00:00
28,25,15,1.73,2026-04-07 17:00:00
29,18,16,3.88,2026-04-18 10:00:00
30,11,17,0.93,2026-05-11 17:00:00
31,20,18,1.97,2026-06-02 19:30:00
32,29,19,3.23,2026-03-14 12:30:00
33,30,19,1.37,2026-03-14 12:30:00
34,28,20,2.71,2026-04-01 17:30:00
35,29,20,4.09,2026-04-01 17:30:00
36,9,21,0.72,2026-04-28 14:00:00
37,29,21,5.31,2026-04-28 14:00:00
38,7,21,3.15,2026-04-28 14:00:00
39,5,22,4.02,2026-05-25 11:30:00
40,28,23,0.86,2026-04-27 15:00:00
41,30,24,0.80,2026-05-17 09:00:00
42,8,25,0.73,2026-06-09 13:00:00
43,9,25,1.87,2026-06-09 13:00:00
44,16,26,2.12,2026-06-21 14:00:00
45,6,26,2.43,2026-06-21 14:00:00
46,29,27,3.89,2025-09-20 14:00:00
47,30,27,1.45,2025-09-20 14:00:00
48,5,28,1.12,2025-10-16 19:00:00
49,28,28,4.86,2025-10-16 19:00:00
50,29,29,4.31,2025-11-08 12:30:00
51,28,30,1.72,2025-12-03 13:30:00
52,11,31,0.80,2025-12-22 15:00:00
53,11,32,1.63,2026-01-14 12:00:00
54,3,33,5.63,2026-02-02 08:00:00
55,12,33,2.09,2026-02-02 08:00:00
56,15,34,2.19,2026-02-28 19:00:00
57,7,35,4.89,2026-03-26 19:00:00
58,3,36,3.17,2026-04-16 16:30:00
59,26,36,2.61,2026-04-16 16:30:00
60,16,37,3.39,2026-05-05 11:30:00
61,27,37,5.16,2026-05-05 11:30:00
62,19,37,2.75,2026-05-05 11:30:00
63,28,38,4.74,2026-05-24 11:00:00
64,27,38,0.52,2026-05-24 11:00:00
65,16,38,4.82,2026-05-24 11:00:00
66,2,38,3.89,2026-05-24 11:00:00
67,2,39,2.86,2026-06-20 15:30:00
68,15,40,4.60,2026-07-13 11:30:00
69,5,40,3.01,2026-07-13 11:30:00
70,30,41,2.79,2025-10-07 08:30:00
71,28,41,2.43,2025-10-07 08:30:00
72,28,42,2.11,2025-11-03 11:00:00
73,3,43,4.05,2025-11-29 10:00:00
74,25,44,4.69,2025-12-23 19:00:00
75,1,44,1.38,2025-12-23 19:00:00
76,26,44,0.66,2025-12-23 19:00:00
77,14,45,1.62,2026-01-15 12:00:00
78,3,45,5.00,2026-01-15 12:00:00
79,9,46,1.65,2026-02-07 17:30:00
80,20,47,2.92,2026-03-02 12:00:00
81,12,47,3.38,2026-03-02 12:00:00
82,6,48,0.69,2026-03-29 11:30:00
83,13,48,0.83,2026-03-29 11:30:00
84,23,49,4.52,2026-04-23 16:00:00
85,16,50,5.35,2026-05-16 16:00:00
86,6,50,3.18,2026-05-16 16:00:00
87,26,51,5.27,2026-06-10 13:00:00
88,11,52,3.66,2026-07-07 17:00:00
89,1,52,1.29,2026-07-07 17:00:00
90,6,53,3.51,2026-05-14 14:30:00
91,1,54,4.20,2026-06-06 12:00:00
92,4,54,0.97,2026-06-06 12:00:00
93,17,55,0.72,2026-07-07 15:30:00
94,2,55,5.47,2026-07-07 15:30:00
95,19,55,3.67,2026-07-07 15:30:00
96,29,56,0.89,2026-03-21 11:00:00
97,23,57,5.59,2026-04-11 12:30:00
98,29,57,4.65,2026-04-11 12:30:00
99,2,58,2.12,2026-05-02 16:30:00
100,4,58,2.01,2026-05-02 16:30:00
101,9,59,2.82,2026-06-03 11:00:00
102,3,59,1.95,2026-06-03 11:00:00
103,19,60,3.62,2026-06-18 11:00:00
104,26,61,3.91,2026-07-04 09:00:00
105,4,61,3.14,2026-07-04 09:00:00
106,10,62,5.28,2026-03-12 08:00:00
107,29,62,5.43,2026-03-12 08:00:00
108,18,63,3.95,2026-04-26 17:00:00
109,13,63,4.00,2026-04-26 17:00:00
110,16,63,5.22,2026-04-26 17:00:00
111,5,64,5.50,2026-05-12 12:30:00
112,3,65,1.88,2026-06-15 10:30:00
113,10,66,4.47,2026-06-29 16:30:00
114,30,67,1.93,2025-10-15 13:30:00
115,29,67,1.22,2025-10-15 13:30:00
116,29,68,2.01,2025-12-08 12:00:00
117,5,68,1.50,2025-12-08 12:00:00
118,28,69,5.94,2026-02-07 09:30:00
119,6,69,0.77,2026-02-07 09:30:00
120,9,70,0.56,2026-03-21 14:30:00
121,29,71,3.93,2026-05-17 15:30:00
122,3,72,4.00,2026-07-04 08:30:00
123,6,73,1.24,2026-04-20 19:00:00
124,28,74,5.53,2026-05-10 17:30:00
125,5,75,2.57,2026-05-27 14:30:00
126,7,76,2.04,2026-06-25 13:30:00
127,10,76,1.85,2026-06-25 13:30:00
128,5,77,2.82,2026-02-07 13:00:00
129,10,77,4.48,2026-02-07 13:00:00
130,6,77,3.67,2026-02-07 13:00:00
131,6,78,0.91,2026-03-05 19:30:00
132,27,79,2.25,2026-04-08 13:00:00
133,28,80,1.40,2026-05-09 17:30:00
134,23,81,0.72,2026-05-27 17:30:00
135,29,82,3.03,2026-05-21 15:30:00
136,6,82,2.13,2026-05-21 15:30:00
137,29,83,5.71,2026-06-06 19:30:00
138,5,83,2.04,2026-06-06 19:30:00
139,7,84,3.84,2026-06-20 18:30:00
140,1,84,3.12,2026-06-20 18:30:00
141,10,85,4.17,2026-04-20 08:00:00
142,5,86,4.81,2026-05-05 09:00:00
143,18,87,1.94,2026-05-16 18:30:00
144,5,88,2.32,2026-06-09 15:30:00
145,18,89,1.28,2026-06-18 11:00:00
146,10,89,5.39,2026-06-18 11:00:00
147,26,89,5.83,2026-06-18 11:00:00
148,18,90,4.32,2026-07-02 17:00:00
149,4,90,3.80,2026-07-02 17:00:00
150,5,91,4.61,2026-01-26 19:30:00
151,28,91,0.93,2026-01-26 19:30:00
152,20,92,3.71,2026-02-18 17:00:00
153,23,92,3.38,2026-02-18 17:00:00
154,18,93,5.94,2026-03-12 18:00:00
155,14,93,5.25,2026-03-12 18:00:00
156,10,93,4.96,2026-03-12 18:00:00
157,14,94,5.32,2026-03-24 09:30:00
158,9,94,4.15,2026-03-24 09:30:00
159,15,94,1.45,2026-03-24 09:30:00
160,7,95,3.51,2026-04-18 15:30:00
161,9,96,0.73,2026-05-23 15:30:00
162,23,96,1.33,2026-05-23 15:30:00
163,11,96,3.54,2026-05-23 15:30:00
164,23,97,1.82,2026-06-25 15:30:00
165,28,98,4.61,2025-09-06 16:00:00
166,6,98,1.87,2025-09-06 16:00:00
167,10,98,0.90,2025-09-06 16:00:00
168,5,98,4.81,2025-09-06 16:00:00
169,29,99,1.41,2025-10-02 12:30:00
170,16,100,2.42,2025-10-27 19:00:00
171,11,100,1.64,2025-10-27 19:00:00
172,4,101,2.46,2025-11-22 08:00:00
173,10,101,1.51,2025-11-22 08:00:00
174,26,102,3.45,2025-12-17 17:30:00
175,28,102,3.46,2025-12-17 17:30:00
176,3,102,2.12,2025-12-17 17:30:00
177,13,102,5.67,2025-12-17 17:30:00
178,7,103,0.79,2026-01-07 20:00:00
179,6,103,5.73,2026-01-07 20:00:00
180,14,104,3.88,2026-01-28 15:30:00
181,18,105,1.47,2026-02-24 09:30:00
182,11,105,0.61,2026-02-24 09:30:00
183,2,106,1.37,2026-03-21 11:00:00
184,14,106,1.02,2026-03-21 11:00:00
185,28,107,4.30,2026-04-15 09:00:00
186,9,107,2.47,2026-04-15 09:00:00
187,7,107,2.94,2026-04-15 09:00:00
188,12,108,2.68,2026-05-11 18:00:00
189,2,108,5.43,2026-05-11 18:00:00
190,24,108,3.67,2026-05-11 18:00:00
191,3,108,4.90,2026-05-11 18:00:00
192,20,109,4.50,2026-06-06 10:30:00
193,9,109,4.84,2026-06-06 10:30:00
194,26,109,2.68,2026-06-06 10:30:00
195,27,110,1.43,2026-07-04 11:00:00
196,12,110,2.17,2026-07-04 11:00:00
197,24,110,4.21,2026-07-04 11:00:00
198,23,110,0.58,2026-07-04 11:00:00
199,28,111,5.40,2026-05-12 12:00:00
200,6,112,0.92,2026-06-03 19:30:00
201,23,113,3.29,2026-06-10 16:30:00
202,5,113,3.08,2026-06-10 16:30:00
203,29,114,5.70,2026-07-05 12:30:00
204,17,114,4.75,2026-07-05 12:30:00
205,15,115,5.68,2026-07-12 12:00:00
206,28,116,5.84,2026-07-20 10:30:00
207,10,117,5.64,2026-04-14 18:30:00
208,5,117,3.92,2026-04-14 18:30:00
209,29,118,0.86,2026-05-02 15:30:00
210,28,118,3.24,2026-05-02 15:30:00
211,27,119,4.39,2026-05-16 16:30:00
212,11,119,5.66,2026-05-16 16:30:00
213,23,120,4.88,2026-06-02 10:00:00
214,12,120,4.33,2026-06-02 10:00:00
215,10,121,0.62,2026-02-21 13:30:00
216,13,122,5.99,2026-03-24 17:30:00
217,14,122,5.46,2026-03-24 17:30:00
218,1,123,2.50,2026-04-21 10:00:00
219,28,124,5.08,2026-05-23 19:00:00
220,24,125,4.52,2026-06-27 11:30:00
221,10,126,5.88,2026-07-11 17:30:00
222,28,127,5.30,2026-01-06 18:30:00
223,23,128,3.27,2026-02-10 10:00:00
224,6,128,2.57,2026-02-10 10:00:00
225,16,129,0.68,2026-03-11 15:00:00
226,29,130,2.81,2026-03-28 09:00:00
227,14,130,4.31,2026-03-28 09:00:00
228,5,130,1.58,2026-03-28 09:00:00
229,13,131,1.03,2026-04-21 08:00:00
230,14,131,1.86,2026-04-21 08:00:00
231,2,131,3.62,2026-04-21 08:00:00
232,25,132,2.89,2026-05-16 15:30:00
233,14,133,3.59,2026-06-09 12:30:00
234,16,133,5.94,2026-06-09 12:30:00
235,17,134,1.32,2026-06-30 11:00:00
236,11,134,2.07,2026-06-30 11:00:00
237,10,135,4.87,2026-04-06 19:00:00
238,10,136,5.72,2026-04-25 20:00:00
239,8,137,2.82,2026-05-13 20:00:00
240,10,137,4.50,2026-05-13 20:00:00
241,28,138,5.52,2026-06-13 19:00:00
242,5,138,1.08,2026-06-13 19:00:00
243,17,139,2.44,2026-07-08 16:30:00
244,19,140,2.70,2026-07-19 20:00:00
245,4,140,3.02,2026-07-19 20:00:00
246,23,140,4.88,2026-07-19 20:00:00
247,30,141,1.02,2026-04-07 15:00:00
248,10,141,1.55,2026-04-07 15:00:00
249,6,142,5.81,2026-05-03 08:30:00
250,10,142,5.68,2026-05-03 08:30:00
251,7,143,5.40,2026-06-07 10:30:00
252,21,143,5.76,2026-06-07 10:30:00
253,7,144,5.15,2026-06-22 09:00:00
254,30,145,5.81,2026-05-26 08:00:00
255,3,146,1.41,2026-06-06 14:00:00
256,26,147,1.14,2026-06-16 19:00:00
257,21,148,3.80,2026-07-09 18:00:00
258,27,148,3.95,2026-07-09 18:00:00
259,6,149,1.25,2025-09-22 13:00:00
260,29,149,5.81,2025-09-22 13:00:00
261,10,149,2.53,2025-09-22 13:00:00
262,5,150,4.93,2025-10-18 16:30:00
263,24,151,4.29,2025-11-11 11:00:00
264,16,152,4.75,2025-12-06 13:00:00
265,15,153,1.90,2026-01-01 16:00:00
266,3,154,1.54,2026-01-28 08:30:00
267,16,154,1.19,2026-01-28 08:30:00
268,9,155,2.68,2026-02-24 18:00:00
269,18,156,2.33,2026-03-21 20:00:00
270,13,156,2.77,2026-03-21 20:00:00
271,4,156,5.28,2026-03-21 20:00:00
272,26,156,4.19,2026-03-21 20:00:00
273,1,157,2.02,2026-04-12 19:30:00
274,4,157,4.22,2026-04-12 19:30:00
275,2,157,4.88,2026-04-12 19:30:00
276,24,158,1.28,2026-05-04 09:00:00
277,2,159,1.98,2026-05-28 08:30:00
278,10,160,3.24,2026-05-26 08:30:00
279,30,161,3.49,2026-06-06 18:00:00
280,7,162,3.39,2026-07-01 15:30:00
281,25,163,3.51,2026-07-18 18:30:00
282,10,164,0.80,2026-01-25 17:00:00
283,29,164,5.12,2026-01-25 17:00:00
284,6,165,1.75,2026-02-26 09:30:00
285,8,166,0.90,2026-03-24 12:30:00
286,6,166,2.50,2026-03-24 12:30:00
287,7,166,3.75,2026-03-24 12:30:00
288,29,167,3.83,2026-04-13 15:30:00
289,3,168,0.87,2026-05-23 17:00:00
290,19,168,4.13,2026-05-23 17:00:00
291,15,169,4.41,2026-07-22 13:30:00
292,6,170,3.20,2026-02-25 10:30:00
293,10,171,1.38,2026-03-17 13:00:00
294,7,172,0.90,2026-04-26 15:30:00
295,10,173,2.30,2026-05-26 18:30:00
296,7,173,4.54,2026-05-26 18:30:00
297,5,173,0.81,2026-05-26 18:30:00
298,6,174,5.11,2026-06-22 16:00:00
299,28,174,2.52,2026-06-22 16:00:00
300,4,175,4.03,2026-07-14 14:00:00
301,6,176,3.26,2026-05-24 08:30:00
302,28,177,0.70,2026-06-06 11:30:00
303,13,178,4.44,2026-06-24 18:30:00
304,6,179,1.89,2026-07-05 18:00:00
305,10,180,5.94,2025-10-15 10:30:00
306,28,181,2.98,2025-11-09 18:00:00
307,27,182,5.21,2025-12-06 10:00:00
308,21,182,4.27,2025-12-06 10:00:00
309,3,183,3.56,2025-12-28 18:30:00
310,12,184,3.49,2026-01-22 09:00:00
311,10,184,4.37,2026-01-22 09:00:00
312,9,184,3.98,2026-01-22 09:00:00
313,24,185,2.43,2026-02-15 20:00:00
314,1,186,2.09,2026-03-14 12:00:00
315,17,186,1.52,2026-03-14 12:00:00
316,26,187,3.73,2026-04-11 19:30:00
317,10,188,1.00,2026-05-04 08:30:00
318,19,189,2.81,2026-05-31 09:30:00
319,20,189,1.21,2026-05-31 09:30:00
320,15,190,4.42,2026-06-22 12:30:00
321,14,191,4.10,2026-07-14 19:00:00
322,9,191,2.97,2026-07-14 19:00:00
323,1,191,1.71,2026-07-14 19:00:00
324,6,192,3.50,2026-01-24 18:30:00
325,29,192,4.36,2026-01-24 18:30:00
326,10,192,0.61,2026-01-24 18:30:00
327,12,193,2.60,2026-02-25 16:30:00
328,14,194,1.13,2026-03-19 18:30:00
329,9,195,5.67,2026-04-04 18:30:00
330,24,196,1.53,2026-04-15 19:00:00
331,4,196,3.36,2026-04-15 19:00:00
332,29,196,2.17,2026-04-15 19:00:00
333,6,197,0.79,2026-05-10 18:00:00
334,14,197,1.67,2026-05-10 18:00:00
335,5,198,1.51,2026-05-20 17:00:00
336,20,198,2.65,2026-05-20 17:00:00
337,10,199,3.68,2026-06-03 19:00:00
338,20,199,4.05,2026-06-03 19:00:00
339,6,199,5.24,2026-06-03 19:00:00
340,16,200,1.40,2026-06-30 08:00:00
341,13,200,5.71,2026-06-30 08:00:00
342,29,201,2.87,2025-10-19 18:30:00
343,28,202,5.35,2025-11-15 09:00:00
344,5,202,0.83,2025-11-15 09:00:00
345,10,202,3.42,2025-11-15 09:00:00
346,30,202,3.51,2025-11-15 09:00:00
347,1,203,5.32,2025-12-09 09:30:00
348,7,203,5.18,2025-12-09 09:30:00
349,17,204,1.70,2026-01-04 15:00:00
350,7,205,2.26,2026-01-28 18:30:00
351,15,205,4.44,2026-01-28 18:30:00
352,13,206,2.06,2026-02-22 14:30:00
353,21,206,2.84,2026-02-22 14:30:00
354,15,207,0.75,2026-03-21 12:00:00
355,7,208,4.82,2026-04-18 08:30:00
356,28,209,5.78,2026-05-09 17:30:00
357,10,209,5.67,2026-05-09 17:30:00
358,2,209,5.81,2026-05-09 17:30:00
359,21,209,4.28,2026-05-09 17:30:00
360,23,210,0.71,2026-06-06 13:00:00
361,11,210,2.60,2026-06-06 13:00:00
362,24,211,3.34,2026-07-02 18:00:00
363,5,212,1.78,2026-04-06 12:00:00
364,29,212,1.58,2026-04-06 12:00:00
365,6,212,2.42,2026-04-06 12:00:00
366,24,213,1.83,2026-04-30 13:00:00
367,23,213,4.20,2026-04-30 13:00:00
368,2,214,2.32,2026-05-21 14:00:00
369,19,214,3.97,2026-05-21 14:00:00
370,11,215,0.54,2026-06-14 18:30:00
371,9,216,3.24,2026-07-14 20:00:00
372,17,216,2.75,2026-07-14 20:00:00
373,10,217,3.47,2025-12-04 17:00:00
374,1,218,1.76,2026-01-08 13:30:00
375,23,218,2.57,2026-01-08 13:30:00
376,14,219,2.23,2026-02-14 12:00:00
377,28,220,3.43,2026-03-16 17:30:00
378,10,221,4.05,2026-04-08 16:00:00
379,6,221,2.83,2026-04-08 16:00:00
380,23,222,4.32,2026-05-16 09:00:00
381,24,223,0.94,2026-06-01 13:30:00
382,10,224,2.34,2026-07-14 20:00:00
383,9,224,0.80,2026-07-14 20:00:00
384,19,224,1.17,2026-07-14 20:00:00
385,30,225,5.28,2025-11-19 16:30:00
386,29,225,0.92,2025-11-19 16:30:00
387,27,226,2.95,2025-12-28 13:00:00
388,24,226,0.77,2025-12-28 13:00:00
389,7,227,4.52,2026-02-01 09:00:00
390,23,228,5.23,2026-02-25 08:00:00
391,7,228,4.32,2026-02-25 08:00:00
392,3,229,3.53,2026-04-09 15:30:00
393,7,230,3.09,2026-05-03 13:30:00
394,2,231,1.86,2026-06-06 10:00:00
395,17,232,2.14,2026-07-12 12:00:00
396,6,233,3.06,2026-03-14 16:00:00
397,6,234,4.27,2026-04-04 14:00:00
398,6,235,3.83,2026-04-16 17:00:00
399,1,235,2.72,2026-04-16 17:00:00
400,29,236,4.48,2026-05-14 20:00:00
401,2,237,5.70,2026-06-06 13:00:00
402,17,237,3.65,2026-06-06 13:00:00
403,18,238,4.95,2026-06-21 18:00:00
404,29,239,2.69,2026-03-28 09:30:00
405,6,239,1.51,2026-03-28 09:30:00
406,10,240,4.21,2026-04-14 09:00:00
407,5,240,1.86,2026-04-14 09:00:00
408,14,241,4.06,2026-04-28 16:30:00
409,19,241,5.66,2026-04-28 16:30:00
410,14,242,0.61,2026-05-21 13:30:00
411,9,243,4.71,2026-06-07 16:30:00
412,18,244,5.38,2026-06-24 11:00:00
413,5,245,1.74,2025-10-01 16:30:00
414,29,246,5.94,2025-10-29 17:30:00
415,12,247,4.88,2025-11-22 18:00:00
416,2,248,5.49,2025-12-13 19:00:00
417,13,248,1.99,2025-12-13 19:00:00
418,16,248,3.15,2025-12-13 19:00:00
419,7,248,4.91,2025-12-13 19:00:00
420,13,249,1.26,2026-01-08 18:00:00
421,1,249,2.98,2026-01-08 18:00:00
422,6,250,1.39,2026-02-02 16:30:00
423,29,250,1.79,2026-02-02 16:30:00
424,5,250,4.41,2026-02-02 16:30:00
425,11,251,0.59,2026-02-25 18:00:00
426,13,251,5.57,2026-02-25 18:00:00
427,19,251,5.99,2026-02-25 18:00:00
428,4,251,2.46,2026-02-25 18:00:00
429,18,252,5.27,2026-03-22 10:00:00
430,13,252,5.37,2026-03-22 10:00:00
431,6,252,1.79,2026-03-22 10:00:00
432,20,253,3.09,2026-04-15 19:00:00
433,10,253,3.29,2026-04-15 19:00:00
434,19,254,5.69,2026-05-10 08:30:00
435,19,255,3.00,2026-06-03 09:30:00
436,10,255,5.39,2026-06-03 09:30:00
437,30,256,3.68,2026-02-09 10:00:00
438,29,256,5.32,2026-02-09 10:00:00
439,14,257,5.18,2026-03-05 13:00:00
440,19,257,1.66,2026-03-05 13:00:00
441,26,257,5.54,2026-03-05 13:00:00
442,15,258,1.40,2026-04-04 16:00:00
443,15,259,5.31,2026-04-27 13:00:00
444,23,260,0.84,2026-05-20 16:00:00
445,17,261,2.74,2026-06-02 10:30:00
446,21,262,1.69,2026-06-28 09:00:00
447,28,263,4.90,2026-03-21 13:00:00
448,6,264,4.71,2026-04-09 18:00:00
449,7,265,5.90,2026-05-04 14:30:00
450,1,266,5.43,2026-05-16 09:00:00
451,6,266,0.54,2026-05-16 09:00:00
452,10,266,4.77,2026-05-16 09:00:00
453,25,267,5.50,2026-06-13 12:30:00
454,10,267,4.42,2026-06-13 12:30:00
455,18,267,2.55,2026-06-13 12:30:00
456,10,268,4.51,2026-04-21 18:00:00
457,30,268,5.27,2026-04-21 18:00:00
458,10,269,1.06,2026-05-21 16:30:00
459,21,269,3.28,2026-05-21 16:30:00
460,4,269,4.74,2026-05-21 16:30:00
461,15,270,0.75,2026-06-23 16:00:00
462,18,270,0.51,2026-06-23 16:00:00
463,25,270,4.01,2026-06-23 16:00:00
464,7,270,2.44,2026-06-23 16:00:00
465,26,271,5.18,2026-07-11 15:00:00
466,13,271,1.62,2026-07-11 15:00:00
467,5,272,3.61,2026-01-10 18:00:00
468,6,273,1.27,2026-03-11 11:30:00
469,29,273,4.90,2026-03-11 11:30:00
470,7,274,0.67,2026-04-09 11:00:00
471,6,275,3.79,2026-05-07 19:00:00
472,11,276,5.82,2026-06-27 15:00:00
473,19,276,3.88,2026-06-27 15:00:00
474,20,276,0.73,2026-06-27 15:00:00
475,29,277,5.30,2026-03-19 13:30:00
476,10,277,5.15,2026-03-19 13:30:00
477,26,278,2.65,2026-04-12 13:00:00
478,20,279,1.07,2026-04-26 18:30:00
479,7,279,5.45,2026-04-26 18:30:00
480,27,280,1.85,2026-05-12 09:30:00
481,21,281,0.60,2026-06-03 20:00:00
482,1,282,4.17,2026-07-08 14:00:00
483,29,282,5.42,2026-07-08 14:00:00
484,23,282,0.96,2026-07-08 14:00:00
485,4,283,3.72,2026-07-21 12:30:00
486,24,283,3.08,2026-07-21 12:30:00
487,28,284,2.42,2026-02-21 14:00:00
488,16,285,1.12,2026-03-17 12:30:00
489,21,286,4.39,2026-04-13 09:00:00
490,10,287,5.56,2026-05-09 14:00:00
491,29,288,4.06,2026-05-23 15:30:00
492,29,289,3.60,2026-06-11 14:30:00
493,20,289,0.96,2026-06-11 14:30:00
494,10,289,5.97,2026-06-11 14:30:00
495,5,289,2.23,2026-06-11 14:30:00
496,27,289,3.78,2026-06-11 14:30:00
497,7,290,4.36,2026-07-15 16:00:00
498,5,291,1.18,2026-02-09 10:00:00
499,29,292,4.95,2026-02-26 10:30:00
500,10,293,4.87,2026-03-21 20:00:00
501,3,294,3.29,2026-04-04 10:30:00
502,5,294,4.97,2026-04-04 10:30:00
503,26,295,5.08,2026-04-26 17:30:00
504,12,295,1.70,2026-04-26 17:30:00
505,24,296,3.04,2026-05-19 15:30:00
506,23,297,2.77,2026-06-01 17:30:00
507,5,297,3.14,2026-06-01 17:30:00
508,28,298,2.01,2026-04-07 10:30:00
509,6,298,0.74,2026-04-07 10:30:00
510,29,299,1.58,2026-04-28 12:30:00
511,12,300,2.11,2026-05-10 13:00:00
512,27,301,5.96,2026-05-23 08:00:00
513,10,301,3.21,2026-05-23 08:00:00
514,29,302,2.39,2026-06-10 16:30:00
515,30,303,4.77,2026-04-07 08:00:00
516,10,304,3.21,2026-04-22 13:30:00
517,6,304,2.68,2026-04-22 13:30:00
518,9,305,2.43,2026-05-21 13:00:00
519,8,305,3.75,2026-05-21 13:00:00
520,9,306,3.77,2026-06-15 16:00:00
521,26,307,4.88,2026-07-02 18:00:00
522,3,307,5.29,2026-07-02 18:00:00
523,4,307,3.93,2026-07-02 18:00:00
524,10,307,5.40,2026-07-02 18:00:00
525,30,308,2.50,2026-04-09 13:30:00
526,29,308,0.53,2026-04-09 13:30:00
527,5,309,0.79,2026-04-19 18:30:00
528,2,310,5.39,2026-05-09 15:30:00
529,5,311,3.54,2026-05-23 14:00:00
530,13,311,2.61,2026-05-23 14:00:00
531,15,312,1.96,2026-06-17 09:30:00
532,28,313,1.32,2025-12-07 15:00:00
533,5,313,3.02,2025-12-07 15:00:00
534,6,313,0.55,2025-12-07 15:00:00
535,25,314,2.78,2025-12-24 10:30:00
536,11,315,4.18,2026-01-08 12:30:00
537,5,316,4.34,2026-02-14 13:30:00
538,21,316,4.17,2026-02-14 13:30:00
539,25,317,4.81,2026-03-07 10:30:00
540,18,317,2.08,2026-03-07 10:30:00
541,29,317,4.89,2026-03-07 10:30:00
542,28,318,4.13,2026-04-11 14:00:00
543,19,318,2.13,2026-04-11 14:00:00
544,10,318,5.14,2026-04-11 14:00:00
545,3,319,2.68,2026-05-23 16:00:00
546,29,319,1.20,2026-05-23 16:00:00
547,18,320,0.80,2026-07-04 16:30:00
548,28,321,4.78,2025-11-27 12:00:00
549,6,321,5.48,2025-11-27 12:00:00
550,30,322,5.58,2026-01-24 16:00:00
551,7,323,2.30,2026-02-19 18:00:00
552,1,323,1.27,2026-02-19 18:00:00
553,5,323,5.79,2026-02-19 18:00:00
554,1,324,5.65,2026-03-31 16:00:00
555,7,324,3.93,2026-03-31 16:00:00
556,29,325,3.80,2026-05-24 17:30:00
557,22,325,5.33,2026-05-24 17:30:00
558,10,326,3.80,2026-07-04 16:00:00
559,2,326,1.29,2026-07-04 16:00:00
560,29,327,5.65,2026-03-21 08:00:00
561,10,327,3.53,2026-03-21 08:00:00
562,28,327,5.55,2026-03-21 08:00:00
563,21,328,1.85,2026-04-09 08:30:00
564,12,328,1.53,2026-04-09 08:30:00
565,27,329,0.77,2026-04-25 18:00:00
566,1,330,3.52,2026-05-05 09:30:00
567,15,330,1.34,2026-05-05 09:30:00
568,4,331,2.70,2026-05-16 19:00:00
569,13,332,3.84,2026-05-26 20:00:00
570,6,333,3.23,2025-10-07 17:00:00
571,30,333,5.69,2025-10-07 17:00:00
572,28,334,2.27,2025-11-17 13:30:00
573,30,334,2.73,2025-11-17 13:30:00
574,7,335,3.96,2026-01-17 10:30:00
575,10,335,0.87,2026-01-17 10:30:00
576,28,336,5.04,2026-02-22 17:30:00
577,29,337,5.12,2026-04-21 19:00:00
578,3,338,3.73,2026-05-30 19:30:00
579,5,338,5.62,2026-05-30 19:30:00
580,28,339,1.06,2026-01-31 18:00:00
581,25,340,2.34,2026-02-21 19:30:00
582,27,341,3.80,2026-03-25 19:30:00
583,24,341,3.90,2026-03-25 19:30:00
584,10,342,0.55,2026-04-16 12:30:00
585,23,343,4.47,2026-05-20 18:30:00
586,14,344,1.80,2026-06-11 17:00:00
587,6,345,2.55,2026-05-09 16:00:00
588,10,345,3.52,2026-05-09 16:00:00
589,5,346,5.23,2026-06-02 12:30:00
590,27,347,3.58,2026-06-10 10:00:00
591,11,348,3.64,2026-06-22 17:30:00
592,26,348,1.15,2026-06-22 17:30:00
593,20,348,2.87,2026-06-22 17:30:00
594,25,348,0.98,2026-06-22 17:30:00
595,5,349,1.31,2026-04-13 11:30:00
596,10,350,3.46,2026-04-30 16:00:00
597,18,351,3.06,2026-06-07 19:00:00
598,13,351,2.28,2026-06-07 19:00:00
599,27,352,1.27,2026-07-04 08:00:00
600,5,353,3.44,2026-03-22 09:30:00
601,5,354,2.63,2026-04-20 18:00:00
602,29,354,1.03,2026-04-20 18:00:00
603,13,355,4.53,2026-05-04 16:00:00
604,23,355,5.87,2026-05-04 16:00:00
605,4,356,5.73,2026-06-03 19:00:00
606,25,357,1.94,2026-07-06 16:30:00
607,10,358,3.06,2026-03-14 11:30:00
608,28,359,1.92,2026-04-06 13:30:00
609,9,360,1.76,2026-05-09 09:00:00
610,11,360,1.02,2026-05-09 09:00:00
611,5,361,1.58,2026-06-03 12:00:00
612,27,362,1.25,2026-06-14 11:30:00
613,5,363,2.53,2026-07-04 13:00:00
614,4,363,5.13,2026-07-04 13:00:00
615,28,364,5.78,2026-01-20 10:00:00
616,4,365,2.53,2026-02-24 12:00:00
617,9,365,1.25,2026-02-24 12:00:00
618,10,366,5.50,2026-04-02 16:30:00
619,12,366,5.85,2026-04-02 16:30:00
620,20,366,3.68,2026-04-02 16:30:00
621,3,366,5.87,2026-04-02 16:30:00
622,2,367,3.74,2026-04-18 17:00:00
623,11,367,4.96,2026-04-18 17:00:00
624,3,368,4.02,2026-05-26 13:30:00
625,16,369,3.25,2026-06-30 19:30:00
626,10,370,3.56,2026-04-28 09:00:00
627,6,370,3.87,2026-04-28 09:00:00
628,26,371,4.10,2026-05-28 13:00:00
629,18,372,3.19,2026-06-08 15:00:00
630,15,373,2.24,2026-07-04 18:00:00
631,29,373,2.27,2026-07-04 18:00:00
632,29,374,1.14,2026-01-31 08:30:00
633,10,374,1.87,2026-01-31 08:30:00
634,28,374,1.11,2026-01-31 08:30:00
635,21,375,4.87,2026-03-05 14:00:00
636,24,375,4.32,2026-03-05 14:00:00
637,3,376,5.63,2026-03-26 08:30:00
638,11,377,3.12,2026-04-09 18:30:00
639,14,378,1.68,2026-05-17 09:30:00
640,14,379,4.90,2026-06-25 20:00:00
641,12,379,0.56,2026-06-25 20:00:00
642,6,380,4.12,2026-01-26 18:30:00
643,15,381,5.52,2026-02-25 11:00:00
644,3,381,3.27,2026-02-25 11:00:00
645,2,382,2.68,2026-03-23 08:00:00
646,9,383,3.27,2026-04-27 13:30:00
647,29,384,5.43,2026-05-26 17:30:00
648,25,384,3.70,2026-05-26 17:30:00
649,14,384,1.72,2026-05-26 17:30:00
650,15,385,5.02,2026-06-16 15:00:00
651,21,385,1.21,2026-06-16 15:00:00
652,29,386,3.24,2026-04-16 19:00:00
653,5,386,1.29,2026-04-16 19:00:00
654,6,387,3.90,2026-05-07 08:00:00
655,23,388,1.13,2026-05-21 09:30:00
656,6,389,2.06,2026-05-31 14:00:00
657,25,389,5.76,2026-05-31 14:00:00
658,28,389,4.32,2026-05-31 14:00:00
659,23,390,3.81,2026-06-21 10:00:00
660,18,390,2.12,2026-06-21 10:00:00
661,2,391,2.56,2026-07-07 10:30:00
662,10,392,5.61,2026-02-28 14:30:00
663,24,393,4.10,2026-03-10 17:30:00
664,15,393,5.98,2026-03-10 17:30:00
665,2,393,5.74,2026-03-10 17:30:00
666,10,393,4.88,2026-03-10 17:30:00
667,15,394,3.17,2026-04-12 14:30:00
668,9,395,3.79,2026-05-13 09:00:00
669,9,396,2.99,2026-05-28 18:00:00
670,19,396,4.66,2026-05-28 18:00:00
671,30,397,5.56,2025-11-01 10:30:00
672,10,398,1.95,2025-11-30 20:00:00
673,5,399,1.57,2025-12-25 19:30:00
674,29,399,4.83,2025-12-25 19:30:00
675,7,400,1.58,2026-02-23 11:30:00
676,28,400,3.69,2026-02-23 11:30:00
677,3,401,3.04,2026-04-15 09:00:00
678,28,401,2.54,2026-04-15 09:00:00
679,16,402,4.56,2026-05-27 19:30:00
680,24,402,1.20,2026-05-27 19:30:00
681,5,403,2.99,2026-03-09 18:00:00
682,23,404,4.79,2026-04-08 19:00:00
683,2,404,0.51,2026-04-08 19:00:00
684,20,405,4.88,2026-04-22 13:00:00
685,12,405,2.29,2026-04-22 13:00:00
686,10,405,4.35,2026-04-22 13:00:00
687,2,405,1.64,2026-04-22 13:00:00
688,28,406,3.22,2026-05-25 10:30:00
689,19,406,1.54,2026-05-25 10:30:00
690,29,407,5.51,2025-08-16 08:00:00
691,6,407,4.84,2025-08-16 08:00:00
692,28,408,5.52,2025-09-27 14:00:00
693,9,409,1.37,2025-10-30 14:30:00
694,9,410,1.54,2025-12-06 17:30:00
695,20,411,5.44,2026-01-13 10:30:00
696,12,411,5.47,2026-01-13 10:30:00
697,7,412,0.59,2026-03-02 17:30:00
698,29,412,1.67,2026-03-02 17:30:00
699,3,413,3.98,2026-03-25 18:30:00
700,13,413,4.98,2026-03-25 18:30:00
701,9,413,4.67,2026-03-25 18:30:00
702,23,414,0.64,2026-05-05 17:30:00
703,4,414,1.08,2026-05-05 17:30:00
704,20,415,1.87,2026-06-08 10:30:00
705,16,415,4.82,2026-06-08 10:30:00
706,30,416,3.68,2026-01-28 14:30:00
707,28,416,2.56,2026-01-28 14:30:00
708,28,417,4.80,2026-02-17 10:30:00
709,29,418,5.51,2026-03-12 12:30:00
710,29,419,4.32,2026-04-30 10:30:00
711,5,420,2.27,2026-06-03 09:30:00
712,29,421,5.03,2026-05-18 14:00:00
713,6,421,2.69,2026-05-18 14:00:00
714,30,422,1.45,2026-06-08 20:00:00
715,6,422,5.70,2026-06-08 20:00:00
716,1,423,4.19,2026-06-16 15:00:00
717,13,423,2.41,2026-06-16 15:00:00
718,23,424,1.32,2026-06-27 17:30:00
719,16,424,1.44,2026-06-27 17:30:00
720,18,425,1.14,2026-07-21 20:00:00
721,12,425,1.87,2026-07-21 20:00:00
722,6,426,4.76,2026-03-29 16:00:00
723,29,426,3.74,2026-03-29 16:00:00
724,30,427,5.44,2026-04-21 16:00:00
725,28,428,2.94,2026-05-26 14:30:00
726,9,428,4.86,2026-05-26 14:30:00
727,5,429,3.04,2026-07-02 18:00:00
728,18,429,1.11,2026-07-02 18:00:00
729,17,429,4.11,2026-07-02 18:00:00
730,28,430,4.77,2026-02-15 09:30:00
731,30,430,4.27,2026-02-15 09:30:00
732,5,431,5.72,2026-03-14 10:30:00
733,5,432,1.58,2026-04-09 15:30:00
734,27,432,1.08,2026-04-09 15:30:00
735,26,432,2.60,2026-04-09 15:30:00
736,17,433,5.95,2026-05-09 20:00:00
737,19,433,4.64,2026-05-09 20:00:00
738,27,434,2.72,2026-06-02 13:00:00
739,16,434,3.69,2026-06-02 13:00:00
740,27,435,0.79,2026-06-29 14:30:00
741,5,436,3.18,2026-02-14 15:00:00
742,30,436,5.55,2026-02-14 15:00:00
743,10,437,2.09,2026-03-14 17:30:00
744,5,438,1.86,2026-04-06 16:00:00
745,8,438,3.60,2026-04-06 16:00:00
746,5,439,4.31,2026-04-21 15:00:00
747,28,439,2.12,2026-04-21 15:00:00
748,7,440,4.29,2026-05-13 09:30:00
749,5,441,3.85,2026-05-27 11:30:00
750,20,442,4.14,2026-06-17 15:00:00
751,6,443,4.25,2025-10-28 12:30:00
752,5,444,2.73,2025-11-19 15:00:00
753,30,444,3.27,2025-11-19 15:00:00
754,6,445,0.92,2025-12-29 10:30:00
755,10,445,4.58,2025-12-29 10:30:00
756,1,446,2.29,2026-01-22 14:00:00
757,28,447,5.57,2026-03-08 14:00:00
758,14,448,1.34,2026-03-31 16:30:00
759,19,449,0.64,2026-04-28 12:00:00
760,9,449,1.68,2026-04-28 12:00:00
761,18,450,4.72,2026-06-02 12:00:00
762,28,451,3.96,2026-06-04 08:30:00
763,10,451,0.76,2026-06-04 08:30:00
764,29,451,0.93,2026-06-04 08:30:00
765,19,452,1.21,2026-07-05 16:30:00
766,5,453,5.53,2026-07-16 11:00:00
767,19,453,4.24,2026-07-16 11:00:00
768,6,454,5.67,2026-06-02 16:30:00
769,27,455,5.80,2026-06-21 14:00:00
770,6,456,3.31,2026-07-11 11:00:00
771,23,457,1.17,2026-07-25 16:00:00
772,5,458,5.06,2026-01-12 20:00:00
773,29,458,1.55,2026-01-12 20:00:00
774,25,459,1.06,2026-02-10 20:00:00
775,2,460,5.97,2026-03-04 08:00:00
776,10,461,5.47,2026-04-04 17:30:00
777,28,462,5.72,2026-04-25 08:30:00
778,5,462,3.57,2026-04-25 08:30:00
779,9,462,3.80,2026-04-25 08:30:00
780,4,463,3.34,2026-05-14 18:30:00
781,10,463,0.70,2026-05-14 18:30:00
782,12,464,4.90,2026-06-06 10:30:00
783,28,464,3.77,2026-06-06 10:30:00
784,6,465,5.77,2026-05-03 19:30:00
785,10,466,5.04,2026-05-30 18:00:00
786,11,466,5.83,2026-05-30 18:00:00
787,27,466,5.50,2026-05-30 18:00:00
788,3,467,1.47,2026-06-21 11:30:00
789,24,467,2.16,2026-06-21 11:30:00
790,23,468,3.67,2026-07-16 08:30:00
791,28,469,3.64,2026-04-18 08:00:00
792,4,470,5.64,2026-05-04 18:00:00
793,17,470,1.06,2026-05-04 18:00:00
794,7,471,2.39,2026-06-02 20:00:00
795,19,471,3.24,2026-06-02 20:00:00
796,13,472,5.95,2026-06-23 17:30:00
797,30,473,2.60,2026-04-11 11:30:00
798,19,474,2.18,2026-05-10 15:00:00
799,23,475,4.20,2026-06-01 19:00:00
800,11,475,5.62,2026-06-01 19:00:00
801,6,476,2.19,2026-05-27 19:00:00
802,5,476,0.98,2026-05-27 19:00:00
803,30,477,0.60,2026-06-14 16:30:00
804,29,477,3.71,2026-06-14 16:30:00
805,9,478,3.10,2026-06-27 10:30:00
806,24,479,2.32,2026-07-05 17:30:00
807,19,479,1.25,2026-07-05 17:30:00
808,18,479,5.55,2026-07-05 17:30:00
809,30,480,4.74,2026-04-25 15:30:00
810,28,481,4.00,2026-05-23 17:30:00
811,6,481,3.53,2026-05-23 17:30:00
812,30,481,1.29,2026-05-23 17:30:00
813,5,481,2.04,2026-05-23 17:30:00
814,6,482,1.68,2026-06-04 19:00:00
815,1,482,1.51,2026-06-04 19:00:00
816,29,483,5.53,2026-06-27 20:00:00
817,5,484,0.73,2026-02-24 15:00:00
818,24,485,1.01,2026-04-05 19:30:00
819,28,485,1.17,2026-04-05 19:30:00
820,7,486,5.93,2026-04-21 15:30:00
821,20,487,5.25,2026-05-06 10:30:00
822,13,488,4.11,2026-05-31 13:30:00
823,5,488,5.14,2026-05-31 13:30:00
824,13,489,1.44,2026-06-29 19:00:00
825,27,489,5.89,2026-06-29 19:00:00
826,5,490,3.35,2026-05-06 15:00:00
827,30,491,1.86,2026-05-31 18:30:00
828,6,491,4.59,2026-05-31 18:30:00
829,28,491,2.11,2026-05-31 18:30:00
830,10,492,5.60,2026-06-10 13:00:00
831,30,493,2.98,2025-12-27 12:30:00
832,7,494,4.95,2026-01-31 14:30:00
833,2,494,0.93,2026-01-31 14:30:00
834,27,495,5.52,2026-03-11 15:30:00
835,20,496,1.31,2026-04-04 09:00:00
836,25,497,4.56,2026-05-06 08:30:00
837,23,497,2.44,2026-05-06 08:30:00
838,13,497,2.25,2026-05-06 08:30:00
839,23,498,1.35,2026-05-23 08:00:00
840,27,499,5.38,2026-06-28 20:00:00
841,13,499,3.68,2026-06-28 20:00:00
842,29,500,3.56,2026-05-18 08:30:00
843,6,500,2.23,2026-05-18 08:30:00
844,5,501,3.55,2026-06-10 15:30:00
845,7,502,2.91,2026-06-22 09:30:00
846,14,503,2.94,2026-07-09 17:30:00
847,14,504,3.89,2026-07-20 17:00:00
848,10,505,0.95,2026-02-16 12:30:00
849,5,505,1.64,2026-02-16 12:30:00
850,28,506,1.73,2026-03-05 09:30:00
851,20,507,3.34,2026-03-24 11:30:00
852,7,507,4.26,2026-03-24 11:30:00
853,18,508,5.22,2026-04-15 16:30:00
854,1,508,0.55,2026-04-15 16:30:00
855,6,508,4.93,2026-04-15 16:30:00
856,10,509,3.67,2026-05-02 15:00:00
857,28,509,5.32,2026-05-02 15:00:00
858,28,510,1.32,2026-05-30 10:00:00
859,7,510,4.67,2026-05-30 10:00:00
860,5,511,1.82,2025-11-22 19:00:00
861,10,511,2.28,2025-11-22 19:00:00
862,10,512,3.80,2025-12-20 16:30:00
863,10,513,5.48,2026-01-17 13:30:00
864,6,513,3.71,2026-01-17 13:30:00
865,5,513,1.14,2026-01-17 13:30:00
866,20,514,1.33,2026-02-11 14:00:00
867,4,514,4.41,2026-02-11 14:00:00
868,5,515,0.66,2026-03-09 09:00:00
869,27,516,3.09,2026-04-01 13:00:00
870,20,516,5.57,2026-04-01 13:00:00
871,2,516,1.64,2026-04-01 13:00:00
872,28,517,3.13,2026-04-25 20:00:00
873,15,518,2.76,2026-05-17 10:00:00
874,29,518,2.42,2026-05-17 10:00:00
875,10,518,5.94,2026-05-17 10:00:00
876,14,519,4.26,2026-06-08 13:30:00
877,20,519,1.20,2026-06-08 13:30:00
878,9,519,4.96,2026-06-08 13:30:00
879,1,520,5.10,2026-06-29 15:00:00
880,16,520,4.08,2026-06-29 15:00:00
881,10,520,2.03,2026-06-29 15:00:00
882,2,520,4.39,2026-06-29 15:00:00
883,15,521,2.42,2026-07-22 10:00:00
884,6,522,3.49,2026-04-11 09:00:00
885,28,522,1.66,2026-04-11 09:00:00
886,6,523,1.95,2026-05-04 08:00:00
887,20,524,3.20,2026-05-19 18:00:00
888,11,525,3.48,2026-06-23 18:30:00
889,29,526,4.92,2026-05-23 10:00:00
890,30,527,2.03,2026-06-07 15:00:00
891,9,528,1.89,2026-06-24 15:30:00
892,29,529,3.60,2026-02-25 11:00:00
893,6,529,4.87,2026-02-25 11:00:00
894,10,529,0.57,2026-02-25 11:00:00
895,13,530,1.26,2026-03-11 12:30:00
896,20,530,2.91,2026-03-11 12:30:00
897,25,531,1.80,2026-04-13 16:30:00
898,16,531,1.57,2026-04-13 16:30:00
899,9,532,4.55,2026-05-05 16:00:00
900,12,532,4.42,2026-05-05 16:00:00
901,11,532,5.60,2026-05-05 16:00:00
902,3,533,2.40,2026-06-06 10:00:00
903,29,533,1.82,2026-06-06 10:00:00
904,26,534,1.57,2026-06-24 17:30:00
905,25,534,5.21,2026-06-24 17:30:00
906,21,535,3.49,2026-07-15 13:00:00
907,7,535,5.94,2026-07-15 13:00:00
908,15,535,2.11,2026-07-15 13:00:00
909,10,536,4.99,2025-12-23 15:00:00
910,30,537,1.06,2026-01-21 17:30:00
911,29,537,1.56,2026-01-21 17:30:00
912,7,538,1.85,2026-02-15 13:00:00
913,28,539,5.66,2026-03-08 16:00:00
914,22,540,2.69,2026-04-06 09:00:00
915,23,541,5.24,2026-05-25 15:00:00
916,6,542,0.87,2026-02-17 11:30:00
917,28,542,4.77,2026-02-17 11:30:00
918,10,542,2.03,2026-02-17 11:30:00
919,7,543,4.96,2026-03-09 17:00:00
920,25,543,0.64,2026-03-09 17:00:00
921,11,543,5.43,2026-03-09 17:00:00
922,5,544,1.20,2026-04-13 11:00:00
923,14,545,0.92,2026-05-09 14:00:00
924,13,546,4.88,2026-05-25 10:00:00
925,1,546,3.24,2026-05-25 10:00:00
926,20,546,4.05,2026-05-25 10:00:00
927,4,547,5.32,2026-06-29 09:00:00
928,26,548,5.23,2026-07-25 15:30:00
929,25,548,2.01,2026-07-25 15:30:00
930,19,548,5.36,2026-07-25 15:30:00
931,28,549,1.71,2026-03-24 09:00:00
932,5,550,4.70,2026-04-18 15:30:00
933,28,551,5.60,2026-05-07 14:30:00
934,10,552,1.22,2026-05-30 11:30:00
935,28,553,3.88,2026-02-18 16:00:00
936,29,553,3.39,2026-02-18 16:00:00
937,6,554,5.15,2026-03-16 18:00:00
938,10,555,4.31,2026-04-11 16:30:00
939,1,555,4.89,2026-04-11 16:30:00
940,8,555,1.72,2026-04-11 16:30:00
941,6,555,3.23,2026-04-11 16:30:00
942,1,556,1.78,2026-05-09 13:00:00
943,14,557,1.24,2026-05-23 16:30:00
944,12,557,5.57,2026-05-23 16:30:00
945,25,557,1.51,2026-05-23 16:30:00
946,14,558,1.01,2026-06-08 12:30:00
947,26,558,3.74,2026-06-08 12:30:00
948,30,559,3.08,2026-02-08 08:00:00
949,16,560,1.05,2026-03-08 19:00:00
950,24,561,4.83,2026-03-23 13:00:00
951,5,561,1.80,2026-03-23 13:00:00
952,25,561,3.84,2026-03-23 13:00:00
953,4,562,4.32,2026-04-23 09:30:00
954,2,563,2.06,2026-05-27 13:00:00
955,3,564,0.91,2026-06-07 16:00:00
956,25,564,5.03,2026-06-07 16:00:00
957,6,565,4.71,2026-06-29 15:00:00
958,23,565,1.18,2026-06-29 15:00:00
959,30,566,3.26,2026-01-01 13:00:00
960,11,567,2.85,2026-01-21 17:00:00
961,20,568,5.60,2026-02-08 15:30:00
962,19,569,5.12,2026-03-09 15:00:00
963,11,570,2.29,2026-04-04 13:30:00
964,3,570,4.13,2026-04-04 13:30:00
965,19,571,2.93,2026-05-14 08:00:00
966,3,572,5.44,2026-06-13 10:00:00
967,6,573,5.54,2026-04-01 17:00:00
968,3,574,2.65,2026-04-18 10:00:00
969,10,575,0.70,2026-05-06 18:00:00
970,17,576,4.99,2026-06-01 08:00:00
971,25,576,2.15,2026-06-01 08:00:00
972,29,577,4.57,2026-03-12 19:30:00
973,28,577,4.41,2026-03-12 19:30:00
974,28,578,5.74,2026-04-07 09:00:00
975,5,578,5.98,2026-04-07 09:00:00
976,5,579,3.98,2026-05-03 15:00:00
977,10,580,2.69,2026-05-16 15:00:00
978,1,580,1.81,2026-05-16 15:00:00
979,14,581,5.32,2026-06-06 09:30:00
980,23,581,4.09,2026-06-06 09:30:00
981,2,582,3.15,2026-06-27 17:30:00
982,3,583,4.13,2026-07-25 11:30:00
983,30,584,5.80,2026-03-28 19:30:00
984,5,584,2.62,2026-03-28 19:30:00
985,10,584,2.24,2026-03-28 19:30:00
986,6,585,1.63,2026-04-21 09:30:00
987,29,585,2.54,2026-04-21 09:30:00
988,2,586,1.29,2026-05-16 17:30:00
989,29,587,4.12,2026-05-30 17:00:00
990,15,588,5.55,2026-06-22 13:00:00
991,20,588,1.43,2026-06-22 13:00:00
992,19,589,3.74,2026-07-08 12:30:00
993,12,589,0.94,2026-07-08 12:30:00
994,28,590,1.33,2026-04-11 16:30:00
995,28,591,3.78,2026-05-04 13:30:00
996,18,592,3.35,2026-05-27 18:00:00
997,20,592,4.76,2026-05-27 18:00:00
998,16,593,4.56,2026-06-28 14:00:00
999,29,594,2.56,2026-07-14 11:30:00
1000,29,595,3.15,2026-02-22 14:30:00
1001,6,595,1.17,2026-02-22 14:30:00
1002,3,596,1.77,2026-03-14 14:30:00
1003,10,597,2.17,2026-03-26 10:00:00
1004,18,598,4.37,2026-04-29 13:30:00
1005,10,599,4.59,2026-05-30 11:00:00
1006,28,600,5.43,2026-04-09 10:00:00
1007,6,600,2.16,2026-04-09 10:00:00
1008,10,600,1.23,2026-04-09 10:00:00
1009,30,600,5.93,2026-04-09 10:00:00
1010,6,601,2.00,2026-05-03 16:30:00
1011,9,602,2.02,2026-06-06 08:30:00
1012,21,602,2.61,2026-06-06 08:30:00
1013,4,603,3.87,2026-07-01 20:00:00
1014,23,603,0.90,2026-07-01 20:00:00
1015,6,604,3.43,2026-01-03 16:00:00
1016,29,605,5.67,2026-02-07 14:30:00
1017,21,606,3.54,2026-03-07 15:00:00
1018,23,606,3.92,2026-03-07 15:00:00
1019,24,607,3.62,2026-03-19 10:30:00
1020,29,607,5.02,2026-03-19 10:30:00
1021,11,608,4.17,2026-04-12 11:30:00
1022,25,608,5.86,2026-04-12 11:30:00
1023,3,609,1.53,2026-05-02 09:30:00
1024,2,610,1.56,2026-05-18 14:00:00
1025,1,610,3.50,2026-05-18 14:00:00
1026,28,610,1.74,2026-05-18 14:00:00
1027,5,611,0.75,2026-05-30 15:30:00
1028,2,611,3.41,2026-05-30 15:30:00
1029,14,611,3.11,2026-05-30 15:30:00
1030,10,612,5.02,2026-03-25 16:00:00
1031,9,613,1.75,2026-04-14 18:30:00
1032,29,614,2.19,2026-05-13 10:00:00
1033,18,615,3.67,2026-05-26 12:30:00
1034,5,615,0.80,2026-05-26 12:30:00
1035,20,616,5.63,2026-06-18 17:30:00
1036,18,617,4.17,2026-07-07 16:30:00
1037,5,618,4.82,2026-04-25 10:00:00
1038,14,619,4.12,2026-05-16 09:00:00
1039,14,620,4.28,2026-06-04 11:00:00
1040,11,621,3.38,2026-06-17 10:30:00
1041,30,622,3.74,2026-04-28 13:00:00
1042,30,623,2.54,2026-05-09 15:00:00
1043,21,624,1.70,2026-05-23 19:30:00
1044,12,625,5.76,2026-06-02 16:00:00
1045,26,625,4.47,2026-06-02 16:00:00
1046,4,626,2.83,2026-06-16 14:30:00
1047,18,627,5.03,2026-07-04 15:00:00
1048,14,627,5.63,2026-07-04 15:00:00
1049,4,627,4.72,2026-07-04 15:00:00
1050,5,628,0.99,2026-01-20 13:00:00
1051,6,629,4.43,2026-02-28 19:00:00
1052,6,630,1.06,2026-04-04 15:30:00
1053,9,630,4.65,2026-04-04 15:30:00
1054,9,631,3.51,2026-04-25 08:30:00
1055,29,632,2.33,2026-06-13 19:30:00
1056,17,633,5.03,2026-07-18 08:30:00
1057,19,633,1.38,2026-07-18 08:30:00
1058,9,633,4.94,2026-07-18 08:30:00
1059,13,633,1.97,2026-07-18 08:30:00
1060,28,634,2.52,2026-04-11 11:30:00
1061,30,635,3.03,2026-05-09 20:00:00
1062,5,636,3.87,2026-06-03 17:30:00
1063,4,636,5.50,2026-06-03 17:30:00
1064,26,636,4.30,2026-06-03 17:30:00
1065,28,637,1.66,2026-06-20 14:00:00
1066,29,638,1.97,2026-07-04 14:00:00
1067,7,639,3.69,2026-07-16 16:30:00
1068,5,639,2.56,2026-07-16 16:30:00
1069,29,640,2.88,2026-01-17 16:00:00
1070,5,640,3.51,2026-01-17 16:00:00
1071,26,641,5.41,2026-02-22 14:30:00
1072,4,642,5.95,2026-03-19 15:30:00
1073,3,643,5.52,2026-04-18 19:30:00
1074,28,644,6.00,2026-05-23 15:30:00
1075,27,645,3.20,2026-07-02 17:30:00
1076,18,646,2.54,2026-07-18 19:00:00
1077,19,646,1.60,2026-07-18 19:00:00
1078,20,646,4.61,2026-07-18 19:00:00
1079,5,647,0.91,2026-03-02 19:00:00
1080,29,647,2.17,2026-03-02 19:00:00
1081,28,648,5.69,2026-03-17 19:30:00
1082,14,649,2.35,2026-04-11 09:30:00
1083,13,649,3.82,2026-04-11 09:30:00
1084,2,650,4.55,2026-04-20 17:00:00
1085,5,651,2.16,2026-05-12 12:00:00
1086,15,652,4.51,2026-05-28 09:30:00
1087,7,652,5.51,2026-05-28 09:30:00
1088,9,652,2.87,2026-05-28 09:30:00
1089,18,652,1.78,2026-05-28 09:30:00
1090,6,653,5.87,2025-10-26 18:00:00
1091,10,653,5.86,2025-10-26 18:00:00
1092,29,654,2.41,2025-12-13 12:00:00
1093,8,655,4.20,2026-02-07 15:00:00
1094,7,656,4.74,2026-04-02 15:00:00
1095,29,656,5.76,2026-04-02 15:00:00
1096,10,657,5.15,2026-05-04 16:30:00
1097,29,658,1.33,2026-06-25 18:00:00
1098,19,658,1.66,2026-06-25 18:00:00
1099,28,659,1.39,2026-02-16 11:30:00
1100,10,659,2.19,2026-02-16 11:30:00
1101,30,659,4.44,2026-02-16 11:30:00
1102,10,660,0.68,2026-03-15 20:00:00
1103,27,660,4.34,2026-03-15 20:00:00
1104,14,661,3.25,2026-04-14 15:00:00
1105,28,662,5.70,2026-05-12 15:00:00
1106,11,662,4.21,2026-05-12 15:00:00
1107,23,662,2.29,2026-05-12 15:00:00
1108,3,663,2.38,2026-06-10 13:00:00
1109,6,663,5.04,2026-06-10 13:00:00
1110,23,664,3.28,2026-06-27 20:00:00
1111,5,665,0.77,2026-01-03 18:30:00
1112,30,666,0.80,2026-02-26 08:30:00
1113,6,667,2.98,2026-03-22 15:00:00
1114,9,668,2.03,2026-04-25 19:00:00
1115,6,668,4.83,2026-04-25 19:00:00
1116,29,669,5.47,2026-06-15 13:30:00
1117,1,670,4.85,2026-07-14 12:30:00
1118,28,671,4.27,2026-05-07 18:30:00
1119,28,672,5.37,2026-05-17 10:00:00
1120,20,673,3.93,2026-05-30 19:00:00
1121,27,674,1.36,2026-06-17 20:00:00
1122,4,674,2.55,2026-06-17 20:00:00
1123,10,675,5.05,2025-12-04 18:30:00
1124,6,675,2.33,2025-12-04 18:30:00
1125,29,676,3.93,2025-12-30 17:30:00
1126,15,677,2.13,2026-01-20 18:30:00
1127,6,677,1.27,2026-01-20 18:30:00
1128,23,677,5.19,2026-01-20 18:30:00
1129,11,677,1.28,2026-01-20 18:30:00
1130,17,678,5.08,2026-02-14 09:30:00
1131,24,679,3.55,2026-03-12 10:00:00
1132,10,679,1.85,2026-03-12 10:00:00
1133,13,680,3.82,2026-04-04 08:30:00
1134,1,680,1.46,2026-04-04 08:30:00
1135,27,680,4.80,2026-04-04 08:30:00
1136,26,680,5.69,2026-04-04 08:30:00
1137,4,681,0.85,2026-04-29 18:30:00
1138,23,681,0.98,2026-04-29 18:30:00
1139,19,682,3.37,2026-05-26 10:00:00
1140,15,682,0.66,2026-05-26 10:00:00
1141,24,683,3.02,2026-06-23 16:00:00
1142,15,683,1.68,2026-06-23 16:00:00
1143,6,684,3.40,2026-07-21 15:00:00
1144,5,685,4.23,2026-02-19 13:00:00
1145,14,686,1.57,2026-03-12 12:00:00
1146,19,686,4.08,2026-03-12 12:00:00
1147,25,686,5.32,2026-03-12 12:00:00
1148,29,687,4.26,2026-04-15 19:00:00
1149,9,688,3.56,2026-05-16 14:00:00
1150,15,688,4.97,2026-05-16 14:00:00
1151,11,688,4.01,2026-05-16 14:00:00
1152,25,689,3.47,2026-06-13 16:00:00
1153,15,689,4.24,2026-06-13 16:00:00
1154,14,690,1.25,2026-07-18 19:30:00
1155,5,690,0.73,2026-07-18 19:30:00
1156,29,691,4.23,2026-02-12 08:00:00
1157,2,692,5.12,2026-02-26 19:00:00
1158,29,693,3.57,2026-03-21 16:00:00
1159,20,693,2.42,2026-03-21 16:00:00
1160,27,693,3.00,2026-03-21 16:00:00
1161,11,694,3.28,2026-04-09 14:30:00
1162,27,694,3.64,2026-04-09 14:30:00
1163,15,694,3.60,2026-04-09 14:30:00
1164,15,695,1.90,2026-05-09 10:30:00
1165,1,695,2.79,2026-05-09 10:30:00
1166,6,696,5.31,2026-05-28 17:00:00
1167,6,697,5.85,2026-04-29 12:00:00
1168,6,698,4.65,2026-05-12 08:00:00
1169,10,698,3.84,2026-05-12 08:00:00
1170,18,699,3.75,2026-06-06 11:00:00
1171,21,699,2.47,2026-06-06 11:00:00
1172,28,700,0.53,2026-06-23 09:00:00
1173,6,700,1.17,2026-06-23 09:00:00
1174,11,700,0.90,2026-06-23 09:00:00
1175,18,700,5.23,2026-06-23 09:00:00
1176,4,701,4.86,2026-07-11 08:00:00
1177,28,701,5.78,2026-07-11 08:00:00
1178,5,702,1.45,2026-01-15 13:00:00
1179,7,703,2.64,2026-02-09 18:00:00
1180,14,703,1.09,2026-02-09 18:00:00
1181,10,704,0.80,2026-03-18 12:00:00
1182,2,704,2.72,2026-03-18 12:00:00
1183,2,705,4.82,2026-04-15 16:30:00
1184,3,705,4.22,2026-04-15 16:30:00
1185,5,706,4.16,2026-05-02 14:00:00
1186,10,706,3.74,2026-05-02 14:00:00
1187,19,706,5.30,2026-05-02 14:00:00
1188,13,707,5.50,2026-06-07 15:00:00
1189,7,707,1.69,2026-06-07 15:00:00
1190,12,708,3.17,2026-07-01 08:30:00
1191,19,708,4.31,2026-07-01 08:30:00
1192,5,708,0.56,2026-07-01 08:30:00
1193,20,708,5.74,2026-07-01 08:30:00
1194,6,709,2.09,2026-05-25 19:30:00
1195,29,709,5.59,2026-05-25 19:30:00
1196,10,710,5.14,2026-06-18 08:30:00
1197,29,710,1.42,2026-06-18 08:30:00
1198,12,711,1.52,2026-07-06 10:00:00
1199,29,712,4.94,2026-04-05 18:00:00
1200,10,712,4.10,2026-04-05 18:00:00
1201,26,713,5.78,2026-04-19 13:00:00
1202,12,713,2.44,2026-04-19 13:00:00
1203,29,714,3.86,2026-05-09 11:30:00
1204,29,715,4.94,2026-06-13 15:00:00
1205,11,715,1.01,2026-06-13 15:00:00
1206,29,716,0.54,2026-07-11 20:00:00
1207,5,716,5.61,2026-07-11 20:00:00
1208,6,717,4.22,2026-02-02 14:30:00
1209,30,717,1.79,2026-02-02 14:30:00
1210,21,718,2.66,2026-03-16 18:00:00
1211,18,718,3.99,2026-03-16 18:00:00
1212,12,719,5.65,2026-03-30 14:00:00
1213,18,719,4.76,2026-03-30 14:00:00
1214,29,719,5.23,2026-03-30 14:00:00
1215,3,720,1.26,2026-04-25 08:00:00
1216,29,720,4.12,2026-04-25 08:00:00
1217,4,721,2.18,2026-06-02 13:30:00
1218,16,721,0.56,2026-06-02 13:30:00
1219,24,721,2.07,2026-06-02 13:30:00
1220,1,722,5.88,2026-07-11 13:00:00
1221,10,723,0.91,2026-01-20 19:30:00
1222,25,724,3.80,2026-02-04 17:00:00
1223,23,724,4.04,2026-02-04 17:00:00
1224,3,724,3.27,2026-02-04 17:00:00
1225,28,725,1.26,2026-02-25 19:30:00
1226,12,726,4.31,2026-03-14 16:00:00
1227,1,727,4.67,2026-04-14 11:30:00
1228,10,727,5.73,2026-04-14 11:30:00
1229,6,728,0.84,2026-05-12 15:30:00
1230,1,729,5.30,2026-05-30 11:00:00
1231,30,730,2.36,2026-03-21 16:00:00
1232,29,731,2.50,2026-04-13 12:30:00
1233,10,731,2.72,2026-04-13 12:30:00
1234,13,732,4.92,2026-05-07 17:00:00
1235,1,733,0.78,2026-05-16 19:30:00
1236,28,733,4.59,2026-05-16 19:30:00
1237,7,734,4.71,2026-06-03 09:00:00
1238,4,735,2.21,2026-06-15 17:00:00
1239,12,736,5.61,2026-06-23 19:30:00
1240,30,737,5.91,2026-02-18 17:30:00
1241,5,738,4.69,2026-03-11 20:00:00
1242,27,739,2.13,2026-04-15 17:00:00
1243,3,740,4.44,2026-05-07 08:00:00
1244,6,741,4.44,2026-05-27 08:00:00
1245,12,741,5.75,2026-05-27 08:00:00
1246,3,742,1.76,2026-06-24 14:00:00
1247,13,742,5.33,2026-06-24 14:00:00
1248,10,743,3.20,2025-10-28 15:30:00
1249,5,744,1.70,2025-12-18 12:00:00
1250,9,745,2.85,2026-02-05 20:00:00
1251,28,746,2.64,2026-03-19 08:30:00
1252,12,747,2.76,2026-04-18 15:00:00
1253,28,748,5.79,2026-06-07 18:00:00
1254,2,749,5.49,2026-06-27 13:30:00
1255,29,750,2.18,2026-03-07 13:30:00
1256,29,751,4.79,2026-03-28 13:30:00
1257,24,752,1.06,2026-04-13 19:00:00
1258,9,752,2.16,2026-04-13 19:00:00
1259,18,753,0.76,2026-05-07 13:00:00
1260,15,754,2.83,2026-05-17 16:30:00
1261,10,754,4.85,2026-05-17 16:30:00
1262,28,755,0.93,2026-05-28 13:00:00
1263,28,756,3.23,2026-03-19 12:00:00
1264,5,756,1.39,2026-03-19 12:00:00
1265,5,757,3.09,2026-04-11 10:00:00
1266,2,757,5.85,2026-04-11 10:00:00
1267,3,758,5.22,2026-05-06 13:30:00
1268,5,758,1.84,2026-05-06 13:30:00
1269,10,759,5.14,2026-05-20 14:00:00
1270,28,759,1.35,2026-05-20 14:00:00
1271,21,760,2.95,2026-06-07 14:00:00
1272,16,760,0.88,2026-06-07 14:00:00
1273,26,760,4.63,2026-06-07 14:00:00
1274,5,761,5.67,2026-03-08 17:30:00
1275,30,761,4.34,2026-03-08 17:30:00
1276,28,762,3.19,2026-03-28 08:00:00
1277,5,762,3.46,2026-03-28 08:00:00
1278,3,763,1.52,2026-04-15 10:30:00
1279,1,763,1.08,2026-04-15 10:30:00
1280,19,764,3.47,2026-05-02 17:00:00
1281,3,765,5.81,2026-05-27 14:30:00
1282,11,765,4.19,2026-05-27 14:30:00
1283,18,765,3.69,2026-05-27 14:30:00
1284,25,765,4.27,2026-05-27 14:30:00
1285,29,766,4.06,2026-02-09 14:30:00
1286,3,767,2.97,2026-03-01 10:30:00
1287,4,768,4.58,2026-03-23 18:00:00
1288,17,769,3.20,2026-04-25 18:30:00
1289,23,769,4.35,2026-04-25 18:30:00
1290,10,770,4.60,2026-05-14 17:00:00
1291,7,770,0.53,2026-05-14 17:00:00
1292,5,771,1.32,2026-06-01 10:00:00
1293,2,771,1.22,2026-06-01 10:00:00
1294,15,772,4.64,2026-06-18 19:30:00
1295,13,772,4.56,2026-06-18 19:30:00
1296,29,773,1.14,2026-04-04 08:00:00
1297,14,774,2.58,2026-04-29 19:00:00
1298,20,775,5.16,2026-05-16 16:00:00
1299,3,776,3.23,2026-06-04 09:30:00
1300,18,776,1.34,2026-06-04 09:30:00
1301,26,777,1.57,2026-06-24 19:00:00
1302,3,777,5.28,2026-06-24 19:00:00
1303,15,778,1.81,2026-07-05 10:30:00
1304,17,778,2.46,2026-07-05 10:30:00
1305,4,778,2.49,2026-07-05 10:30:00
1306,13,778,4.04,2026-07-05 10:30:00
1307,5,779,1.55,2026-06-06 13:00:00
1308,23,780,3.81,2026-06-23 14:00:00
1309,27,781,1.38,2026-07-04 15:30:00
1310,29,781,2.26,2026-07-04 15:30:00
1311,30,782,3.48,2026-05-09 08:30:00
1312,5,783,4.21,2026-05-30 10:00:00
1313,10,783,1.89,2026-05-30 10:00:00
1314,29,784,2.22,2026-06-21 12:30:00
1315,19,784,1.89,2026-06-21 12:30:00
1316,5,785,3.49,2026-07-02 11:30:00
1317,29,786,2.80,2026-03-29 13:00:00
1318,6,786,1.29,2026-03-29 13:00:00
1319,27,787,0.78,2026-04-15 18:00:00
1320,7,787,1.74,2026-04-15 18:00:00
1321,4,788,1.52,2026-05-16 16:00:00
1322,29,789,1.69,2026-06-13 14:00:00
1323,11,790,0.99,2026-07-02 17:30:00
1324,10,791,2.40,2025-11-09 17:00:00
1325,24,792,2.17,2025-12-03 10:30:00
1326,2,793,5.11,2025-12-22 12:00:00
1327,25,794,0.98,2026-01-14 17:00:00
1328,21,795,5.63,2026-02-12 15:00:00
1329,6,795,1.82,2026-02-12 15:00:00
1330,23,795,1.10,2026-02-12 15:00:00
1331,1,796,4.10,2026-03-04 13:30:00
1332,19,796,4.80,2026-03-04 13:30:00
1333,3,796,5.89,2026-03-04 13:30:00
1334,13,797,4.41,2026-03-30 19:00:00
1335,2,797,0.99,2026-03-30 19:00:00
1336,2,798,4.43,2026-05-04 18:30:00
1337,18,799,4.36,2026-05-30 13:00:00
1338,15,799,5.07,2026-05-30 13:00:00
1339,10,800,4.95,2026-05-30 20:00:00
1340,28,800,3.88,2026-05-30 20:00:00
1341,28,801,1.24,2026-06-13 11:00:00
1342,12,802,1.28,2026-06-27 09:00:00
1343,26,802,3.47,2026-06-27 09:00:00
1344,20,803,0.50,2026-07-14 19:00:00
1345,3,803,3.38,2026-07-14 19:00:00
1346,14,804,0.94,2026-07-26 10:00:00
1347,23,804,2.89,2026-07-26 10:00:00
1348,28,805,3.49,2026-05-02 11:00:00
1349,29,806,4.08,2026-05-11 09:00:00
1350,13,807,0.59,2026-06-01 10:30:00
1351,6,808,3.95,2026-06-13 14:00:00
1352,29,809,4.18,2026-06-20 19:00:00
1353,2,810,3.57,2026-07-04 16:30:00
1354,10,811,4.79,2025-09-16 20:00:00
1355,29,811,4.54,2025-09-16 20:00:00
1356,10,812,3.08,2025-10-09 12:00:00
1357,25,813,5.98,2025-11-01 11:30:00
1358,28,814,5.26,2025-11-29 14:30:00
1359,29,815,0.88,2025-12-25 10:30:00
1360,24,815,5.92,2025-12-25 10:30:00
1361,26,815,3.03,2025-12-25 10:30:00
1362,1,816,2.12,2026-01-17 13:00:00
1363,17,816,5.27,2026-01-17 13:00:00
1364,3,817,5.52,2026-02-09 14:00:00
1365,16,817,5.61,2026-02-09 14:00:00
1366,1,818,3.00,2026-03-04 10:30:00
1367,2,819,1.16,2026-03-28 09:00:00
1368,20,819,4.76,2026-03-28 09:00:00
1369,2,820,0.83,2026-04-21 15:00:00
1370,28,820,1.43,2026-04-21 15:00:00
1371,1,821,5.07,2026-05-13 09:30:00
1372,28,821,5.51,2026-05-13 09:30:00
1373,5,822,3.44,2026-06-06 19:30:00
1374,28,823,3.16,2026-07-02 10:00:00
1375,18,823,3.01,2026-07-02 10:00:00
1376,6,824,2.53,2026-04-18 11:00:00
1377,30,824,0.58,2026-04-18 11:00:00
1378,29,825,3.23,2026-04-25 16:30:00
1379,18,826,3.82,2026-05-20 08:30:00
1380,24,827,2.65,2026-05-30 10:30:00
1381,5,828,4.02,2026-06-14 08:00:00
1382,19,829,3.82,2026-06-29 16:00:00
1383,10,829,2.97,2026-06-29 16:00:00
1384,21,829,1.98,2026-06-29 16:00:00
1385,6,830,3.46,2026-01-06 19:30:00
1386,29,830,3.83,2026-01-06 19:30:00
1387,5,830,1.65,2026-01-06 19:30:00
1388,28,831,2.72,2026-01-29 17:30:00
1389,15,832,5.48,2026-03-03 15:00:00
1390,29,833,1.64,2026-04-07 11:30:00
1391,24,833,2.49,2026-04-07 11:30:00
1392,11,834,1.88,2026-04-23 20:00:00
1393,9,835,0.64,2026-05-28 16:30:00
1394,29,836,2.57,2026-04-18 10:30:00
1395,28,836,2.49,2026-04-18 10:30:00
1396,6,837,2.79,2026-05-13 09:30:00
1397,10,837,1.05,2026-05-13 09:30:00
1398,2,838,4.05,2026-05-21 10:30:00
1399,20,839,4.01,2026-06-08 17:30:00
1400,21,839,1.36,2026-06-08 17:30:00
1401,23,840,4.96,2026-06-27 10:00:00
1402,1,840,4.75,2026-06-27 10:00:00
1403,5,841,5.53,2025-11-30 18:00:00
1404,6,841,5.67,2025-11-30 18:00:00
1405,10,842,3.41,2025-12-27 16:30:00
1406,18,843,2.36,2026-01-18 18:30:00
1407,14,843,1.75,2026-01-18 18:30:00
1408,25,843,4.52,2026-01-18 18:30:00
1409,24,844,5.38,2026-02-11 17:30:00
1410,11,845,4.39,2026-03-10 14:00:00
1411,20,846,4.98,2026-04-05 10:30:00
1412,23,846,1.38,2026-04-05 10:30:00
1413,15,846,3.25,2026-04-05 10:30:00
1414,16,847,0.79,2026-04-30 15:00:00
1415,5,847,4.45,2026-04-30 15:00:00
1416,14,848,3.24,2026-05-27 17:30:00
1417,5,848,2.43,2026-05-27 17:30:00
1418,13,849,2.53,2026-06-23 12:30:00
1419,19,849,5.90,2026-06-23 12:30:00
1420,10,850,3.14,2026-07-14 13:00:00
1421,28,851,3.34,2025-09-14 13:30:00
1422,5,852,3.49,2025-10-22 13:00:00
1423,18,853,1.40,2025-11-22 18:30:00
1424,1,853,5.80,2025-11-22 18:30:00
1425,19,854,5.82,2025-12-07 13:00:00
1426,20,854,3.14,2025-12-07 13:00:00
1427,26,855,1.00,2026-01-18 09:00:00
1428,14,856,1.34,2026-03-02 15:00:00
1429,5,857,3.89,2026-03-29 10:00:00
1430,20,857,2.40,2026-03-29 10:00:00
1431,10,857,1.00,2026-03-29 10:00:00
1432,3,858,2.16,2026-05-13 17:30:00
1433,15,859,4.26,2026-06-02 09:00:00
1434,6,860,1.71,2026-04-25 11:30:00
1435,28,861,3.07,2026-05-03 16:00:00
1436,19,862,2.43,2026-05-24 12:30:00
1437,29,863,1.54,2026-06-11 08:30:00
1438,7,863,0.51,2026-06-11 08:30:00
1439,10,863,2.17,2026-06-11 08:30:00
1440,7,864,5.07,2026-06-21 10:30:00
1441,5,865,0.59,2026-04-14 11:00:00
1442,30,865,5.42,2026-04-14 11:00:00
1443,7,866,2.70,2026-05-04 13:30:00
1444,13,867,1.24,2026-05-27 16:30:00
1445,4,868,2.45,2026-06-16 10:00:00
1446,25,869,3.12,2026-07-16 16:30:00
1447,19,869,0.80,2026-07-16 16:30:00
1448,21,869,3.70,2026-07-16 16:30:00
1449,30,870,3.85,2025-11-11 13:00:00
1450,5,870,2.98,2025-11-11 13:00:00
1451,30,871,2.64,2025-12-13 13:30:00
1452,28,871,5.44,2025-12-13 13:30:00
1453,10,872,5.08,2026-02-07 08:00:00
1454,7,872,2.70,2026-02-07 08:00:00
1455,6,873,4.25,2026-04-02 16:00:00
1456,9,873,0.93,2026-04-02 16:00:00
1457,28,874,2.74,2026-05-23 10:30:00
1458,12,874,4.31,2026-05-23 10:30:00
1459,1,875,2.86,2026-07-04 16:30:00
1460,6,876,4.21,2026-04-19 10:00:00
1461,6,877,1.70,2026-05-18 11:30:00
1462,28,877,1.22,2026-05-18 11:30:00
1463,10,878,1.47,2026-06-15 09:30:00
1464,28,879,5.49,2025-12-22 10:00:00
1465,29,879,1.91,2025-12-22 10:00:00
1466,1,880,2.61,2026-01-10 16:00:00
1467,24,880,2.45,2026-01-10 16:00:00
1468,16,880,1.43,2026-01-10 16:00:00
1469,20,881,0.59,2026-02-09 09:00:00
1470,1,881,0.81,2026-02-09 09:00:00
1471,4,882,2.09,2026-02-28 19:30:00
1472,20,882,1.65,2026-02-28 19:30:00
1473,9,882,5.03,2026-02-28 19:30:00
1474,10,883,4.00,2026-03-18 08:30:00
1475,14,884,5.68,2026-04-18 08:00:00
1476,17,884,4.93,2026-04-18 08:00:00
1477,6,884,3.07,2026-04-18 08:00:00
1478,23,885,3.63,2026-05-17 12:30:00
1479,25,886,1.91,2026-06-04 16:30:00
1480,28,887,0.75,2026-02-19 19:00:00
1481,11,888,1.91,2026-03-30 16:00:00
1482,6,889,3.54,2026-05-02 20:00:00
1483,28,890,1.87,2026-06-10 11:30:00
1484,19,890,5.06,2026-06-10 11:30:00
1485,5,891,3.61,2026-06-24 10:00:00
1486,20,891,5.26,2026-06-24 10:00:00
1487,11,892,2.16,2026-07-08 09:00:00
1488,12,892,1.89,2026-07-08 09:00:00
1489,6,893,1.36,2026-02-23 18:00:00
1490,19,894,2.80,2026-03-11 16:00:00
1491,23,894,5.40,2026-03-11 16:00:00
1492,6,895,3.98,2026-04-13 16:00:00
1493,18,896,4.54,2026-05-07 15:00:00
1494,1,897,1.70,2026-06-08 17:30:00
1495,16,898,5.40,2026-06-24 17:00:00
1496,1,898,0.75,2026-06-24 17:00:00
1497,30,899,4.04,2026-05-16 20:00:00
1498,28,900,4.35,2026-05-25 16:00:00
1499,25,901,5.21,2026-06-20 13:30:00
1500,7,902,5.09,2026-06-29 18:00:00
1501,9,903,1.28,2026-07-22 16:00:00
1502,10,904,4.07,2026-05-30 16:00:00
1503,6,904,0.88,2026-05-30 16:00:00
1504,29,904,5.13,2026-05-30 16:00:00
1505,30,905,3.86,2026-06-16 10:30:00
1506,6,905,5.36,2026-06-16 10:30:00
1507,1,906,0.85,2026-07-09 18:00:00
1508,11,906,5.17,2026-07-09 18:00:00
1509,7,907,4.18,2026-07-16 09:30:00
1510,29,907,0.94,2026-07-16 09:30:00
1511,23,908,2.44,2026-07-23 11:00:00
1512,30,909,5.56,2026-05-18 16:00:00
1513,29,909,5.73,2026-05-18 16:00:00
1514,5,909,4.01,2026-05-18 16:00:00
1515,10,909,3.95,2026-05-18 16:00:00
1516,6,909,5.20,2026-05-18 16:00:00
1517,30,910,0.70,2026-06-09 18:00:00
1518,7,911,3.52,2026-06-27 10:30:00
1519,30,912,1.27,2026-05-07 16:30:00
1520,30,913,3.77,2026-05-26 17:30:00
1521,1,914,1.85,2026-06-14 16:30:00
1522,6,915,2.96,2026-07-05 19:00:00
1523,20,916,5.32,2026-07-23 11:30:00
1524,10,916,2.87,2026-07-23 11:30:00
1525,26,916,5.66,2026-07-23 11:30:00
1526,30,917,2.74,2026-05-03 19:00:00
1527,28,918,5.61,2026-05-12 20:00:00
1528,6,918,4.33,2026-05-12 20:00:00
1529,27,919,1.82,2026-06-04 15:00:00
1530,12,920,1.35,2026-06-13 12:30:00
1531,20,920,4.43,2026-06-13 12:30:00
1532,19,921,5.31,2026-06-27 12:00:00
1533,4,921,1.42,2026-06-27 12:00:00
1534,5,922,0.54,2026-03-19 17:00:00
1535,29,922,3.02,2026-03-19 17:00:00
1536,5,923,0.79,2026-04-11 08:30:00
1537,1,924,4.35,2026-04-27 14:00:00
1538,2,925,1.96,2026-05-06 09:00:00
1539,20,925,2.51,2026-05-06 09:00:00
1540,28,926,3.48,2026-05-26 17:30:00
1541,28,927,3.31,2026-06-20 17:00:00
1542,6,928,0.62,2026-04-08 10:00:00
1543,28,929,5.40,2026-04-22 14:30:00
1544,8,930,3.54,2026-05-14 08:30:00
1545,28,930,5.78,2026-05-14 08:30:00
1546,1,930,2.62,2026-05-14 08:30:00
1547,27,931,3.45,2026-05-27 13:30:00
1548,6,932,4.57,2026-04-06 12:30:00
1549,10,933,0.81,2026-04-20 09:00:00
1550,26,934,5.08,2026-04-30 15:00:00
1551,25,934,3.53,2026-04-30 15:00:00
1552,29,934,0.82,2026-04-30 15:00:00
1553,21,935,4.17,2026-05-16 18:00:00
1554,3,935,2.89,2026-05-16 18:00:00
1555,26,936,2.34,2026-06-04 16:00:00
1556,10,937,3.19,2025-12-14 11:00:00
1557,30,937,2.81,2025-12-14 11:00:00
1558,29,937,3.10,2025-12-14 11:00:00
1559,5,938,2.28,2026-01-07 18:00:00
1560,10,938,3.25,2026-01-07 18:00:00
1561,3,939,4.77,2026-01-31 15:30:00
1562,28,940,4.63,2026-02-28 15:30:00
1563,26,940,0.78,2026-02-28 15:30:00
1564,24,941,3.21,2026-03-26 14:00:00
1565,18,941,4.80,2026-03-26 14:00:00
1566,6,942,3.74,2026-04-18 09:30:00
1567,28,943,4.06,2026-05-12 15:30:00
1568,20,944,4.48,2026-06-06 17:30:00
1569,18,945,1.79,2026-07-04 15:00:00
1570,13,945,2.70,2026-07-04 15:00:00
1571,1,945,5.58,2026-07-04 15:00:00
1572,29,946,0.52,2026-03-24 09:30:00
1573,3,947,1.13,2026-04-13 15:30:00
1574,17,947,0.71,2026-04-13 15:30:00
1575,26,948,1.36,2026-05-06 19:00:00
1576,18,949,2.28,2026-05-27 15:30:00
1577,2,949,1.86,2026-05-27 15:30:00
1578,24,950,2.35,2026-06-10 09:30:00
1579,5,950,5.19,2026-06-10 09:30:00
1580,19,950,5.11,2026-06-10 09:30:00
1581,23,950,5.04,2026-06-10 09:30:00
1582,29,951,4.02,2026-03-29 19:30:00
1583,29,952,5.96,2026-04-18 14:30:00
1584,10,952,3.14,2026-04-18 14:30:00
1585,27,953,5.53,2026-05-11 15:30:00
1586,4,954,3.79,2026-05-21 17:30:00
1587,28,955,4.82,2026-05-28 08:30:00
1588,5,956,1.98,2026-06-22 18:30:00
1589,11,956,1.32,2026-06-22 18:30:00
1590,5,957,4.44,2026-03-21 15:00:00
1591,16,958,1.27,2026-04-09 16:30:00
1592,1,958,3.19,2026-04-09 16:30:00
1593,12,959,1.22,2026-05-02 14:30:00
1594,15,959,5.85,2026-05-02 14:30:00
1595,1,960,1.87,2026-05-31 13:30:00
1596,18,961,5.41,2026-06-22 12:30:00
1597,10,962,1.00,2026-03-21 14:00:00
1598,6,963,4.72,2026-04-13 11:30:00
1599,29,964,3.77,2026-05-11 18:00:00
1600,10,965,4.26,2026-05-26 12:00:00
1601,9,965,3.98,2026-05-26 12:00:00
1602,28,966,4.82,2026-04-07 20:00:00
1603,10,966,1.92,2026-04-07 20:00:00
1604,6,967,4.42,2026-05-03 20:00:00
1605,8,968,1.99,2026-05-13 17:00:00
1606,28,968,1.88,2026-05-13 17:00:00
1607,5,969,4.52,2026-06-09 09:00:00
1608,15,970,3.10,2026-06-27 11:30:00
1609,29,971,2.10,2025-11-08 12:00:00
1610,6,972,3.10,2025-12-22 14:00:00
1611,28,972,1.80,2025-12-22 14:00:00
1612,6,973,1.76,2026-02-08 10:00:00
1613,9,973,1.27,2026-02-08 10:00:00
1614,7,974,3.00,2026-03-29 14:00:00
1615,28,975,3.53,2026-05-06 09:30:00
1616,10,975,2.16,2026-05-06 09:30:00
1617,10,976,2.83,2026-06-07 16:00:00
1618,10,977,3.87,2026-07-21 12:30:00
1619,14,977,2.58,2026-07-21 12:30:00
1620,10,978,4.29,2025-09-27 12:30:00
1621,14,979,5.70,2025-10-30 17:30:00
1622,23,979,5.04,2025-10-30 17:30:00
1623,5,980,5.25,2025-12-07 20:00:00
1624,29,980,5.79,2025-12-07 20:00:00
1625,20,981,4.06,2025-12-23 14:30:00
1626,10,982,1.73,2026-01-08 08:00:00
1627,25,983,1.23,2026-02-14 10:00:00
1628,9,984,5.80,2026-03-23 19:00:00
1629,5,985,4.39,2026-05-07 08:30:00
1630,5,986,1.56,2026-06-03 14:30:00
1631,10,986,1.81,2026-06-03 14:30:00
1632,29,987,2.30,2026-04-26 16:30:00
1633,5,987,1.19,2026-04-26 16:30:00
1634,28,987,3.82,2026-04-26 16:30:00
1635,29,988,2.96,2026-05-16 18:30:00
1636,6,988,1.87,2026-05-16 18:30:00
1637,10,989,4.78,2026-06-09 16:00:00
1638,28,989,1.91,2026-06-09 16:00:00
1639,10,990,5.41,2025-09-04 12:30:00
1640,5,991,2.09,2025-09-25 16:30:00
1641,30,991,2.19,2025-09-25 16:30:00
1642,18,992,4.80,2025-10-23 15:00:00
1643,21,992,3.72,2025-10-23 15:00:00
1644,11,993,3.00,2025-11-13 12:00:00
1645,21,994,5.15,2025-12-11 10:00:00
1646,19,994,5.98,2025-12-11 10:00:00
1647,3,994,1.80,2025-12-11 10:00:00
1648,29,994,2.02,2025-12-11 10:00:00
1649,1,995,1.13,2026-01-03 15:00:00
1650,12,996,4.98,2026-01-24 08:30:00
1651,2,997,4.83,2026-02-15 10:00:00
1652,25,998,2.84,2026-03-08 10:30:00
1653,25,999,5.46,2026-03-30 19:30:00
1654,3,1000,5.29,2026-04-22 12:00:00
1655,14,1001,2.96,2026-05-17 13:30:00
1656,27,1001,4.93,2026-05-17 13:30:00
1657,4,1001,0.91,2026-05-17 13:30:00
1658,3,1001,2.58,2026-05-17 13:30:00
1659,9,1002,1.70,2026-06-11 14:00:00
1660,27,1002,5.39,2026-06-11 14:00:00
1661,1,1002,1.29,2026-06-11 14:00:00
1662,17,1002,2.41,2026-06-11 14:00:00
1663,9,1003,1.90,2026-07-02 13:30:00
1664,15,1003,4.48,2026-07-02 13:30:00
1665,28,1004,1.58,2026-04-25 12:30:00
1666,29,1005,3.32,2026-05-16 10:30:00
1667,9,1005,2.27,2026-05-16 10:30:00
1668,15,1006,3.12,2026-06-09 17:00:00
1669,20,1006,3.25,2026-06-09 17:00:00
1670,26,1007,1.63,2026-06-27 14:30:00
1671,18,1007,1.85,2026-06-27 14:30:00
1672,5,1008,3.75,2026-04-23 17:00:00
1673,30,1008,5.23,2026-04-23 17:00:00
1674,10,1008,2.67,2026-04-23 17:00:00
1675,24,1009,0.66,2026-05-26 17:00:00
1676,22,1010,4.10,2026-06-22 16:30:00
1677,22,1011,2.80,2026-07-07 15:00:00
1678,12,1011,5.72,2026-07-07 15:00:00
1679,29,1011,0.95,2026-07-07 15:00:00
1680,16,1012,4.78,2026-07-23 17:30:00
1681,30,1013,4.29,2026-02-01 11:00:00
1682,29,1014,2.25,2026-03-08 11:00:00
1683,4,1014,2.84,2026-03-08 11:00:00
1684,9,1015,2.40,2026-04-18 09:30:00
1685,12,1015,5.31,2026-04-18 09:30:00
1686,14,1016,5.75,2026-05-10 13:00:00
1687,26,1016,4.06,2026-05-10 13:00:00
1688,10,1016,4.00,2026-05-10 13:00:00
1689,28,1016,2.90,2026-05-10 13:00:00
1690,28,1017,3.45,2026-06-21 19:30:00
1691,2,1017,5.92,2026-06-21 19:30:00
1692,6,1018,1.90,2026-04-30 10:00:00
1693,30,1019,5.59,2026-05-12 12:00:00
1694,24,1020,1.79,2026-05-23 12:00:00
1695,11,1021,1.80,2026-06-07 13:30:00
1696,29,1021,0.95,2026-06-07 13:30:00
1697,13,1022,0.50,2026-06-29 17:00:00
1698,5,1023,3.28,2025-11-26 16:00:00
1699,30,1023,1.07,2025-11-26 16:00:00
1700,1,1024,4.78,2025-12-21 16:30:00
1701,28,1024,4.00,2025-12-21 16:30:00
1702,11,1025,3.93,2026-01-24 08:30:00
1703,2,1026,0.53,2026-02-18 19:00:00
1704,19,1026,1.86,2026-02-18 19:00:00
1705,19,1027,3.40,2026-03-14 17:00:00
1706,27,1028,5.27,2026-04-12 16:30:00
1707,10,1029,1.55,2026-05-09 16:00:00
1708,11,1029,2.91,2026-05-09 16:00:00
1709,12,1030,5.01,2026-05-25 13:30:00
1710,15,1031,1.02,2026-06-21 14:00:00
1711,30,1032,4.12,2026-03-03 11:00:00
1712,30,1033,0.93,2026-03-23 18:30:00
1713,7,1034,5.41,2026-04-16 14:30:00
1714,29,1035,0.77,2026-05-10 17:00:00
1715,1,1035,1.34,2026-05-10 17:00:00
1716,3,1036,3.17,2026-06-09 17:30:00
1717,22,1036,5.14,2026-06-09 17:30:00
1718,10,1037,4.79,2026-03-09 10:00:00
1719,29,1038,5.13,2026-03-31 15:30:00
1720,30,1038,4.35,2026-03-31 15:30:00
1721,7,1039,1.87,2026-04-16 14:00:00
1722,1,1039,0.72,2026-04-16 14:00:00
1723,4,1040,5.54,2026-05-02 13:00:00
1724,18,1040,1.31,2026-05-02 13:00:00
1725,6,1041,5.67,2026-05-30 08:30:00
1726,14,1042,2.79,2026-06-22 16:30:00
1727,10,1042,1.11,2026-06-22 16:30:00
1728,11,1042,2.47,2026-06-22 16:30:00
1729,28,1043,3.82,2025-12-08 10:30:00
1730,29,1043,1.50,2025-12-08 10:30:00
1731,6,1043,0.65,2025-12-08 10:30:00
1732,11,1044,4.44,2026-01-08 11:30:00
1733,21,1045,1.16,2026-02-04 14:00:00
1734,9,1045,5.04,2026-02-04 14:00:00
1735,25,1046,0.82,2026-03-18 11:30:00
1736,17,1046,5.32,2026-03-18 11:30:00
1737,11,1047,1.29,2026-04-20 15:00:00
1738,12,1048,3.43,2026-05-13 12:00:00
1739,16,1048,3.50,2026-05-13 12:00:00
1740,27,1049,2.56,2026-06-04 14:00:00
1741,6,1050,1.39,2026-01-29 15:00:00
1742,5,1050,4.83,2026-01-29 15:00:00
1743,25,1051,4.50,2026-03-04 20:00:00
1744,28,1051,0.53,2026-03-04 20:00:00
1745,15,1051,5.06,2026-03-04 20:00:00
1746,3,1052,5.39,2026-03-26 14:00:00
1747,15,1052,5.60,2026-03-26 14:00:00
1748,14,1053,5.27,2026-04-28 20:00:00
1749,16,1054,1.72,2026-05-16 20:00:00
1750,29,1054,5.79,2026-05-16 20:00:00
1751,12,1054,1.88,2026-05-16 20:00:00
1752,16,1055,2.49,2026-05-31 09:00:00
1753,5,1056,3.94,2026-01-05 13:00:00
1754,6,1057,4.39,2026-02-15 11:30:00
1755,28,1058,1.74,2026-04-05 09:00:00
1756,6,1058,5.31,2026-04-05 09:00:00
1757,5,1059,2.38,2026-05-16 13:30:00
1758,8,1059,1.76,2026-05-16 13:30:00
1759,7,1059,3.66,2026-05-16 13:30:00
1760,28,1060,2.70,2026-06-14 17:30:00
1761,2,1060,3.38,2026-06-14 17:30:00
1762,6,1060,1.18,2026-06-14 17:30:00
1763,5,1060,0.71,2026-06-14 17:30:00
1764,22,1060,4.46,2026-06-14 17:30:00
1765,29,1061,3.89,2025-12-29 08:00:00
1766,5,1061,5.29,2025-12-29 08:00:00
1767,29,1062,3.32,2026-01-24 13:00:00
1768,1,1063,1.54,2026-03-04 18:00:00
1769,29,1063,5.19,2026-03-04 18:00:00
1770,9,1064,4.10,2026-04-13 08:00:00
1771,11,1065,2.48,2026-05-18 09:30:00
1772,22,1065,2.93,2026-05-18 09:30:00
1773,19,1065,1.72,2026-05-18 09:30:00
1774,26,1066,2.06,2026-07-04 19:30:00
1775,28,1067,2.97,2026-05-30 18:00:00
1776,29,1068,1.73,2026-06-11 17:00:00
1777,5,1068,1.21,2026-06-11 17:00:00
1778,14,1069,3.18,2026-06-20 08:30:00
1779,11,1070,2.47,2026-07-08 19:00:00
1780,17,1070,1.30,2026-07-08 19:00:00
1781,5,1071,4.16,2026-04-26 15:30:00
1782,30,1071,5.92,2026-04-26 15:30:00
1783,1,1072,3.81,2026-05-26 11:00:00
1784,7,1072,3.99,2026-05-26 11:00:00
1785,17,1072,4.94,2026-05-26 11:00:00
1786,11,1073,1.71,2026-06-06 16:30:00
1787,5,1074,1.14,2026-04-25 12:00:00
1788,18,1075,0.71,2026-05-10 10:00:00
1789,20,1075,3.19,2026-05-10 10:00:00
1790,27,1075,5.93,2026-05-10 10:00:00
1791,3,1076,2.86,2026-05-28 11:30:00
1792,29,1077,4.19,2026-06-11 09:00:00
1793,10,1078,2.61,2026-06-07 15:30:00
1794,30,1078,4.15,2026-06-07 15:30:00
1795,6,1079,5.46,2026-06-22 08:00:00
1796,5,1079,1.03,2026-06-22 08:00:00
1797,9,1080,2.91,2026-07-09 19:00:00
1798,1,1081,1.44,2026-07-18 11:00:00
1799,6,1082,1.48,2026-02-12 18:30:00
1800,5,1082,4.50,2026-02-12 18:30:00
1801,10,1083,0.61,2026-03-08 08:30:00
1802,12,1084,4.04,2026-03-30 13:00:00
1803,10,1084,5.04,2026-03-30 13:00:00
1804,28,1085,1.64,2026-05-02 19:00:00
1805,6,1085,3.96,2026-05-02 19:00:00
1806,10,1086,2.53,2026-05-17 11:00:00
1807,22,1086,2.36,2026-05-17 11:00:00
1808,28,1086,3.05,2026-05-17 11:00:00
1809,19,1087,1.61,2026-06-27 09:00:00
1810,28,1087,0.67,2026-06-27 09:00:00
1811,30,1088,1.20,2026-01-27 09:30:00
1812,3,1089,4.44,2026-02-14 18:00:00
1813,28,1089,2.16,2026-02-14 18:00:00
1814,13,1090,4.62,2026-03-05 19:00:00
1815,4,1090,2.62,2026-03-05 19:00:00
1816,14,1091,2.50,2026-04-09 11:00:00
1817,28,1091,4.90,2026-04-09 11:00:00
1818,23,1091,0.81,2026-04-09 11:00:00
1819,7,1091,4.75,2026-04-09 11:00:00
1820,27,1091,2.10,2026-04-09 11:00:00
1821,15,1092,1.72,2026-05-02 09:30:00
1822,27,1092,0.68,2026-05-02 09:30:00
1823,5,1092,2.20,2026-05-02 09:30:00
1824,6,1093,0.51,2026-06-16 13:00:00
1825,5,1093,5.25,2026-06-16 13:00:00
1826,10,1094,1.61,2025-12-04 16:30:00
1827,29,1094,2.28,2025-12-04 16:30:00
1828,30,1094,3.99,2025-12-04 16:30:00
1829,21,1095,4.27,2026-01-05 13:00:00
1830,5,1095,3.39,2026-01-05 13:00:00
1831,15,1096,1.20,2026-01-27 18:30:00
1832,7,1097,2.14,2026-02-10 17:00:00
1833,27,1098,2.50,2026-03-22 12:30:00
1834,26,1098,4.37,2026-03-22 12:30:00
1835,13,1099,3.88,2026-04-21 15:00:00
1836,11,1100,3.40,2026-05-17 09:30:00
1837,4,1100,4.14,2026-05-17 09:30:00
1838,13,1101,2.86,2026-06-13 20:00:00
1839,30,1102,5.73,2026-01-04 10:00:00
1840,4,1103,3.72,2026-02-11 10:00:00
1841,7,1103,4.39,2026-02-11 10:00:00
1842,2,1104,5.14,2026-03-21 18:30:00
1843,19,1104,3.26,2026-03-21 18:30:00
1844,28,1104,1.44,2026-03-21 18:30:00
1845,3,1105,3.99,2026-04-25 18:30:00
1846,20,1106,5.21,2026-06-01 10:30:00
1847,6,1107,4.89,2026-07-06 13:00:00
1848,10,1108,3.48,2026-04-30 18:30:00
1849,5,1108,1.63,2026-04-30 18:30:00
1850,29,1108,1.29,2026-04-30 18:30:00
1851,13,1109,5.01,2026-05-13 17:30:00
1852,5,1110,1.45,2026-05-23 11:00:00
1853,6,1111,5.21,2026-06-06 19:00:00
1854,30,1112,2.11,2026-05-16 14:00:00
1855,30,1113,2.82,2026-06-06 17:00:00
1856,10,1113,5.12,2026-06-06 17:00:00
1857,10,1114,3.15,2026-06-22 14:00:00
1858,11,1115,5.51,2026-07-01 12:30:00
1859,9,1116,5.66,2026-07-09 13:30:00
1860,28,1117,0.89,2026-04-13 19:00:00
1861,3,1118,3.20,2026-04-30 08:00:00
1862,4,1118,2.90,2026-04-30 08:00:00
1863,6,1119,1.08,2026-05-12 17:00:00
1864,27,1120,5.17,2026-06-14 18:00:00
1865,2,1121,0.78,2026-06-25 08:00:00
1866,14,1121,5.45,2026-06-25 08:00:00
1867,5,1122,3.57,2025-10-29 15:00:00
1868,29,1122,5.93,2025-10-29 15:00:00
1869,17,1123,1.38,2025-12-08 15:30:00
1870,11,1123,2.36,2025-12-08 15:30:00
1871,19,1124,1.02,2026-01-21 10:00:00
1872,11,1124,3.26,2026-01-21 10:00:00
1873,13,1125,5.86,2026-02-22 12:00:00
1874,10,1125,5.92,2026-02-22 12:00:00
1875,19,1125,3.10,2026-02-22 12:00:00
1876,3,1126,3.18,2026-03-17 10:00:00
1877,14,1126,5.40,2026-03-17 10:00:00
1878,11,1126,2.62,2026-03-17 10:00:00
1879,5,1127,2.47,2026-04-30 12:30:00
1880,11,1128,3.95,2026-06-13 10:30:00
1881,16,1129,2.22,2026-07-18 08:00:00
1882,19,1129,2.09,2026-07-18 08:00:00
1883,11,1129,3.83,2026-07-18 08:00:00
1884,30,1130,3.78,2025-12-17 12:00:00
1885,10,1131,5.64,2026-01-20 16:30:00
1886,6,1131,1.17,2026-01-20 16:30:00
1887,15,1132,4.96,2026-02-09 17:00:00
1888,17,1132,1.82,2026-02-09 17:00:00
1889,10,1133,4.93,2026-02-28 17:00:00
1890,11,1133,2.12,2026-02-28 17:00:00
1891,18,1134,4.57,2026-03-28 16:30:00
1892,1,1135,2.28,2026-04-29 15:30:00
1893,21,1135,2.61,2026-04-29 15:30:00
1894,3,1136,2.83,2026-05-16 12:00:00
1895,29,1137,0.65,2026-06-08 12:00:00
1896,21,1137,2.05,2026-06-08 12:00:00
1897,24,1137,3.01,2026-06-08 12:00:00
1898,6,1138,1.92,2026-06-23 12:00:00
1899,18,1138,4.32,2026-06-23 12:00:00
1900,28,1139,4.50,2026-03-23 16:00:00
1901,5,1140,5.18,2026-04-08 16:00:00
1902,15,1141,0.69,2026-04-18 19:30:00
1903,5,1142,2.73,2026-05-04 17:30:00
1904,2,1143,5.48,2026-05-25 13:30:00
1905,21,1144,5.92,2026-06-04 19:30:00
1906,18,1144,2.55,2026-06-04 19:30:00
1907,6,1145,5.81,2026-03-16 09:00:00
1908,11,1146,2.07,2026-04-15 18:00:00
1909,15,1146,5.21,2026-04-15 18:00:00
1910,19,1146,1.65,2026-04-15 18:00:00
1911,19,1147,5.03,2026-05-20 12:00:00
1912,28,1148,2.45,2026-06-27 19:30:00
1913,30,1149,3.45,2026-03-24 19:30:00
1914,5,1150,3.17,2026-03-31 09:00:00
1915,4,1151,1.45,2026-04-21 11:30:00
1916,9,1151,5.74,2026-04-21 11:30:00
1917,15,1152,4.22,2026-05-02 11:30:00
1918,26,1153,1.47,2026-05-26 10:30:00
1919,18,1153,5.54,2026-05-26 10:30:00
1920,5,1154,0.67,2026-01-31 11:30:00
1921,29,1154,0.89,2026-01-31 11:30:00
1922,28,1155,0.57,2026-02-28 12:00:00
1923,17,1156,2.19,2026-03-29 08:30:00
1924,14,1157,2.99,2026-05-02 10:00:00
1925,19,1158,1.59,2026-05-30 12:30:00
1926,14,1158,5.73,2026-05-30 12:30:00
1927,5,1159,1.47,2026-02-15 08:30:00
1928,21,1160,1.28,2026-03-15 16:00:00
1929,18,1160,0.73,2026-03-15 16:00:00
1930,23,1161,2.75,2026-04-15 14:00:00
1931,9,1162,5.50,2026-05-06 19:00:00
1932,28,1162,4.16,2026-05-06 19:00:00
1933,15,1163,3.92,2026-06-07 16:00:00
1934,16,1163,1.39,2026-06-07 16:00:00
1935,27,1164,1.71,2026-07-11 19:00:00
1936,30,1165,5.76,2026-03-03 11:00:00
1937,28,1165,3.97,2026-03-03 11:00:00
1938,6,1165,3.15,2026-03-03 11:00:00
1939,25,1166,2.44,2026-03-16 10:00:00
1940,2,1166,3.75,2026-03-16 10:00:00
1941,19,1167,2.98,2026-04-06 16:00:00
1942,25,1167,5.46,2026-04-06 16:00:00
1943,17,1168,0.74,2026-04-28 10:30:00
1944,16,1169,3.66,2026-05-27 08:30:00
1945,23,1169,1.57,2026-05-27 08:30:00
1946,25,1170,4.37,2026-06-09 08:00:00
1947,29,1171,5.87,2026-06-27 12:00:00
1948,10,1171,2.90,2026-06-27 12:00:00
1949,30,1172,0.80,2025-08-13 11:30:00
1950,6,1172,1.12,2025-08-13 11:30:00
1951,10,1173,2.71,2025-09-06 17:00:00
1952,30,1173,4.43,2025-09-06 17:00:00
1953,29,1174,2.02,2025-10-14 13:30:00
1954,7,1174,1.77,2025-10-14 13:30:00
1955,8,1174,5.75,2025-10-14 13:30:00
1956,28,1174,4.39,2025-10-14 13:30:00
1957,28,1175,3.85,2025-11-20 16:00:00
1958,1,1175,1.75,2025-11-20 16:00:00
1959,6,1176,5.25,2026-01-10 11:00:00
1960,28,1176,4.43,2026-01-10 11:00:00
1961,1,1177,0.69,2026-02-11 16:30:00
1962,24,1178,3.66,2026-03-23 12:00:00
1963,9,1178,2.71,2026-03-23 12:00:00
1964,15,1178,2.33,2026-03-23 12:00:00
1965,10,1179,0.59,2026-04-29 18:00:00
1966,23,1180,3.08,2026-06-08 15:30:00
1967,15,1180,0.63,2026-06-08 15:30:00
1968,30,1181,4.39,2025-10-15 10:00:00
1969,29,1182,3.76,2025-11-08 14:30:00
1970,28,1182,2.58,2025-11-08 14:30:00
1971,26,1183,1.98,2025-12-06 09:00:00
1972,26,1184,2.40,2025-12-30 08:30:00
1973,13,1185,3.19,2026-01-26 08:00:00
1974,15,1185,1.78,2026-01-26 08:00:00
1975,3,1186,1.09,2026-02-21 10:00:00
1976,16,1187,3.94,2026-03-15 19:00:00
1977,15,1187,3.62,2026-03-15 19:00:00
1978,28,1187,4.72,2026-03-15 19:00:00
1979,25,1188,2.38,2026-04-07 08:00:00
1980,20,1189,3.68,2026-04-30 11:30:00
1981,28,1189,5.42,2026-04-30 11:30:00
1982,24,1190,4.36,2026-05-27 18:00:00
1983,14,1190,4.99,2026-05-27 18:00:00
1984,6,1190,1.26,2026-05-27 18:00:00
1985,5,1191,0.72,2026-06-21 09:30:00
1986,3,1192,5.25,2026-07-19 18:30:00
1987,6,1193,4.75,2026-04-05 13:00:00
1988,28,1193,3.12,2026-04-05 13:00:00
1989,6,1194,0.54,2026-04-22 12:30:00
1990,6,1195,3.21,2026-05-13 13:30:00
1991,5,1195,4.11,2026-05-13 13:30:00
1992,16,1196,1.32,2026-06-09 12:00:00
1993,11,1196,2.35,2026-06-09 12:00:00
1994,23,1197,0.58,2026-06-23 13:30:00
1995,5,1198,4.77,2026-07-11 17:00:00
1996,29,1199,1.45,2026-02-25 09:00:00
1997,6,1199,5.37,2026-02-25 09:00:00
1998,5,1199,1.70,2026-02-25 09:00:00
1999,6,1200,4.69,2026-03-19 12:30:00
2000,28,1200,4.76,2026-03-19 12:30:00
2001,6,1201,3.98,2026-04-15 11:30:00
2002,9,1201,1.98,2026-04-15 11:30:00
2003,6,1202,2.04,2026-05-13 15:30:00
2004,26,1203,2.06,2026-05-28 10:30:00
2005,23,1203,2.53,2026-05-28 10:30:00
2006,4,1204,1.51,2026-06-21 11:00:00
2007,28,1205,4.20,2026-01-24 15:00:00
2008,18,1206,4.56,2026-02-28 16:30:00
2009,23,1206,3.89,2026-02-28 16:30:00
2010,14,1206,2.85,2026-02-28 16:30:00
2011,4,1206,5.85,2026-02-28 16:30:00
2012,24,1207,5.04,2026-03-23 08:00:00
2013,3,1207,4.71,2026-03-23 08:00:00
2014,15,1208,2.70,2026-04-07 14:30:00
2015,3,1209,1.66,2026-04-28 10:00:00
2016,2,1209,4.14,2026-04-28 10:00:00
2017,1,1210,1.17,2026-05-31 15:00:00
2018,2,1210,2.52,2026-05-31 15:00:00
2019,9,1210,3.34,2026-05-31 15:00:00
2020,27,1210,3.98,2026-05-31 15:00:00
2021,5,1211,2.08,2026-04-23 17:30:00
2022,10,1212,3.48,2026-05-09 18:00:00
2023,29,1212,5.75,2026-05-09 18:00:00
2024,5,1212,5.84,2026-05-09 18:00:00
2025,27,1213,5.15,2026-05-25 18:30:00
2026,16,1213,5.66,2026-05-25 18:30:00
2027,13,1214,1.09,2026-06-13 13:30:00
2028,28,1215,5.45,2026-04-01 09:00:00
2029,29,1215,3.47,2026-04-01 09:00:00
2030,10,1216,3.22,2026-04-16 10:30:00
2031,18,1216,3.50,2026-04-16 10:30:00
2032,13,1216,3.12,2026-04-16 10:30:00
2033,2,1217,2.33,2026-05-04 13:00:00
2034,17,1217,5.22,2026-05-04 13:00:00
2035,28,1218,4.94,2026-05-18 20:00:00
2036,5,1218,1.60,2026-05-18 20:00:00
2037,17,1218,3.50,2026-05-18 20:00:00
2038,11,1219,3.76,2026-06-11 08:00:00
2039,20,1220,2.57,2026-07-09 16:30:00
2040,17,1220,5.66,2026-07-09 16:30:00
2041,29,1221,3.98,2026-04-18 19:00:00
2042,5,1222,3.63,2026-05-13 14:00:00
2043,25,1223,5.45,2026-05-30 16:00:00
2044,26,1224,4.56,2026-06-20 16:00:00
2045,9,1224,2.69,2026-06-20 16:00:00
2046,24,1225,4.31,2026-07-13 12:30:00
2047,30,1226,2.11,2026-04-08 20:00:00
2048,6,1226,3.28,2026-04-08 20:00:00
2049,30,1227,4.46,2026-04-25 17:30:00
2050,6,1227,1.72,2026-04-25 17:30:00
2051,9,1228,5.45,2026-05-16 09:00:00
2052,8,1228,2.48,2026-05-16 09:00:00
2053,7,1229,5.07,2026-06-13 16:30:00
2054,9,1229,2.24,2026-06-13 16:30:00
2055,28,1230,2.44,2025-11-22 15:30:00
2056,30,1231,3.69,2025-12-20 20:00:00
2057,25,1232,4.33,2026-01-11 17:30:00
2058,16,1232,2.03,2026-01-11 17:30:00
2059,29,1233,4.14,2026-02-05 14:00:00
2060,18,1233,3.84,2026-02-05 14:00:00
2061,11,1233,1.56,2026-02-05 14:00:00
2062,9,1233,3.34,2026-02-05 14:00:00
2063,5,1234,4.23,2026-02-28 11:30:00
2064,15,1235,5.76,2026-03-25 19:00:00
2065,17,1236,3.14,2026-04-15 11:30:00
2066,19,1237,3.73,2026-05-06 09:30:00
2067,12,1238,3.63,2026-05-27 18:30:00
2068,10,1238,2.46,2026-05-27 18:30:00
2069,5,1238,4.71,2026-05-27 18:30:00
2070,28,1239,5.97,2026-02-21 19:30:00
2071,6,1239,1.01,2026-02-21 19:30:00
2072,21,1240,1.99,2026-03-28 08:00:00
2073,13,1241,2.17,2026-04-15 10:30:00
2074,10,1241,1.74,2026-04-15 10:30:00
2075,5,1241,0.80,2026-04-15 10:30:00
2076,4,1242,4.09,2026-04-28 16:00:00
2077,17,1243,2.03,2026-05-23 18:00:00
2078,17,1244,4.59,2026-06-22 18:30:00
2079,9,1244,2.75,2026-06-22 18:30:00
2080,19,1245,1.00,2026-07-21 13:30:00
2081,29,1246,0.52,2026-02-14 14:00:00
2082,20,1247,4.87,2026-03-10 18:00:00
2083,24,1248,4.66,2026-04-25 16:30:00
2084,29,1248,3.20,2026-04-25 16:30:00
2085,17,1249,2.34,2026-05-12 19:00:00
2086,28,1249,5.15,2026-05-12 19:00:00
2087,13,1249,4.46,2026-05-12 19:00:00
2088,19,1250,0.51,2026-05-31 10:00:00
2089,25,1250,1.02,2026-05-31 10:00:00
2090,10,1251,5.54,2026-04-09 16:00:00
2091,5,1251,1.07,2026-04-09 16:00:00
2092,29,1251,2.05,2026-04-09 16:00:00
2093,10,1252,4.68,2026-04-21 12:30:00
2094,10,1253,5.56,2026-05-07 17:00:00
2095,25,1253,3.70,2026-05-07 17:00:00
2096,4,1254,3.69,2026-06-01 19:00:00
2097,19,1254,4.26,2026-06-01 19:00:00
2098,19,1255,0.83,2026-06-11 16:00:00
2099,9,1255,1.32,2026-06-11 16:00:00
2100,21,1256,5.56,2026-06-22 19:00:00
2101,4,1256,2.00,2026-06-22 19:00:00
2102,30,1257,5.50,2025-10-15 18:30:00
2103,10,1257,4.91,2025-10-15 18:30:00
2104,28,1257,4.35,2025-10-15 18:30:00
2105,10,1258,1.14,2025-12-13 19:00:00
2106,28,1258,2.96,2025-12-13 19:00:00
2107,10,1259,4.73,2026-02-03 19:00:00
2108,28,1260,5.06,2026-03-28 16:00:00
2109,1,1260,0.72,2026-03-28 16:00:00
2110,6,1260,5.44,2026-03-28 16:00:00
2111,20,1261,1.33,2026-04-28 14:30:00
2112,2,1261,5.85,2026-04-28 14:30:00
2113,12,1262,2.96,2026-05-28 08:00:00
2114,20,1262,2.81,2026-05-28 08:00:00
2115,18,1263,4.84,2026-06-20 14:00:00
2116,17,1263,2.38,2026-06-20 14:00:00
2117,24,1263,2.47,2026-06-20 14:00:00
2118,28,1264,5.67,2025-12-20 13:30:00
2119,2,1265,4.27,2026-02-03 13:00:00
2120,26,1265,5.65,2026-02-03 13:00:00
2121,16,1266,5.99,2026-03-10 11:00:00
2122,9,1266,5.92,2026-03-10 11:00:00
2123,18,1267,5.08,2026-04-13 13:00:00
2124,23,1267,5.72,2026-04-13 13:00:00
2125,6,1268,5.23,2026-05-02 16:00:00
2126,10,1269,5.09,2026-06-13 19:30:00
2127,4,1269,1.56,2026-06-13 19:30:00
2128,23,1270,4.29,2026-07-04 14:30:00
2129,10,1271,2.03,2026-04-18 18:30:00
2130,6,1271,2.97,2026-04-18 18:30:00
2131,30,1272,4.63,2026-05-02 19:00:00
2132,28,1273,1.74,2026-05-30 11:00:00
2133,8,1273,4.14,2026-05-30 11:00:00
2134,7,1273,5.34,2026-05-30 11:00:00
2135,29,1274,4.03,2026-06-13 17:30:00
2136,5,1274,1.33,2026-06-13 17:30:00
2137,28,1274,4.98,2026-06-13 17:30:00
2138,12,1275,5.62,2026-06-27 15:30:00
2139,10,1275,1.96,2026-06-27 15:30:00
2140,28,1276,2.32,2026-05-30 14:30:00
2141,2,1277,1.66,2026-06-11 11:30:00
2142,6,1278,4.13,2026-06-23 08:00:00
2143,19,1279,4.26,2026-07-05 12:00:00
2144,4,1279,1.64,2026-07-05 12:00:00
2145,6,1279,5.25,2026-07-05 12:00:00
2146,1,1279,1.87,2026-07-05 12:00:00
2147,10,1280,5.26,2026-03-09 12:30:00
2148,5,1281,4.29,2026-04-05 17:30:00
2149,30,1281,5.37,2026-04-05 17:30:00
2150,9,1282,5.40,2026-04-19 18:00:00
2151,8,1282,2.42,2026-04-19 18:00:00
2152,6,1283,3.17,2026-05-13 11:30:00
2153,21,1284,5.37,2026-06-04 09:00:00
2154,29,1285,5.01,2026-01-14 11:30:00
2155,20,1286,2.49,2026-02-04 09:00:00
2156,14,1286,1.76,2026-02-04 09:00:00
2157,10,1287,2.07,2026-02-28 09:30:00
2158,17,1288,2.45,2026-03-19 10:00:00
2159,25,1289,5.76,2026-04-15 10:30:00
2160,15,1290,3.72,2026-05-23 16:30:00
2161,9,1290,5.87,2026-05-23 16:30:00
2162,1,1290,4.72,2026-05-23 16:30:00
2163,19,1291,3.48,2026-06-27 13:00:00
2164,7,1291,3.29,2026-06-27 13:00:00
2165,7,1292,1.35,2026-07-23 11:00:00
2166,6,1293,3.85,2026-03-07 15:30:00
2167,10,1293,5.35,2026-03-07 15:30:00
2168,5,1294,5.65,2026-04-07 15:00:00
2169,4,1294,4.92,2026-04-07 15:00:00
2170,1,1294,4.62,2026-04-07 15:00:00
2171,5,1295,4.05,2026-04-25 13:30:00
2172,22,1296,2.92,2026-05-17 15:30:00
2173,6,1296,0.82,2026-05-17 15:30:00
2174,20,1296,2.07,2026-05-17 15:30:00
2175,29,1297,3.61,2026-06-24 08:30:00
2176,6,1298,1.59,2025-12-06 14:00:00
2177,5,1298,5.88,2025-12-06 14:00:00
2178,28,1299,4.02,2026-01-06 18:00:00
2179,5,1300,5.04,2026-01-31 17:30:00
2180,6,1301,5.00,2026-03-08 10:00:00
2181,11,1302,1.13,2026-04-19 12:00:00
2182,10,1302,2.53,2026-04-19 12:00:00
2183,28,1303,5.44,2026-05-31 11:00:00
2184,5,1304,2.03,2026-07-09 17:30:00
2185,18,1304,5.69,2026-07-09 17:30:00
2186,29,1305,0.51,2026-02-25 18:30:00
2187,5,1306,3.50,2026-04-20 18:00:00
2188,28,1306,5.21,2026-04-20 18:00:00
2189,1,1307,5.53,2026-06-01 18:00:00
2190,8,1307,3.65,2026-06-01 18:00:00
2191,7,1307,2.34,2026-06-01 18:00:00
2192,10,1308,3.82,2026-06-27 12:30:00
2193,20,1309,0.58,2026-07-19 17:30:00
2194,2,1309,4.64,2026-07-19 17:30:00
2195,22,1309,1.93,2026-07-19 17:30:00
2196,30,1310,1.29,2026-02-25 19:00:00
2197,10,1310,0.89,2026-02-25 19:00:00
2198,28,1310,0.96,2026-02-25 19:00:00
2199,9,1311,2.19,2026-03-12 17:00:00
2200,15,1312,1.13,2026-04-26 18:30:00
2201,3,1313,2.48,2026-06-10 19:30:00
2202,25,1313,1.52,2026-06-10 19:30:00
2203,24,1314,3.92,2026-06-25 16:00:00
2204,26,1315,2.09,2026-07-13 12:30:00
2205,10,1316,1.98,2026-03-23 19:00:00
2206,5,1316,4.38,2026-03-23 19:00:00
2207,7,1317,2.57,2026-04-11 20:00:00
2208,4,1317,3.92,2026-04-11 20:00:00
2209,13,1317,5.17,2026-04-11 20:00:00
2210,24,1318,1.67,2026-05-09 18:30:00
2211,3,1319,1.46,2026-05-28 18:30:00
2212,18,1319,2.26,2026-05-28 18:30:00
2213,12,1320,0.99,2026-06-09 13:30:00
2214,2,1321,2.09,2026-07-09 12:00:00
2215,7,1321,3.89,2026-07-09 12:00:00
2216,10,1322,4.94,2025-10-22 14:30:00
2217,5,1323,1.03,2025-11-12 10:30:00
2218,29,1323,1.27,2025-11-12 10:30:00
2219,24,1324,3.29,2025-12-09 12:00:00
2220,3,1325,0.59,2026-01-03 14:30:00
2221,14,1325,3.19,2026-01-03 14:30:00
2222,20,1326,3.76,2026-01-28 10:30:00
2223,28,1327,3.79,2026-02-19 15:00:00
2224,25,1327,2.65,2026-02-19 15:00:00
2225,18,1328,5.54,2026-03-18 13:30:00
2226,1,1328,1.38,2026-03-18 13:30:00
2227,9,1328,2.43,2026-03-18 13:30:00
2228,14,1329,3.88,2026-04-11 17:00:00
2229,18,1330,3.81,2026-05-09 12:00:00
2230,26,1331,4.98,2026-06-06 16:00:00
2231,3,1331,5.58,2026-06-06 16:00:00
2232,10,1332,3.84,2026-02-15 13:30:00
2233,23,1333,1.78,2026-02-25 16:30:00
2234,6,1333,3.04,2026-02-25 16:30:00
2235,6,1334,5.19,2026-03-08 14:30:00
2236,15,1335,1.97,2026-04-11 14:30:00
2237,3,1336,5.13,2026-05-07 15:30:00
2238,13,1337,2.56,2026-06-01 18:00:00
2239,14,1337,0.78,2026-06-01 18:00:00
2240,7,1338,2.22,2026-06-23 15:30:00
2241,30,1339,3.03,2025-11-19 10:30:00
2242,6,1339,1.10,2025-11-19 10:30:00
2243,29,1340,3.52,2025-12-15 10:30:00
2244,15,1341,5.71,2026-01-05 14:00:00
2245,25,1342,4.04,2026-01-31 13:30:00
2246,23,1342,3.66,2026-01-31 13:30:00
2247,28,1342,2.07,2026-01-31 13:30:00
2248,5,1343,2.73,2026-02-25 10:30:00
2249,9,1343,5.09,2026-02-25 10:30:00
2250,23,1343,2.65,2026-02-25 10:30:00
2251,16,1344,1.01,2026-03-22 16:00:00
2252,18,1344,5.10,2026-03-22 16:00:00
2253,17,1345,5.71,2026-04-18 16:00:00
2254,10,1346,1.55,2026-05-12 18:00:00
2255,17,1346,2.78,2026-05-12 18:00:00
2256,9,1347,2.38,2026-06-03 17:00:00
2257,16,1348,0.55,2026-06-25 14:30:00
2258,28,1348,4.09,2026-06-25 14:30:00
2259,5,1348,2.15,2026-06-25 14:30:00
2260,27,1349,3.62,2026-07-19 14:30:00
2261,5,1350,4.03,2026-02-21 16:30:00
2262,29,1350,3.89,2026-02-21 16:30:00
2263,5,1351,4.20,2026-03-25 10:30:00
2264,5,1352,2.62,2026-04-12 09:30:00
2265,26,1353,0.93,2026-04-30 10:30:00
2266,14,1354,4.09,2026-06-03 16:30:00
2267,5,1355,1.74,2026-01-17 14:30:00
2268,30,1355,2.66,2026-01-17 14:30:00
2269,30,1356,1.48,2026-02-09 18:30:00
2270,1,1357,1.54,2026-04-06 18:00:00
2271,8,1358,3.72,2026-05-23 14:30:00
2272,28,1359,0.68,2026-06-28 15:30:00
2273,10,1360,1.07,2025-11-17 17:00:00
2274,30,1360,3.47,2025-11-17 17:00:00
2275,20,1361,3.34,2025-12-20 18:00:00
2276,6,1361,5.57,2025-12-20 18:00:00
2277,14,1362,1.80,2026-02-03 14:30:00
2278,5,1363,4.62,2026-03-15 11:00:00
2279,19,1363,5.05,2026-03-15 11:00:00
2280,1,1363,3.47,2026-03-15 11:00:00
2281,12,1364,4.30,2026-04-02 11:30:00
2282,13,1364,3.83,2026-04-02 11:30:00
2283,28,1364,4.89,2026-04-02 11:30:00
2284,17,1365,1.53,2026-05-04 14:30:00
2285,29,1365,2.38,2026-05-04 14:30:00
2286,23,1365,2.37,2026-05-04 14:30:00
2287,16,1366,2.87,2026-06-10 17:00:00
2288,9,1367,5.01,2026-07-20 08:00:00
2289,23,1367,3.69,2026-07-20 08:00:00
2290,30,1368,4.61,2026-01-13 11:30:00
2291,28,1368,1.43,2026-01-13 11:30:00
2292,20,1369,2.40,2026-01-31 09:00:00
2293,12,1369,4.77,2026-01-31 09:00:00
2294,5,1370,5.55,2026-03-03 16:30:00
2295,19,1370,5.67,2026-03-03 16:30:00
2296,11,1370,1.34,2026-03-03 16:30:00
2297,27,1371,3.80,2026-03-18 14:00:00
2298,28,1372,3.67,2026-04-14 11:00:00
2299,19,1373,4.19,2026-04-30 16:30:00
2300,19,1374,2.03,2026-06-04 14:30:00
2301,9,1374,0.68,2026-06-04 14:30:00
2302,13,1374,3.49,2026-06-04 14:30:00
2303,28,1375,5.49,2026-06-23 14:00:00
2304,21,1375,5.21,2026-06-23 14:00:00
2305,24,1375,5.89,2026-06-23 14:00:00
2306,6,1376,2.61,2026-04-08 11:00:00
2307,28,1376,5.79,2026-04-08 11:00:00
2308,10,1376,1.09,2026-04-08 11:00:00
2309,30,1376,4.91,2026-04-08 11:00:00
2310,5,1377,4.92,2026-05-04 11:30:00
2311,7,1378,5.90,2026-05-31 09:30:00
2312,10,1379,0.81,2026-03-07 19:00:00
2313,28,1380,4.64,2026-04-01 14:30:00
2314,12,1381,5.19,2026-05-07 10:00:00
2315,6,1382,3.70,2026-05-24 09:00:00
2316,28,1383,1.67,2026-06-27 14:30:00
2317,20,1383,5.90,2026-06-27 14:30:00
2318,26,1384,5.13,2026-07-19 19:30:00
2319,19,1384,2.28,2026-07-19 19:30:00
2320,25,1384,4.20,2026-07-19 19:30:00
2321,30,1385,5.67,2026-01-06 17:30:00
2322,28,1386,2.47,2026-01-28 09:30:00
2323,12,1386,3.95,2026-01-28 09:30:00
2324,7,1387,4.99,2026-03-03 14:30:00
2325,7,1388,1.57,2026-04-02 16:00:00
2326,23,1389,4.79,2026-04-15 17:30:00
2327,5,1389,3.17,2026-04-15 17:30:00
2328,25,1390,3.75,2026-05-07 13:30:00
2329,21,1390,3.49,2026-05-07 13:30:00
2330,10,1390,2.28,2026-05-07 13:30:00
2331,25,1391,0.91,2026-05-30 16:30:00
2332,16,1391,4.29,2026-05-30 16:30:00
2333,28,1392,4.60,2026-03-28 18:00:00
2334,9,1393,0.73,2026-04-16 11:30:00
2335,25,1394,4.35,2026-05-03 08:00:00
2336,4,1394,2.54,2026-05-03 08:00:00
2337,9,1395,5.19,2026-06-07 19:00:00
2338,23,1395,5.11,2026-06-07 19:00:00
2339,10,1396,2.20,2026-06-22 17:30:00
2340,9,1396,5.49,2026-06-22 17:30:00
2341,4,1396,3.83,2026-06-22 17:30:00
2342,30,1397,2.47,2026-06-13 15:30:00
2343,5,1398,2.51,2026-06-25 20:00:00
2344,29,1398,4.94,2026-06-25 20:00:00
2345,29,1399,1.61,2026-07-12 13:30:00
2346,28,1399,1.93,2026-07-12 13:30:00
2347,6,1400,1.28,2026-05-04 16:00:00
2348,28,1400,4.99,2026-05-04 16:00:00
2349,24,1401,0.73,2026-06-04 12:00:00
2350,4,1401,4.61,2026-06-04 12:00:00
2351,3,1402,3.15,2026-07-04 13:30:00
2352,3,1403,4.17,2026-07-18 12:30:00
2353,10,1403,5.09,2026-07-18 12:30:00
2354,10,1404,3.32,2026-02-11 19:00:00
2355,17,1405,2.89,2026-03-09 09:00:00
2356,5,1406,2.69,2026-03-28 11:30:00
2357,10,1407,4.69,2026-04-11 15:30:00
2358,23,1407,4.71,2026-04-11 15:30:00
2359,11,1407,5.03,2026-04-11 15:30:00
2360,15,1408,3.34,2026-05-25 14:30:00
2361,28,1408,2.92,2026-05-25 14:30:00
2362,10,1409,2.60,2025-12-10 12:30:00
2363,28,1409,1.26,2025-12-10 12:30:00
2364,30,1409,2.75,2025-12-10 12:30:00
2365,28,1410,3.47,2026-02-05 09:30:00
2366,1,1411,0.83,2026-03-16 19:00:00
2367,8,1412,1.87,2026-04-07 15:00:00
2368,7,1412,4.93,2026-04-07 15:00:00
2369,19,1413,5.62,2026-05-23 19:00:00
2370,10,1414,5.75,2026-07-18 10:00:00
2371,30,1415,4.23,2025-12-08 10:30:00
2372,6,1416,3.08,2026-01-05 16:30:00
2373,4,1417,0.82,2026-01-31 14:00:00
2374,11,1417,4.37,2026-01-31 14:00:00
2375,26,1418,5.65,2026-02-21 13:00:00
2376,24,1419,0.83,2026-03-16 13:30:00
2377,3,1420,3.63,2026-04-13 09:30:00
2378,25,1420,4.39,2026-04-13 09:30:00
2379,17,1421,3.03,2026-05-11 14:30:00
2380,10,1422,2.06,2026-06-03 12:00:00
2381,11,1422,1.88,2026-06-03 12:00:00
2382,25,1423,5.31,2026-07-01 08:30:00
2383,29,1423,3.76,2026-07-01 08:30:00
2384,14,1423,0.94,2026-07-01 08:30:00
2385,16,1424,1.30,2026-07-25 13:00:00
2386,10,1425,4.51,2025-12-10 18:00:00
2387,14,1426,5.19,2026-01-17 18:00:00
2388,11,1426,2.85,2026-01-17 18:00:00
2389,4,1427,5.76,2026-02-24 18:30:00
2390,11,1428,5.78,2026-04-06 14:30:00
2391,23,1429,4.13,2026-05-14 11:00:00
2392,10,1430,5.08,2026-06-02 12:30:00
2393,30,1431,0.56,2025-12-02 18:00:00
2394,28,1431,4.61,2025-12-02 18:00:00
2395,10,1432,2.49,2026-01-27 10:00:00
2396,30,1432,1.95,2026-01-27 10:00:00
2397,29,1433,1.15,2026-03-03 09:00:00
2398,9,1434,5.37,2026-04-26 13:30:00
2399,8,1434,2.89,2026-04-26 13:30:00
2400,28,1434,0.84,2026-04-26 13:30:00
2401,29,1435,4.82,2026-06-01 18:30:00
2402,30,1436,5.13,2026-03-11 15:30:00
2403,29,1437,5.16,2026-04-05 08:30:00
2404,28,1438,4.32,2026-04-21 16:00:00
2405,19,1439,5.88,2026-05-19 11:00:00
2406,5,1439,3.66,2026-05-19 11:00:00
2407,14,1439,4.36,2026-05-19 11:00:00
2408,23,1440,4.25,2026-05-30 15:00:00
2409,29,1440,5.42,2026-05-30 15:00:00
2410,25,1440,1.45,2026-05-30 15:00:00
2411,26,1441,3.99,2026-06-25 15:30:00
2412,6,1442,3.40,2025-12-22 17:30:00
2413,3,1443,5.44,2026-01-18 11:00:00
2414,9,1443,1.83,2026-01-18 11:00:00
2415,17,1443,2.15,2026-01-18 11:00:00
2416,27,1444,1.59,2026-03-03 12:30:00
2417,15,1444,3.40,2026-03-03 12:30:00
2418,29,1445,1.97,2026-03-30 18:00:00
2419,14,1445,1.56,2026-03-30 18:00:00
2420,27,1446,4.53,2026-04-28 14:30:00
2421,28,1446,2.61,2026-04-28 14:30:00
2422,7,1447,5.32,2026-05-26 12:30:00
2423,28,1448,0.73,2026-02-21 19:00:00
2424,17,1449,4.62,2026-03-12 09:30:00
2425,11,1450,3.81,2026-03-29 11:30:00
2426,29,1451,3.46,2026-04-08 10:30:00
2427,7,1452,4.44,2026-05-05 09:00:00
2428,23,1453,1.00,2026-05-31 14:30:00
2429,19,1453,2.28,2026-05-31 14:30:00
2430,24,1453,1.48,2026-05-31 14:30:00
2431,2,1454,4.72,2026-06-20 12:00:00
2432,15,1454,3.63,2026-06-20 12:00:00
2433,6,1455,3.20,2025-11-23 20:00:00
2434,5,1455,4.06,2025-11-23 20:00:00
2435,29,1455,2.25,2025-11-23 20:00:00
2436,10,1456,4.80,2026-01-05 18:00:00
2437,1,1457,1.28,2026-02-12 13:30:00
2438,12,1457,3.36,2026-02-12 13:30:00
2439,6,1457,3.28,2026-02-12 13:30:00
2440,4,1458,2.44,2026-03-03 13:00:00
2441,29,1458,1.88,2026-03-03 13:00:00
2442,10,1459,0.89,2026-04-05 20:00:00
2443,9,1459,1.62,2026-04-05 20:00:00
2444,18,1460,0.76,2026-04-29 11:00:00
2445,2,1461,2.32,2026-06-06 20:00:00
2446,9,1462,5.22,2026-07-16 16:30:00
2447,11,1462,4.63,2026-07-16 16:30:00
2448,10,1462,1.70,2026-07-16 16:30:00
2449,10,1463,4.26,2026-04-02 14:00:00
2450,6,1463,5.15,2026-04-02 14:00:00
2451,28,1464,1.32,2026-04-18 14:00:00
2452,6,1464,5.83,2026-04-18 14:00:00
2453,10,1464,0.58,2026-04-18 14:00:00
2454,5,1465,0.89,2026-05-03 09:00:00
2455,3,1466,2.40,2026-05-17 10:00:00
2456,7,1466,3.77,2026-05-17 10:00:00
2457,19,1467,4.14,2026-06-15 14:30:00
2458,26,1468,3.29,2026-07-04 19:00:00
2459,5,1469,0.52,2025-12-06 11:00:00
2460,10,1469,2.62,2025-12-06 11:00:00
2461,20,1470,2.49,2025-12-27 16:30:00
2462,21,1470,3.97,2025-12-27 16:30:00
2463,26,1471,0.75,2026-01-31 09:00:00
2464,10,1472,4.80,2026-03-04 13:00:00
2465,25,1473,2.05,2026-03-15 16:30:00
2466,27,1473,2.19,2026-03-15 16:30:00
2467,29,1473,0.85,2026-03-15 16:30:00
2468,2,1474,4.18,2026-04-11 15:00:00
2469,23,1474,2.34,2026-04-11 15:00:00
2470,19,1475,4.90,2026-05-16 13:00:00
2471,15,1476,5.94,2026-06-17 20:00:00
2472,5,1476,2.56,2026-06-17 20:00:00
2473,12,1476,3.73,2026-06-17 20:00:00
2474,15,1477,2.71,2026-07-13 16:30:00
2475,6,1477,5.51,2026-07-13 16:30:00
2476,28,1478,4.65,2026-04-04 15:30:00
2477,21,1479,3.16,2026-05-06 14:00:00
2478,28,1479,4.20,2026-05-06 14:00:00
2479,27,1479,3.88,2026-05-06 14:00:00
2480,26,1480,4.05,2026-06-07 19:00:00
2481,25,1481,3.60,2026-06-28 11:30:00
2482,28,1482,3.00,2026-05-16 08:00:00
2483,28,1483,0.70,2026-05-27 12:30:00
2484,6,1483,5.25,2026-05-27 12:30:00
2485,30,1483,2.69,2026-05-27 12:30:00
2486,1,1484,3.12,2026-06-09 13:30:00
2487,10,1484,5.83,2026-06-09 13:30:00
2488,7,1485,3.46,2026-07-06 12:30:00
2489,29,1485,5.01,2026-07-06 12:30:00
2490,12,1486,5.30,2026-07-18 08:00:00
2491,6,1487,5.41,2026-01-10 19:30:00
2492,9,1488,2.18,2026-01-29 19:30:00
2493,5,1489,5.35,2026-03-02 16:00:00
2494,15,1490,0.73,2026-03-28 18:30:00
2495,9,1490,3.56,2026-03-28 18:30:00
2496,18,1491,5.43,2026-05-03 09:00:00
2497,21,1492,3.58,2026-05-30 13:00:00
2498,12,1492,5.20,2026-05-30 13:00:00
2499,6,1493,4.58,2026-03-21 14:00:00
2500,5,1493,2.25,2026-03-21 14:00:00
2501,23,1494,2.13,2026-04-05 10:30:00
2502,25,1495,1.60,2026-04-22 17:00:00
2503,16,1495,0.99,2026-04-22 17:00:00
2504,4,1496,5.12,2026-05-26 20:00:00
2505,29,1496,5.87,2026-05-26 20:00:00
2506,7,1497,1.18,2026-06-16 12:00:00
2507,10,1498,1.09,2026-03-19 14:00:00
2508,28,1498,3.46,2026-03-19 14:00:00
2509,29,1499,4.39,2026-04-13 14:00:00
2510,6,1499,2.87,2026-04-13 14:00:00
2511,2,1500,5.49,2026-05-03 18:30:00
2512,24,1501,0.63,2026-05-20 09:30:00
2513,20,1501,4.50,2026-05-20 09:30:00
2514,1,1502,1.51,2026-06-06 19:30:00
2515,28,1503,1.61,2025-12-04 15:30:00
2516,29,1504,2.38,2026-01-10 16:30:00
2517,29,1505,4.16,2026-02-15 19:00:00
2518,6,1506,1.01,2026-03-23 10:30:00
2519,1,1506,5.42,2026-03-23 10:30:00
2520,10,1506,3.51,2026-03-23 10:30:00
2521,22,1507,4.39,2026-05-02 09:30:00
2522,6,1508,2.61,2026-06-06 08:00:00
2523,11,1508,1.73,2026-06-06 08:00:00
2524,29,1509,3.45,2026-05-23 20:00:00
2525,30,1509,3.44,2026-05-23 20:00:00
2526,30,1510,2.91,2026-06-08 09:30:00
2527,6,1510,3.37,2026-06-08 09:30:00
2528,6,1511,1.77,2026-06-18 12:30:00
2529,17,1512,3.37,2026-07-07 19:00:00
2530,24,1513,1.17,2026-07-20 11:30:00
2531,25,1513,2.62,2026-07-20 11:30:00
2532,29,1514,2.76,2025-12-14 14:30:00
2533,5,1514,3.97,2025-12-14 14:30:00
2534,27,1515,2.34,2026-01-26 11:30:00
2535,3,1515,2.83,2026-01-26 11:30:00
2536,4,1515,4.64,2026-01-26 11:30:00
2537,26,1516,5.87,2026-02-28 16:00:00
2538,7,1516,5.28,2026-02-28 16:00:00
2539,2,1516,3.31,2026-02-28 16:00:00
2540,27,1517,0.86,2026-03-26 11:30:00
2541,18,1517,4.49,2026-03-26 11:30:00
2542,3,1518,5.68,2026-05-03 19:00:00
2543,10,1519,2.80,2026-05-21 18:00:00
2544,14,1520,2.30,2026-06-15 13:00:00
2545,27,1521,0.88,2026-07-20 13:30:00
2546,3,1521,2.69,2026-07-20 13:30:00
2547,20,1521,5.31,2026-07-20 13:30:00
2548,28,1522,1.07,2026-01-24 08:30:00
2549,11,1523,5.60,2026-02-16 13:30:00
2550,29,1524,5.12,2026-03-23 15:00:00
2551,1,1525,5.06,2026-04-04 18:30:00
2552,9,1525,2.15,2026-04-04 18:30:00
2553,29,1526,5.32,2026-05-06 13:00:00
2554,14,1526,2.06,2026-05-06 13:00:00
2555,1,1527,1.44,2026-05-25 08:00:00
2556,28,1528,4.58,2026-06-13 13:00:00
2557,28,1529,1.15,2026-01-07 17:30:00
2558,29,1529,1.62,2026-01-07 17:30:00
2559,30,1530,5.60,2026-02-14 08:30:00
2560,10,1530,1.90,2026-02-14 08:30:00
2561,10,1531,3.38,2026-03-12 11:30:00
2562,9,1532,5.60,2026-04-18 19:00:00
2563,19,1533,0.75,2026-05-30 17:00:00
2564,2,1533,5.26,2026-05-30 17:00:00
2565,6,1534,2.56,2026-04-02 18:00:00
2566,30,1534,3.45,2026-04-02 18:00:00
2567,14,1535,4.96,2026-05-07 11:00:00
2568,23,1535,5.33,2026-05-07 11:00:00
2569,27,1536,1.03,2026-06-09 16:00:00
2570,11,1537,3.72,2026-06-25 13:00:00
2571,7,1537,0.89,2026-06-25 13:00:00
2572,30,1538,1.59,2026-05-02 08:30:00
2573,29,1538,0.57,2026-05-02 08:30:00
2574,10,1539,3.13,2026-05-26 11:30:00
2575,29,1539,2.73,2026-05-26 11:30:00
2576,5,1540,1.83,2026-06-08 08:00:00
2577,3,1540,3.37,2026-06-08 08:00:00
2578,5,1541,1.60,2026-06-20 20:00:00
2579,14,1541,3.77,2026-06-20 20:00:00
2580,12,1542,5.41,2026-07-12 16:30:00
2581,30,1543,1.56,2026-04-01 10:00:00
2582,28,1543,1.53,2026-04-01 10:00:00
2583,6,1543,0.92,2026-04-01 10:00:00
2584,10,1544,1.58,2026-04-26 20:00:00
2585,28,1544,1.92,2026-04-26 20:00:00
2586,10,1545,4.37,2026-05-12 19:00:00
2587,19,1545,3.38,2026-05-12 19:00:00
2588,27,1546,0.99,2026-05-27 16:00:00
2589,21,1546,1.88,2026-05-27 16:00:00
2590,14,1546,5.96,2026-05-27 16:00:00
2591,30,1547,4.36,2026-02-08 08:00:00
2592,6,1547,3.45,2026-02-08 08:00:00
2593,12,1548,3.39,2026-02-28 13:00:00
2594,16,1548,3.35,2026-02-28 13:00:00
2595,21,1549,4.42,2026-03-12 16:30:00
2596,18,1549,4.52,2026-03-12 16:30:00
2597,11,1550,2.09,2026-04-06 18:00:00
2598,26,1550,3.52,2026-04-06 18:00:00
2599,9,1551,3.17,2026-05-09 15:00:00
2600,13,1552,4.43,2026-05-25 11:30:00
2601,3,1553,4.77,2026-06-11 17:30:00
2602,29,1554,3.10,2026-04-27 16:30:00
2603,10,1554,3.96,2026-04-27 16:30:00
2604,28,1554,1.97,2026-04-27 16:30:00
2605,6,1554,1.13,2026-04-27 16:30:00
2606,28,1555,3.10,2026-05-07 08:30:00
2607,6,1555,5.30,2026-05-07 08:30:00
2608,10,1555,4.19,2026-05-07 08:30:00
2609,30,1555,0.74,2026-05-07 08:30:00
2610,17,1556,2.13,2026-06-01 18:00:00
2611,4,1557,4.84,2026-06-18 15:00:00
2612,5,1558,2.20,2026-06-29 09:30:00
2613,29,1559,1.97,2026-01-24 13:30:00
2614,6,1559,5.18,2026-01-24 13:30:00
2615,10,1560,1.39,2026-02-07 18:00:00
2616,3,1561,2.40,2026-02-21 17:00:00
2617,20,1561,2.30,2026-02-21 17:00:00
2618,17,1562,4.14,2026-03-08 10:30:00
2619,1,1563,0.92,2026-03-28 12:00:00
2620,9,1563,0.73,2026-03-28 12:00:00
2621,18,1564,1.31,2026-04-16 16:30:00
2622,1,1565,5.71,2026-05-09 18:30:00
2623,16,1565,3.31,2026-05-09 18:30:00
2624,13,1565,2.07,2026-05-09 18:30:00
2625,10,1566,1.21,2026-05-30 18:30:00
2626,10,1567,4.14,2025-08-21 09:30:00
2627,6,1567,5.01,2025-08-21 09:30:00
2628,10,1568,1.91,2025-09-13 20:00:00
2629,6,1568,5.92,2025-09-13 20:00:00
2630,6,1569,2.19,2025-10-09 08:00:00
2631,20,1570,3.84,2025-11-03 13:00:00
2632,23,1571,4.39,2025-11-24 10:00:00
2633,14,1572,5.94,2025-12-15 13:30:00
2634,7,1572,2.29,2025-12-15 13:30:00
2635,1,1572,4.04,2025-12-15 13:30:00
2636,1,1573,3.09,2026-01-05 19:30:00
2637,7,1573,3.02,2026-01-05 19:30:00
2638,6,1574,4.78,2026-01-27 18:30:00
2639,21,1574,2.08,2026-01-27 18:30:00
2640,14,1575,3.94,2026-02-19 18:00:00
2641,4,1575,2.38,2026-02-19 18:00:00
2642,20,1576,2.50,2026-03-15 08:00:00
2643,2,1576,1.34,2026-03-15 08:00:00
2644,10,1577,2.12,2026-04-08 20:00:00
2645,15,1578,3.29,2026-04-28 14:00:00
2646,5,1578,3.13,2026-04-28 14:00:00
2647,18,1579,0.52,2026-05-20 12:00:00
2648,10,1580,2.24,2026-06-14 13:00:00
2649,20,1580,4.66,2026-06-14 13:00:00
2650,6,1581,4.87,2026-03-14 11:00:00
2651,11,1582,5.54,2026-04-05 11:30:00
2652,26,1582,1.97,2026-04-05 11:30:00
2653,17,1583,4.84,2026-05-20 19:00:00
2654,26,1584,4.49,2026-06-04 12:00:00
2655,2,1584,2.18,2026-06-04 12:00:00
2656,14,1584,5.83,2026-06-04 12:00:00
2657,9,1584,4.61,2026-06-04 12:00:00
2658,21,1585,3.67,2026-07-11 09:30:00
2659,30,1586,3.97,2026-03-23 09:30:00
2660,19,1587,5.50,2026-04-22 17:00:00
2661,5,1588,5.79,2026-05-07 13:00:00
2662,28,1588,0.54,2026-05-07 13:00:00
2663,24,1588,3.73,2026-05-07 13:00:00
2664,13,1589,3.35,2026-05-28 11:00:00
2665,20,1590,5.90,2026-06-21 15:00:00
2666,3,1590,4.98,2026-06-21 15:00:00
2667,6,1591,2.70,2026-05-26 08:00:00
2668,5,1591,4.60,2026-05-26 08:00:00
2669,10,1591,0.79,2026-05-26 08:00:00
2670,29,1591,2.49,2026-05-26 08:00:00
2671,10,1592,4.07,2026-06-03 13:00:00
2672,29,1592,1.47,2026-06-03 13:00:00
2673,28,1592,2.41,2026-06-03 13:00:00
2674,18,1593,2.79,2026-06-20 17:00:00
2675,25,1593,2.43,2026-06-20 17:00:00
2676,15,1593,4.54,2026-06-20 17:00:00
2677,16,1594,1.68,2026-07-02 17:00:00
2678,12,1595,1.91,2026-07-11 13:30:00
2679,28,1596,4.24,2026-04-14 10:30:00
2680,5,1596,3.43,2026-04-14 10:30:00
2681,26,1597,1.92,2026-05-06 20:00:00
2682,1,1597,2.67,2026-05-06 20:00:00
2683,15,1598,2.42,2026-05-27 19:30:00
2684,23,1598,1.85,2026-05-27 19:30:00
2685,3,1599,3.72,2026-06-07 18:00:00
2686,25,1599,1.32,2026-06-07 18:00:00
2687,6,1600,2.54,2026-06-23 13:30:00
2688,19,1600,1.76,2026-06-23 13:30:00
2689,5,1601,1.23,2026-07-18 20:00:00
2690,2,1601,1.86,2026-07-18 20:00:00
2691,19,1601,5.16,2026-07-18 20:00:00
2692,4,1601,5.69,2026-07-18 20:00:00
2693,29,1602,2.58,2026-04-02 10:30:00
2694,4,1603,3.52,2026-04-20 18:30:00
2695,20,1604,3.89,2026-05-18 18:30:00
2696,20,1605,0.52,2026-06-11 13:30:00
2697,10,1606,0.88,2026-06-27 19:00:00
2698,13,1606,1.01,2026-06-27 19:00:00
2699,5,1607,1.17,2026-02-07 15:00:00
2700,25,1608,2.86,2026-03-10 16:00:00
2701,10,1608,5.87,2026-03-10 16:00:00
2702,3,1608,0.64,2026-03-10 16:00:00
2703,29,1609,4.14,2026-04-04 19:00:00
2704,11,1610,5.55,2026-04-19 08:30:00
2705,29,1611,0.58,2026-05-20 11:00:00
2706,22,1612,4.75,2026-06-07 14:30:00
2707,2,1612,3.82,2026-06-07 14:30:00
2708,7,1613,3.94,2026-06-25 19:30:00
2709,25,1613,0.87,2026-06-25 19:30:00
2710,17,1613,1.86,2026-06-25 19:30:00
2711,2,1614,5.19,2026-07-21 12:30:00
2712,30,1615,5.11,2026-03-02 15:00:00
2713,5,1615,4.52,2026-03-02 15:00:00
2714,21,1616,4.22,2026-04-04 09:30:00
2715,14,1617,2.76,2026-05-07 14:30:00
2716,9,1617,5.61,2026-05-07 14:30:00
2717,27,1617,0.67,2026-05-07 14:30:00
2718,28,1618,1.75,2026-06-06 19:00:00
2719,23,1618,4.55,2026-06-06 19:00:00
2720,3,1619,5.79,2026-06-29 12:00:00
2721,14,1619,2.91,2026-06-29 12:00:00
2722,10,1620,5.69,2026-05-18 17:30:00
2723,30,1620,1.75,2026-05-18 17:30:00
2724,6,1620,5.95,2026-05-18 17:30:00
2725,30,1621,1.72,2026-05-30 15:00:00
2726,6,1621,4.44,2026-05-30 15:00:00
2727,17,1622,5.55,2026-06-17 11:30:00
2728,19,1623,2.86,2026-06-24 18:30:00
2729,12,1623,1.39,2026-06-24 18:30:00
2730,30,1624,4.14,2026-03-24 13:30:00
2731,2,1625,2.49,2026-04-25 14:30:00
2732,21,1626,4.91,2026-05-25 18:30:00
2733,5,1626,2.64,2026-05-25 18:30:00
2734,7,1626,1.62,2026-05-25 18:30:00
2735,10,1626,1.65,2026-05-25 18:30:00
2736,13,1627,0.61,2026-06-06 18:30:00
2737,29,1628,5.44,2026-06-21 19:30:00
2738,30,1629,4.73,2026-01-24 12:30:00
2739,21,1630,2.78,2026-02-08 14:00:00
2740,11,1631,5.67,2026-03-22 14:30:00
2741,5,1631,0.58,2026-03-22 14:30:00
2742,23,1632,4.83,2026-04-05 12:30:00
2743,13,1632,1.14,2026-04-05 12:30:00
2744,21,1633,5.62,2026-05-06 16:00:00
2745,27,1633,2.94,2026-05-06 16:00:00
2746,6,1634,4.40,2026-06-13 13:30:00
2747,12,1634,1.84,2026-06-13 13:30:00
2748,20,1634,1.80,2026-06-13 13:30:00
2749,5,1635,5.79,2026-03-15 13:30:00
2750,28,1635,2.34,2026-03-15 13:30:00
2751,30,1635,2.22,2026-03-15 13:30:00
2752,10,1635,4.12,2026-03-15 13:30:00
2753,26,1636,0.80,2026-04-02 13:30:00
2754,21,1636,0.95,2026-04-02 13:30:00
2755,17,1637,3.58,2026-04-28 12:30:00
2756,9,1637,5.65,2026-04-28 12:30:00
2757,5,1638,0.55,2026-06-06 12:30:00
2758,18,1639,2.04,2026-06-30 15:30:00
2759,7,1639,3.12,2026-06-30 15:30:00
2760,10,1640,5.43,2026-01-12 12:30:00
2761,19,1641,1.25,2026-02-10 12:00:00
2762,5,1642,3.49,2026-03-07 16:30:00
2763,17,1642,0.57,2026-03-07 16:30:00
2764,20,1643,2.91,2026-03-29 17:30:00
2765,19,1644,4.19,2026-04-28 11:00:00
2766,9,1645,3.61,2026-05-11 19:00:00
2767,24,1645,3.02,2026-05-11 19:00:00
2768,18,1646,2.53,2026-06-03 14:30:00
2769,16,1646,3.07,2026-06-03 14:30:00
2770,28,1647,5.26,2026-03-30 09:00:00
2771,9,1648,1.07,2026-04-19 20:00:00
2772,13,1648,4.04,2026-04-19 20:00:00
2773,12,1649,5.14,2026-05-07 10:30:00
2774,10,1650,1.92,2026-05-30 14:30:00
2775,12,1650,3.82,2026-05-30 14:30:00
2776,28,1650,0.61,2026-05-30 14:30:00
2777,29,1651,4.66,2026-07-01 12:00:00
2778,30,1652,5.38,2025-12-27 11:00:00
2779,14,1653,5.82,2026-02-05 09:30:00
2780,7,1653,4.56,2026-02-05 09:30:00
2781,9,1654,2.64,2026-03-14 13:00:00
2782,11,1655,4.95,2026-04-28 13:00:00
2783,3,1656,4.42,2026-05-14 20:00:00
2784,1,1657,1.27,2026-05-31 16:00:00
2785,24,1657,5.55,2026-05-31 16:00:00
2786,16,1658,5.90,2026-07-12 10:00:00
2787,30,1659,4.69,2025-10-01 16:00:00
2788,10,1659,4.03,2025-10-01 16:00:00
2789,29,1659,3.22,2025-10-01 16:00:00
2790,28,1659,5.52,2025-10-01 16:00:00
2791,29,1660,4.02,2025-10-29 13:00:00
2792,10,1660,3.97,2025-10-29 13:00:00
2793,30,1660,4.16,2025-10-29 13:00:00
2794,9,1661,1.50,2025-12-06 10:00:00
2795,5,1661,1.67,2025-12-06 10:00:00
2796,7,1662,1.84,2025-12-27 08:30:00
2797,29,1663,1.40,2026-02-25 12:00:00
2798,12,1664,0.94,2026-04-20 14:00:00
2799,3,1664,5.18,2026-04-20 14:00:00
2800,24,1665,2.13,2026-06-10 11:30:00
2801,30,1666,4.80,2026-04-18 10:30:00
2802,10,1666,5.97,2026-04-18 10:30:00
2803,5,1667,1.58,2026-04-26 15:30:00
2804,6,1667,3.28,2026-04-26 15:30:00
2805,24,1668,1.36,2026-05-04 19:30:00
2806,18,1668,2.05,2026-05-04 19:30:00
2807,12,1669,0.58,2026-05-23 14:00:00
2808,14,1669,0.88,2026-05-23 14:00:00
2809,11,1669,5.53,2026-05-23 14:00:00
2810,19,1670,4.57,2026-06-13 17:00:00
2811,27,1670,2.31,2026-06-13 17:00:00
2812,19,1671,3.21,2026-06-24 19:30:00
2813,10,1672,0.57,2026-04-09 17:00:00
2814,28,1672,4.57,2026-04-09 17:00:00
2815,29,1673,5.59,2026-04-23 15:30:00
2816,5,1673,1.16,2026-04-23 15:30:00
2817,4,1674,3.92,2026-05-02 19:00:00
2818,18,1675,1.87,2026-05-10 17:00:00
2819,19,1676,4.45,2026-06-04 20:00:00
2820,30,1677,3.07,2025-10-18 16:30:00
2821,6,1677,2.98,2025-10-18 16:30:00
2822,6,1678,1.30,2025-12-17 14:00:00
2823,7,1679,4.33,2026-01-25 11:00:00
2824,7,1680,2.93,2026-03-26 16:30:00
2825,9,1680,4.80,2026-03-26 16:30:00
2826,5,1681,5.83,2026-05-07 17:00:00
2827,11,1682,5.74,2026-05-30 11:00:00
2828,29,1683,5.08,2026-02-14 13:30:00
2829,28,1683,2.25,2026-02-14 13:30:00
2830,10,1684,4.57,2026-03-11 12:00:00
2831,7,1685,0.67,2026-04-01 19:30:00
2832,18,1686,5.65,2026-05-02 10:00:00
2833,2,1686,0.79,2026-05-02 10:00:00
2834,4,1687,4.07,2026-05-28 15:30:00
2835,30,1688,5.25,2025-09-18 14:00:00
2836,14,1689,1.07,2025-10-30 11:30:00
2837,25,1689,3.64,2025-10-30 11:30:00
2838,17,1689,0.76,2025-10-30 11:30:00
2839,2,1689,1.17,2025-10-30 11:30:00
2840,28,1690,0.71,2025-12-13 18:30:00
2841,21,1691,1.07,2026-01-12 13:00:00
2842,9,1691,2.36,2026-01-12 13:00:00
2843,13,1691,3.19,2026-01-12 13:00:00
2844,17,1692,2.49,2026-02-02 09:30:00
2845,2,1693,2.03,2026-03-18 19:30:00
2846,21,1694,1.13,2026-04-28 09:00:00
2847,19,1695,4.00,2026-06-01 20:00:00
2848,18,1695,2.85,2026-06-01 20:00:00
2849,6,1696,3.20,2025-09-06 14:00:00
2850,30,1697,2.80,2025-10-26 19:00:00
2851,1,1698,0.70,2025-12-02 08:30:00
2852,6,1698,4.51,2025-12-02 08:30:00
2853,5,1698,2.42,2025-12-02 08:30:00
2854,7,1699,1.46,2026-01-17 16:00:00
2855,28,1699,1.22,2026-01-17 16:00:00
2856,28,1700,4.49,2026-03-16 15:00:00
2857,6,1701,3.42,2026-05-05 08:30:00
2858,6,1702,3.59,2026-06-22 10:00:00
2859,16,1702,3.95,2026-06-22 10:00:00
2860,30,1703,2.46,2026-05-20 18:30:00
2861,28,1703,2.89,2026-05-20 18:30:00
2862,29,1703,5.94,2026-05-20 18:30:00
2863,6,1703,5.51,2026-05-20 18:30:00
2864,10,1704,2.75,2026-06-06 18:00:00
2865,5,1705,4.75,2026-06-20 16:30:00
2866,5,1706,2.21,2026-03-08 14:30:00
2867,28,1707,2.27,2026-04-08 16:00:00
2868,7,1708,5.94,2026-05-05 19:30:00
2869,29,1708,4.19,2026-05-05 19:30:00
2870,29,1709,0.99,2026-06-03 18:00:00
2871,26,1709,5.10,2026-06-03 18:00:00
2872,4,1709,2.50,2026-06-03 18:00:00
2873,17,1710,3.81,2026-06-16 17:00:00
2874,30,1711,1.22,2026-01-07 14:30:00
2875,28,1711,2.23,2026-01-07 14:30:00
2876,6,1712,5.57,2026-02-10 13:00:00
2877,2,1713,2.00,2026-03-21 13:00:00
2878,28,1714,5.78,2026-04-25 11:00:00
2879,13,1715,3.49,2026-05-19 15:30:00
2880,13,1716,1.03,2026-06-17 15:00:00
2881,5,1716,4.20,2026-06-17 15:00:00
2882,29,1717,3.13,2026-03-15 12:30:00
2883,28,1718,5.43,2026-04-13 17:30:00
2884,6,1718,2.81,2026-04-13 17:30:00
2885,6,1719,0.96,2026-05-09 08:30:00
2886,10,1719,3.64,2026-05-09 08:30:00
2887,28,1719,0.56,2026-05-09 08:30:00
2888,25,1720,2.29,2026-06-01 12:00:00
2889,9,1720,1.98,2026-06-01 12:00:00
2890,5,1721,4.89,2025-12-30 16:00:00
2891,30,1722,2.89,2026-01-24 20:00:00
2892,26,1723,4.96,2026-02-21 14:30:00
2893,5,1723,1.11,2026-02-21 14:30:00
2894,16,1723,1.94,2026-02-21 14:30:00
2895,19,1724,3.50,2026-03-18 10:30:00
2896,28,1725,1.74,2026-04-08 08:00:00
2897,2,1726,0.87,2026-05-02 09:00:00
2898,12,1727,2.55,2026-05-30 17:30:00
2899,29,1727,1.42,2026-05-30 17:30:00
2900,17,1728,3.72,2026-06-25 13:00:00
2901,11,1729,2.37,2026-07-23 08:00:00
2902,30,1730,4.20,2026-03-07 09:30:00
2903,30,1731,4.31,2026-03-22 10:00:00
2904,28,1731,3.48,2026-03-22 10:00:00
2905,18,1732,5.24,2026-03-29 19:30:00
2906,9,1732,4.86,2026-03-29 19:30:00
2907,7,1733,0.55,2026-04-20 08:00:00
2908,12,1734,4.03,2026-05-10 10:00:00
2909,24,1735,0.72,2026-05-30 10:30:00
2910,4,1735,4.03,2026-05-30 10:30:00
2911,21,1736,3.34,2026-06-21 17:30:00
2912,10,1737,1.18,2026-03-14 12:00:00
2913,6,1737,2.35,2026-03-14 12:00:00
2914,10,1738,3.73,2026-03-24 15:00:00
2915,13,1739,5.31,2026-04-04 14:30:00
2916,25,1739,2.56,2026-04-04 14:30:00
2917,3,1740,2.55,2026-04-28 10:30:00
2918,16,1740,4.68,2026-04-28 10:30:00
2919,5,1740,3.87,2026-04-28 10:30:00
2920,19,1741,4.86,2026-05-06 14:00:00
2921,23,1742,3.85,2026-05-23 12:30:00
2922,12,1742,1.07,2026-05-23 12:30:00
2923,6,1743,0.74,2026-06-13 12:30:00
2924,30,1744,2.84,2026-04-18 16:00:00
2925,28,1744,2.71,2026-04-18 16:00:00
2926,24,1745,0.69,2026-05-10 11:30:00
2927,24,1746,2.95,2026-05-25 18:30:00
2928,15,1747,4.10,2026-06-29 14:00:00
2929,7,1747,2.04,2026-06-29 14:00:00
2930,10,1747,3.72,2026-06-29 14:00:00
2931,16,1747,0.57,2026-06-29 14:00:00
2932,17,1747,2.90,2026-06-29 14:00:00
2933,29,1748,4.24,2026-03-12 10:00:00
2934,15,1749,5.73,2026-03-29 16:30:00
2935,14,1750,3.87,2026-04-11 20:00:00
2936,19,1751,1.09,2026-05-11 16:30:00
2937,20,1752,3.51,2026-05-25 09:30:00
2938,29,1753,3.49,2026-04-06 20:00:00
2939,10,1754,1.10,2026-04-29 13:30:00
2940,9,1755,1.68,2026-05-09 14:30:00
2941,8,1756,0.69,2026-06-01 16:00:00
2942,1,1756,3.98,2026-06-01 16:00:00
2943,14,1757,4.13,2026-06-15 12:30:00
2944,10,1758,3.58,2025-12-15 08:00:00
2945,6,1759,2.07,2026-01-12 08:00:00
2946,7,1760,4.12,2026-03-02 15:30:00
2947,10,1760,5.09,2026-03-02 15:30:00
2948,9,1760,4.19,2026-03-02 15:30:00
2949,5,1761,0.75,2026-04-13 16:00:00
2950,6,1761,3.56,2026-04-13 16:00:00
2951,19,1762,3.82,2026-06-04 14:00:00
2952,12,1762,2.01,2026-06-04 14:00:00
2953,5,1763,5.62,2026-06-08 13:00:00
2954,29,1763,3.96,2026-06-08 13:00:00
2955,10,1764,1.11,2026-06-20 16:30:00
2956,30,1764,1.00,2026-06-20 16:30:00
2957,14,1765,3.87,2026-06-30 09:30:00
2958,18,1765,1.09,2026-06-30 09:30:00
2959,3,1765,1.50,2026-06-30 09:30:00
2960,11,1766,1.75,2026-07-25 11:00:00
2961,29,1767,2.56,2026-04-30 11:30:00
2962,10,1767,4.66,2026-04-30 11:30:00
2963,30,1767,4.81,2026-04-30 11:30:00
2964,28,1767,2.83,2026-04-30 11:30:00
2965,28,1768,1.62,2026-05-09 13:00:00
2966,2,1769,2.98,2026-05-28 16:00:00
2967,9,1769,1.45,2026-05-28 16:00:00
2968,3,1770,0.55,2026-06-10 17:00:00
2969,19,1770,1.36,2026-06-10 17:00:00
2970,5,1770,4.68,2026-06-10 17:00:00
2971,30,1771,0.87,2026-03-28 08:00:00
2972,28,1771,5.37,2026-03-28 08:00:00
2973,6,1772,5.18,2026-04-25 08:00:00
2974,28,1773,5.53,2026-05-09 17:00:00
2975,29,1773,4.75,2026-05-09 17:00:00
2976,29,1774,2.59,2026-06-03 13:00:00
2977,5,1774,0.80,2026-06-03 13:00:00
2978,1,1775,1.30,2026-06-23 10:30:00
2979,28,1776,2.54,2025-10-21 10:00:00
2980,6,1776,3.28,2025-10-21 10:00:00
2981,10,1776,2.46,2025-10-21 10:00:00
2982,5,1777,1.23,2025-11-13 15:30:00
2983,5,1778,0.75,2025-12-25 09:00:00
2984,10,1779,2.78,2026-02-03 08:30:00
2985,5,1779,3.33,2026-02-03 08:30:00
2986,19,1780,4.51,2026-03-18 09:30:00
2987,25,1781,1.90,2026-04-07 09:30:00
2988,9,1782,3.11,2026-05-03 14:30:00
2989,9,1783,3.60,2026-06-27 13:00:00
2990,29,1784,3.93,2026-04-30 10:30:00
2991,10,1784,5.00,2026-04-30 10:30:00
2992,28,1785,3.65,2026-05-17 18:30:00
2993,29,1785,4.29,2026-05-17 18:30:00
2994,24,1786,3.67,2026-06-08 18:00:00
2995,18,1787,5.34,2026-06-27 20:00:00
2996,28,1787,5.60,2026-06-27 20:00:00
2997,16,1788,4.07,2026-07-11 17:30:00
2998,30,1789,4.03,2026-05-09 13:30:00
2999,10,1790,3.79,2026-05-24 18:00:00
3000,30,1790,1.18,2026-05-24 18:00:00
3001,6,1790,5.70,2026-05-24 18:00:00
3002,15,1791,0.63,2026-06-06 13:30:00
3003,28,1792,2.21,2026-06-17 11:00:00
3004,7,1792,2.32,2026-06-17 11:00:00
3005,5,1792,5.98,2026-06-17 11:00:00
3006,6,1793,3.28,2026-05-02 08:00:00
3007,28,1793,4.89,2026-05-02 08:00:00
3008,29,1794,0.51,2026-05-11 08:30:00
3009,10,1795,4.14,2026-05-26 16:30:00
3010,13,1796,2.31,2026-06-17 08:30:00
3011,26,1796,5.69,2026-06-17 08:30:00
3012,25,1796,5.44,2026-06-17 08:30:00
3013,3,1796,4.57,2026-06-17 08:30:00
3014,28,1797,1.60,2026-07-06 19:30:00
3015,25,1797,5.40,2026-07-06 19:30:00
3016,28,1798,1.32,2026-05-09 11:00:00
3017,29,1798,1.50,2026-05-09 11:00:00
3018,5,1799,0.97,2026-06-09 16:30:00
3019,6,1799,1.46,2026-06-09 16:30:00
3020,10,1799,1.60,2026-06-09 16:30:00
3021,26,1800,5.70,2026-07-13 19:30:00
3022,10,1801,3.23,2026-03-29 10:00:00
3023,28,1802,1.51,2026-04-25 16:00:00
3024,27,1802,5.57,2026-04-25 16:00:00
3025,10,1802,3.44,2026-04-25 16:00:00
3026,3,1803,2.43,2026-05-31 08:00:00
3027,28,1804,1.05,2026-06-27 15:00:00
3028,15,1805,4.67,2026-07-18 17:00:00
3029,26,1805,1.15,2026-07-18 17:00:00
3030,5,1806,2.15,2026-03-24 19:30:00
3031,19,1807,3.61,2026-04-28 17:00:00
3032,9,1807,0.73,2026-04-28 17:00:00
3033,6,1808,4.75,2026-05-26 10:30:00
3034,7,1808,2.25,2026-05-26 10:30:00
3035,19,1808,1.60,2026-05-26 10:30:00
3036,14,1809,1.34,2026-06-24 16:30:00
3037,12,1810,2.24,2026-07-07 18:00:00
3038,29,1810,3.61,2026-07-07 18:00:00
3039,6,1811,3.28,2026-02-17 09:30:00
3040,29,1811,4.89,2026-02-17 09:30:00
3041,9,1812,3.93,2026-03-28 17:00:00
3042,15,1812,4.96,2026-03-28 17:00:00
3043,12,1812,2.10,2026-03-28 17:00:00
3044,20,1813,5.32,2026-04-11 14:30:00
3045,10,1813,4.39,2026-04-11 14:30:00
3046,11,1813,3.50,2026-04-11 14:30:00
3047,22,1814,2.47,2026-04-28 16:30:00
3048,5,1815,5.41,2026-05-25 13:30:00
3049,30,1816,2.60,2026-03-04 12:00:00
3050,10,1816,4.73,2026-03-04 12:00:00
3051,19,1817,4.01,2026-03-28 10:00:00
3052,2,1817,3.10,2026-03-28 10:00:00
3053,16,1818,2.20,2026-05-02 18:00:00
3054,5,1818,4.18,2026-05-02 18:00:00
3055,20,1819,4.67,2026-05-23 14:30:00
3056,18,1819,2.18,2026-05-23 14:30:00
3057,11,1819,3.20,2026-05-23 14:30:00
3058,16,1820,1.52,2026-06-07 18:30:00
3059,20,1821,5.73,2026-06-20 14:30:00
3060,2,1821,3.43,2026-06-20 14:30:00
3061,24,1822,1.20,2026-07-13 17:00:00
3062,30,1823,0.74,2026-03-19 12:00:00
3063,6,1823,1.54,2026-03-19 12:00:00
3064,2,1824,1.39,2026-04-11 08:00:00
3065,21,1825,2.98,2026-04-29 11:00:00
3066,17,1825,5.81,2026-04-29 11:00:00
3067,23,1826,2.89,2026-05-19 10:00:00
3068,12,1826,0.84,2026-05-19 10:00:00
3069,6,1827,2.85,2026-06-06 14:30:00
3070,16,1828,0.68,2026-07-11 16:30:00
3071,5,1828,3.38,2026-07-11 16:30:00
3072,6,1829,3.48,2026-03-30 12:30:00
3073,28,1830,3.92,2026-04-20 14:30:00
3074,1,1831,4.41,2026-05-14 08:30:00
3075,25,1831,4.33,2026-05-14 08:30:00
3076,17,1832,3.04,2026-05-27 13:30:00
3077,29,1833,3.65,2025-10-18 11:30:00
3078,5,1833,3.79,2025-10-18 11:30:00
3079,3,1834,3.63,2025-11-18 09:00:00
3080,9,1834,2.73,2025-11-18 09:00:00
3081,28,1835,3.32,2025-12-27 15:00:00
3082,19,1836,1.63,2026-02-01 16:30:00
3083,11,1836,1.51,2026-02-01 16:30:00
3084,2,1837,4.44,2026-02-26 10:00:00
3085,20,1837,3.04,2026-02-26 10:00:00
3086,11,1838,1.00,2026-03-18 16:00:00
3087,12,1838,0.76,2026-03-18 16:00:00
3088,16,1839,1.09,2026-04-18 10:00:00
3089,20,1839,5.29,2026-04-18 10:00:00
3090,7,1840,5.50,2026-05-28 17:30:00
3091,24,1841,3.17,2026-06-20 13:00:00
3092,28,1842,4.97,2026-02-21 15:30:00
3093,9,1843,4.46,2026-04-02 08:30:00
3094,20,1843,4.29,2026-04-02 08:30:00
3095,24,1844,5.76,2026-04-23 20:00:00
3096,28,1844,3.95,2026-04-23 20:00:00
3097,11,1844,5.17,2026-04-23 20:00:00
3098,26,1845,3.52,2026-05-07 09:00:00
3099,10,1846,2.32,2026-06-06 13:00:00
3100,2,1846,4.04,2026-06-06 13:00:00
3101,14,1847,5.56,2026-07-01 10:30:00
3102,11,1848,2.15,2026-07-18 11:30:00
3103,7,1848,5.77,2026-07-18 11:30:00
3104,30,1849,3.46,2026-01-06 16:30:00
3105,28,1849,5.71,2026-01-06 16:30:00
3106,29,1849,3.55,2026-01-06 16:30:00
3107,5,1849,1.01,2026-01-06 16:30:00
3108,5,1850,4.13,2026-02-18 17:00:00
3109,29,1850,2.67,2026-02-18 17:00:00
3110,10,1851,0.98,2026-04-18 09:30:00
3111,29,1851,2.90,2026-04-18 09:30:00
3112,10,1852,5.21,2026-06-02 19:30:00
3113,8,1852,1.59,2026-06-02 19:30:00
3114,2,1853,0.63,2026-07-07 08:00:00
3115,10,1854,1.74,2026-01-03 18:00:00
3116,30,1854,5.78,2026-01-03 18:00:00
3117,6,1854,2.57,2026-01-03 18:00:00
3118,16,1855,5.98,2026-01-29 13:30:00
3119,13,1856,3.03,2026-03-07 13:30:00
3120,9,1856,3.16,2026-03-07 13:30:00
3121,12,1857,2.74,2026-04-20 18:30:00
3122,9,1857,4.01,2026-04-20 18:30:00
3123,23,1858,3.73,2026-05-12 18:00:00
3124,17,1859,0.53,2026-06-03 13:30:00
3125,16,1859,5.43,2026-06-03 13:30:00
3126,7,1859,1.51,2026-06-03 13:30:00
3127,5,1860,1.24,2026-02-14 12:00:00
3128,28,1860,2.97,2026-02-14 12:00:00
3129,10,1860,3.62,2026-02-14 12:00:00
3130,29,1860,2.36,2026-02-14 12:00:00
3131,9,1861,4.92,2026-03-21 11:00:00
3132,10,1862,4.91,2026-04-02 11:30:00
3133,14,1863,1.90,2026-05-04 09:30:00
3134,10,1863,2.21,2026-05-04 09:30:00
3135,1,1863,1.22,2026-05-04 09:30:00
3136,25,1864,3.19,2026-05-21 13:00:00
3137,21,1865,4.75,2026-06-20 13:30:00
3138,10,1866,4.93,2026-07-25 09:00:00
3139,24,1866,3.00,2026-07-25 09:00:00
3140,29,1867,1.95,2026-03-07 10:00:00
3141,6,1868,0.54,2026-03-17 09:00:00
3142,10,1869,2.12,2026-04-16 15:00:00
3143,5,1869,4.23,2026-04-16 15:00:00
3144,18,1870,2.50,2026-05-16 17:30:00
3145,4,1870,4.35,2026-05-16 17:30:00
3146,21,1871,4.63,2026-06-06 17:00:00
3147,5,1872,1.77,2026-01-27 12:00:00
3148,26,1873,5.82,2026-02-23 08:00:00
3149,15,1873,2.44,2026-02-23 08:00:00
3150,23,1874,5.94,2026-03-10 09:00:00
3151,3,1875,0.68,2026-03-24 16:00:00
3152,17,1875,4.17,2026-03-24 16:00:00
3153,10,1875,4.95,2026-03-24 16:00:00
3154,25,1875,5.40,2026-03-24 16:00:00
3155,15,1876,4.13,2026-04-28 15:00:00
3156,10,1877,4.01,2026-05-19 08:30:00
3157,9,1878,1.52,2026-06-22 11:30:00
3158,21,1878,3.70,2026-06-22 11:30:00
3159,29,1879,5.70,2026-03-04 08:30:00
3160,28,1879,4.12,2026-03-04 08:30:00
3161,26,1880,3.64,2026-04-08 16:00:00
3162,22,1881,1.18,2026-04-30 08:00:00
3163,19,1882,1.24,2026-06-07 17:00:00
3164,22,1883,3.70,2026-07-02 14:00:00
3165,9,1884,5.53,2026-07-23 09:00:00
3166,6,1885,5.90,2026-05-16 15:00:00
3167,4,1886,2.26,2026-06-11 09:00:00
3168,16,1887,5.08,2026-07-14 09:30:00
3169,30,1888,4.68,2026-05-16 17:00:00
3170,16,1889,3.58,2026-06-08 18:00:00
3171,19,1890,5.53,2026-07-01 12:00:00
3172,15,1890,4.89,2026-07-01 12:00:00
3173,27,1891,5.36,2026-07-21 20:00:00
3174,2,1891,4.80,2026-07-21 20:00:00
3175,5,1892,2.23,2025-11-03 17:30:00
3176,29,1892,0.98,2025-11-03 17:30:00
3177,6,1892,3.41,2025-11-03 17:30:00
3178,29,1893,2.46,2025-11-25 09:30:00
3179,13,1894,1.34,2025-12-23 19:30:00
3180,3,1894,4.42,2025-12-23 19:30:00
3181,14,1895,3.74,2026-01-17 18:00:00
3182,20,1896,0.83,2026-02-09 12:30:00
3183,27,1896,4.08,2026-02-09 12:30:00
3184,15,1897,3.05,2026-03-04 16:00:00
3185,16,1898,1.05,2026-03-26 11:30:00
3186,16,1899,2.54,2026-04-22 18:30:00
3187,13,1899,2.66,2026-04-22 18:30:00
3188,11,1899,3.21,2026-04-22 18:30:00
3189,16,1900,0.65,2026-05-18 12:00:00
3190,24,1900,1.82,2026-05-18 12:00:00
3191,17,1900,4.96,2026-05-18 12:00:00
3192,2,1901,4.46,2026-06-09 09:00:00
3193,2,1902,4.57,2026-07-01 13:00:00
3194,5,1903,5.02,2025-10-09 09:00:00
3195,6,1904,1.81,2025-11-23 10:00:00
3196,10,1904,5.46,2025-11-23 10:00:00
3197,8,1905,3.57,2026-01-05 19:00:00
3198,9,1905,3.64,2026-01-05 19:00:00
3199,8,1906,4.18,2026-02-19 18:30:00
3200,28,1906,5.41,2026-02-19 18:30:00
3201,20,1907,4.37,2026-03-24 19:30:00
3202,15,1908,0.54,2026-05-23 10:00:00
3203,6,1909,4.78,2026-07-15 14:30:00
3204,10,1910,0.56,2025-08-23 13:30:00
3205,28,1910,4.03,2025-08-23 13:30:00
3206,28,1911,0.50,2025-10-16 09:30:00
3207,6,1911,0.87,2025-10-16 09:30:00
3208,8,1912,1.65,2025-12-07 17:30:00
3209,10,1912,5.05,2025-12-07 17:30:00
3210,7,1912,5.12,2025-12-07 17:30:00
3211,5,1913,4.64,2026-01-26 10:00:00
3212,12,1914,4.92,2026-03-25 14:00:00
3213,13,1915,0.58,2026-04-26 09:30:00
3214,28,1916,2.73,2026-06-03 11:30:00
3215,11,1916,1.17,2026-06-03 11:30:00
3216,4,1916,5.36,2026-06-03 11:30:00
3217,10,1917,0.98,2026-03-09 18:30:00
3218,9,1918,1.57,2026-04-04 11:00:00
3219,19,1919,5.18,2026-04-18 19:30:00
3220,2,1920,1.98,2026-05-19 13:30:00
3221,3,1920,5.43,2026-05-19 13:30:00
3222,2,1921,2.06,2026-06-08 19:00:00
3223,14,1922,4.13,2026-06-21 10:00:00
3224,10,1923,3.59,2026-01-24 08:00:00
3225,6,1924,1.39,2026-02-15 08:30:00
3226,1,1924,2.37,2026-02-15 08:30:00
3227,7,1925,2.99,2026-03-15 14:30:00
3228,18,1926,1.16,2026-03-31 13:30:00
3229,2,1926,3.62,2026-03-31 13:30:00
3230,18,1927,2.68,2026-05-05 16:30:00
3231,20,1927,2.27,2026-05-05 16:30:00
3232,25,1928,3.36,2026-06-08 09:00:00
3233,26,1929,1.20,2026-06-22 19:30:00
3234,5,1929,2.54,2026-06-22 19:30:00
3235,3,1929,4.07,2026-06-22 19:30:00
3236,6,1930,2.93,2025-11-15 18:30:00
3237,29,1931,5.77,2025-12-10 18:30:00
3238,28,1932,5.81,2026-01-06 18:00:00
3239,2,1932,3.82,2026-01-06 18:00:00
3240,12,1933,1.18,2026-02-02 17:30:00
3241,20,1933,5.35,2026-02-02 17:30:00
3242,15,1933,0.71,2026-02-02 17:30:00
3243,23,1934,4.92,2026-03-02 10:00:00
3244,28,1934,1.72,2026-03-02 10:00:00
3245,1,1935,1.89,2026-03-26 19:30:00
3246,25,1935,2.36,2026-03-26 19:30:00
3247,9,1936,3.33,2026-04-16 12:30:00
3248,9,1937,2.77,2026-05-07 20:00:00
3249,17,1938,2.14,2026-06-01 10:00:00
3250,19,1939,0.93,2026-06-22 16:00:00
3251,21,1939,5.79,2026-06-22 16:00:00
3252,28,1940,5.41,2026-02-28 16:30:00
3253,30,1940,2.33,2026-02-28 16:30:00
3254,18,1941,5.31,2026-03-14 10:00:00
3255,11,1942,5.95,2026-04-08 08:30:00
3256,25,1942,1.70,2026-04-08 08:30:00
3257,16,1942,0.84,2026-04-08 08:30:00
3258,21,1942,0.66,2026-04-08 08:30:00
3259,24,1943,2.13,2026-05-05 08:30:00
3260,15,1943,0.82,2026-05-05 08:30:00
3261,28,1944,1.51,2026-05-21 13:00:00
3262,17,1945,1.20,2026-05-31 10:00:00
3263,26,1945,3.00,2026-05-31 10:00:00
3264,25,1946,5.21,2026-06-11 10:00:00
3265,27,1947,3.93,2026-07-13 12:00:00
3266,5,1948,1.42,2026-01-24 19:30:00
3267,29,1948,5.48,2026-01-24 19:30:00
3268,25,1949,4.69,2026-02-26 11:30:00
3269,16,1949,0.99,2026-02-26 11:30:00
3270,29,1950,2.16,2026-03-30 13:30:00
3271,11,1950,2.85,2026-03-30 13:30:00
3272,10,1951,2.47,2026-05-07 19:30:00
3273,6,1952,3.38,2026-06-06 09:30:00
3274,5,1953,3.07,2026-06-22 16:30:00
3275,11,1953,4.35,2026-06-22 16:30:00
3276,15,1954,1.38,2026-07-11 18:30:00
3277,13,1954,2.64,2026-07-11 18:30:00
3278,5,1955,3.06,2026-03-02 11:00:00
3279,19,1956,4.47,2026-03-23 10:00:00
3280,9,1957,3.49,2026-04-07 11:00:00
3281,6,1957,5.33,2026-04-07 11:00:00
3282,17,1958,4.39,2026-04-25 17:00:00
3283,16,1959,3.78,2026-05-06 10:30:00
3284,15,1959,4.88,2026-05-06 10:30:00
3285,29,1960,1.91,2026-06-06 20:00:00
3286,28,1961,3.89,2025-10-02 16:00:00
3287,5,1961,2.80,2025-10-02 16:00:00
3288,10,1961,1.97,2025-10-02 16:00:00
3289,6,1961,2.65,2025-10-02 16:00:00
3290,29,1961,1.68,2025-10-02 16:00:00
3291,26,1962,5.86,2025-11-08 18:00:00
3292,24,1962,2.83,2025-11-08 18:00:00
3293,23,1963,3.36,2025-12-13 10:30:00
3294,13,1964,3.56,2026-01-27 12:30:00
3295,4,1964,5.37,2026-01-27 12:30:00
3296,7,1965,3.26,2026-02-19 18:30:00
3297,18,1965,5.78,2026-02-19 18:30:00
3298,4,1965,4.05,2026-02-19 18:30:00
3299,4,1966,3.33,2026-04-04 16:00:00
3300,7,1966,0.70,2026-04-04 16:00:00
3301,17,1967,4.94,2026-05-12 11:00:00
3302,21,1967,4.68,2026-05-12 11:00:00
3303,10,1968,1.62,2026-06-14 13:00:00
3304,28,1969,2.87,2026-02-02 11:00:00
3305,30,1969,2.63,2026-02-02 11:00:00
3306,29,1970,3.80,2026-03-11 19:30:00
3307,28,1971,4.42,2026-04-04 20:00:00
3308,6,1972,2.23,2026-05-03 11:30:00
3309,10,1972,4.24,2026-05-03 11:30:00
3310,20,1973,5.92,2026-05-30 10:30:00
3311,10,1974,2.76,2025-10-18 09:00:00
3312,29,1974,4.45,2025-10-18 09:00:00
3313,28,1975,1.30,2025-11-16 15:00:00
3314,5,1976,0.85,2026-01-04 11:00:00
3315,6,1976,5.44,2026-01-04 11:00:00
3316,1,1977,2.46,2026-02-25 14:30:00
3317,8,1977,2.13,2026-02-25 14:30:00
3318,10,1978,0.97,2026-04-18 17:00:00
3319,11,1978,4.41,2026-04-18 17:00:00
3320,19,1978,0.67,2026-04-18 17:00:00
3321,18,1979,5.73,2026-06-10 13:00:00
3322,30,1980,1.82,2025-11-19 10:00:00
3323,28,1981,5.00,2026-01-01 17:30:00
3324,8,1982,4.08,2026-01-29 11:00:00
3325,28,1983,1.19,2026-03-28 13:00:00
3326,20,1984,3.57,2026-05-09 14:00:00
3327,3,1985,3.71,2026-06-15 09:30:00
3328,14,1985,2.28,2026-06-15 09:30:00
3329,10,1985,5.13,2026-06-15 09:30:00
3330,5,1986,1.45,2026-04-01 12:30:00
3331,5,1987,3.05,2026-04-11 16:00:00
3332,10,1987,1.70,2026-04-11 16:00:00
3333,11,1988,0.94,2026-05-02 17:30:00
3334,2,1989,4.17,2026-05-13 18:30:00
3335,24,1989,1.36,2026-05-13 18:30:00
3336,19,1989,4.75,2026-05-13 18:30:00
3337,5,1989,0.70,2026-05-13 18:30:00
3338,15,1989,1.95,2026-05-13 18:30:00
3339,21,1990,4.53,2026-05-26 19:00:00
3340,5,1991,4.26,2026-05-06 13:30:00
3341,5,1992,4.25,2026-05-23 13:00:00
3342,12,1992,1.19,2026-05-23 13:00:00
3343,10,1993,3.45,2026-06-11 09:30:00
3344,28,1993,5.37,2026-06-11 09:30:00
3345,29,1994,4.36,2026-07-07 17:30:00
3346,24,1994,5.71,2026-07-07 17:30:00
3347,2,1995,1.93,2026-07-20 20:00:00
3348,23,1995,4.15,2026-07-20 20:00:00
3349,6,1996,3.51,2026-03-07 14:30:00
3350,30,1996,3.21,2026-03-07 14:30:00
3351,10,1997,1.68,2026-03-30 09:00:00
3352,18,1998,4.43,2026-04-09 13:30:00
3353,26,1999,5.72,2026-04-25 17:00:00
3354,14,2000,3.71,2026-05-13 10:30:00
3355,18,2000,2.33,2026-05-13 10:30:00
3356,29,2001,5.91,2026-06-03 15:00:00
3357,5,2002,4.02,2026-03-22 18:00:00
3358,13,2003,3.56,2026-04-23 15:30:00
3359,11,2003,0.91,2026-04-23 15:30:00
3360,25,2004,5.99,2026-05-14 08:30:00
3361,7,2005,2.77,2026-06-25 19:30:00
3362,12,2005,1.38,2026-06-25 19:30:00
3363,1,2006,4.95,2026-07-12 19:30:00
3364,25,2006,3.32,2026-07-12 19:30:00
3365,30,2007,0.87,2026-04-05 16:30:00
3366,10,2008,6.00,2026-04-21 09:30:00
3367,9,2009,1.14,2026-05-18 15:00:00
3368,7,2010,1.97,2026-06-06 13:30:00
3369,6,2010,1.41,2026-06-06 13:30:00
3370,27,2011,3.96,2026-06-24 12:30:00
3371,28,2012,5.44,2025-09-14 14:30:00
3372,30,2013,2.70,2025-10-12 08:30:00
3373,6,2013,4.79,2025-10-12 08:30:00
3374,10,2013,4.66,2025-10-12 08:30:00
3375,10,2014,3.93,2025-12-03 15:30:00
3376,29,2015,0.51,2026-01-31 09:00:00
3377,28,2015,0.53,2026-01-31 09:00:00
3378,10,2016,0.62,2026-03-25 11:00:00
3379,18,2017,1.39,2026-05-04 16:00:00
3380,2,2018,4.96,2026-06-06 15:30:00
3381,29,2019,4.00,2025-11-22 14:30:00
3382,24,2020,1.85,2026-01-01 16:30:00
3383,23,2021,4.33,2026-02-05 15:00:00
3384,1,2022,2.06,2026-03-22 09:00:00
3385,7,2023,2.39,2026-04-20 18:00:00
3386,5,2024,0.96,2026-05-13 09:30:00
3387,25,2024,2.48,2026-05-13 09:30:00
3388,14,2025,5.77,2026-06-14 17:30:00
3389,7,2026,5.50,2026-07-25 14:30:00
3390,28,2027,2.37,2026-04-15 15:00:00
3391,30,2027,5.17,2026-04-15 15:00:00
3392,30,2028,5.91,2026-05-02 12:30:00
3393,6,2028,5.16,2026-05-02 12:30:00
3394,28,2028,3.33,2026-05-02 12:30:00
3395,18,2029,1.87,2026-05-16 20:00:00
3396,12,2030,2.72,2026-06-07 09:30:00
3397,26,2031,2.58,2026-06-18 14:30:00
3398,30,2032,2.05,2026-01-24 19:00:00
3399,30,2033,4.71,2026-02-09 12:00:00
3400,5,2034,3.02,2026-03-02 19:30:00
3401,6,2035,2.38,2026-03-15 08:30:00
3402,3,2036,4.24,2026-04-11 09:00:00
3403,6,2036,5.33,2026-04-11 09:00:00
3404,15,2036,1.01,2026-04-11 09:00:00
3405,21,2036,2.45,2026-04-11 09:00:00
3406,23,2037,4.22,2026-05-07 08:30:00
3407,2,2037,4.67,2026-05-07 08:30:00
3408,10,2037,3.15,2026-05-07 08:30:00
3409,11,2038,0.70,2026-06-06 12:30:00
3410,6,2039,0.74,2025-12-16 13:00:00
3411,24,2040,5.43,2026-01-20 12:00:00
3412,3,2040,4.24,2026-01-20 12:00:00
3413,7,2041,4.57,2026-02-24 20:00:00
3414,11,2042,4.48,2026-04-11 14:30:00
3415,4,2043,5.61,2026-05-20 16:00:00
3416,23,2043,3.64,2026-05-20 16:00:00
3417,21,2043,4.86,2026-05-20 16:00:00
3418,21,2044,4.24,2026-06-18 09:30:00
3419,6,2044,2.93,2026-06-18 09:30:00
3420,12,2045,2.38,2026-07-18 20:00:00
3421,30,2046,3.99,2026-02-15 16:00:00
3422,5,2047,0.63,2026-03-02 15:30:00
3423,12,2048,4.63,2026-03-21 16:30:00
3424,23,2049,4.33,2026-04-18 08:30:00
3425,15,2050,5.84,2026-04-30 09:00:00
3426,27,2050,2.11,2026-04-30 09:00:00
3427,15,2051,1.41,2026-05-18 16:00:00
3428,15,2052,1.69,2026-06-21 19:00:00
3429,30,2053,2.57,2026-04-11 13:00:00
3430,10,2053,5.43,2026-04-11 13:00:00
3431,30,2054,5.35,2026-05-09 17:30:00
3432,29,2054,1.00,2026-05-09 17:30:00
3433,29,2055,5.34,2026-06-03 16:00:00
3434,5,2056,3.85,2026-06-20 15:30:00
3435,28,2056,1.35,2026-06-20 15:30:00
3436,4,2057,5.64,2026-07-05 08:00:00
3437,1,2057,5.02,2026-07-05 08:00:00
3438,5,2058,2.14,2026-05-16 16:30:00
3439,10,2058,5.13,2026-05-16 16:30:00
3440,28,2058,0.73,2026-05-16 16:30:00
3441,6,2059,2.57,2026-05-26 14:00:00
3442,5,2059,4.35,2026-05-26 14:00:00
3443,10,2059,2.61,2026-05-26 14:00:00
3444,18,2060,1.12,2026-06-15 18:30:00
3445,14,2060,4.38,2026-06-15 18:30:00
3446,2,2061,5.95,2026-07-08 18:30:00
3447,5,2062,3.25,2026-04-13 15:00:00
3448,10,2063,1.61,2026-04-28 12:00:00
3449,5,2063,2.48,2026-04-28 12:00:00
3450,26,2064,2.04,2026-05-11 15:00:00
3451,27,2065,4.35,2026-05-30 15:30:00
3452,10,2065,5.57,2026-05-30 15:30:00
3453,6,2066,4.02,2026-06-16 16:00:00
3454,3,2066,5.10,2026-06-16 16:00:00
3455,30,2067,1.44,2026-05-26 12:30:00
3456,10,2067,1.68,2026-05-26 12:30:00
3457,6,2067,0.59,2026-05-26 12:30:00
3458,28,2068,1.61,2026-06-07 15:30:00
3459,9,2069,1.22,2026-07-04 18:00:00
3460,19,2070,2.03,2026-07-15 12:00:00
3461,10,2071,5.12,2026-05-07 16:00:00
3462,5,2071,1.59,2026-05-07 16:00:00
3463,30,2072,3.13,2026-05-23 13:00:00
3464,27,2073,5.09,2026-06-07 18:30:00
3465,19,2074,0.81,2026-06-25 19:30:00
3466,26,2074,0.62,2026-06-25 19:30:00
3467,7,2074,1.05,2026-06-25 19:30:00
3468,10,2075,3.76,2026-05-27 16:00:00
3469,28,2075,5.66,2026-05-27 16:00:00
3470,5,2076,4.89,2026-06-11 16:00:00
3471,18,2077,0.89,2026-06-29 17:30:00
3472,15,2077,3.59,2026-06-29 17:30:00
3473,10,2078,4.63,2026-07-11 16:30:00
3474,6,2079,2.70,2026-01-01 09:00:00
3475,4,2080,5.20,2026-01-22 10:00:00
3476,23,2081,1.16,2026-02-28 17:30:00
3477,7,2082,0.62,2026-03-23 16:30:00
3478,26,2083,2.83,2026-04-06 14:00:00
3479,13,2083,5.30,2026-04-06 14:00:00
3480,16,2084,4.30,2026-05-03 16:30:00
3481,5,2085,4.72,2026-05-23 08:30:00
3482,21,2086,1.00,2026-06-25 10:00:00
3483,28,2087,5.32,2026-03-01 12:00:00
3484,23,2088,4.34,2026-04-11 12:00:00
3485,3,2089,5.34,2026-05-07 10:30:00
3486,11,2089,4.13,2026-05-07 10:30:00
3487,10,2090,4.28,2026-06-02 17:00:00
3488,22,2090,1.90,2026-06-02 17:00:00
3489,19,2091,5.60,2026-06-22 13:00:00
3490,15,2092,0.88,2026-07-25 14:30:00
3491,20,2092,5.00,2026-07-25 14:30:00
3492,28,2093,2.51,2025-11-05 13:00:00
3493,11,2094,2.92,2025-12-03 18:00:00
3494,1,2094,0.88,2025-12-03 18:00:00
3495,16,2094,2.22,2025-12-03 18:00:00
3496,21,2095,5.70,2025-12-27 17:00:00
3497,9,2096,5.16,2026-02-02 08:00:00
3498,7,2097,3.68,2026-03-11 19:30:00
3499,7,2098,1.24,2026-04-08 19:30:00
3500,27,2099,4.70,2026-05-16 15:00:00
3501,3,2099,4.77,2026-05-16 15:00:00
3502,16,2099,3.13,2026-05-16 15:00:00
3503,13,2099,1.48,2026-05-16 15:00:00
3504,29,2100,5.10,2026-06-13 13:00:00
3505,16,2101,0.76,2026-07-02 16:00:00
3506,30,2102,3.55,2026-04-05 13:00:00
3507,28,2103,2.88,2026-04-28 11:00:00
3508,9,2104,4.68,2026-05-17 18:00:00
3509,21,2105,0.77,2026-06-07 09:00:00
3510,1,2105,2.41,2026-06-07 09:00:00
3511,16,2106,3.75,2026-06-28 15:30:00
3512,6,2107,5.37,2026-01-31 11:00:00
3513,5,2108,5.36,2026-03-09 19:30:00
3514,2,2109,2.18,2026-03-31 17:00:00
3515,28,2109,5.54,2026-03-31 17:00:00
3516,10,2110,5.48,2026-05-10 12:00:00
3517,2,2111,2.14,2026-06-11 08:30:00
3518,11,2111,3.69,2026-06-11 08:30:00
3519,10,2111,5.24,2026-06-11 08:30:00
3520,11,2112,3.41,2026-06-28 13:30:00
3521,30,2113,3.49,2026-04-06 17:00:00
3522,12,2114,2.91,2026-04-25 17:30:00
3523,17,2114,1.49,2026-04-25 17:30:00
3524,18,2115,3.63,2026-05-30 15:30:00
3525,17,2116,1.21,2026-07-02 09:30:00
3526,28,2117,1.40,2026-07-18 16:30:00
3527,10,2118,1.30,2025-11-25 19:30:00
3528,29,2118,5.95,2025-11-25 19:30:00
3529,5,2118,3.87,2025-11-25 19:30:00
3530,20,2119,5.21,2025-12-09 14:00:00
3531,29,2119,0.77,2025-12-09 14:00:00
3532,10,2120,4.93,2026-01-15 13:30:00
3533,20,2120,2.98,2026-01-15 13:30:00
3534,12,2121,0.54,2026-02-21 10:00:00
3535,11,2121,1.58,2026-02-21 10:00:00
3536,5,2121,4.50,2026-02-21 10:00:00
3537,29,2122,4.44,2026-03-26 13:00:00
3538,19,2122,4.17,2026-03-26 13:00:00
3539,11,2122,5.85,2026-03-26 13:00:00
3540,22,2122,4.04,2026-03-26 13:00:00
3541,29,2123,0.73,2026-04-25 19:30:00
3542,9,2123,1.80,2026-04-25 19:30:00
3543,4,2124,3.45,2026-06-01 18:30:00
3544,25,2124,5.51,2026-06-01 18:30:00
3545,6,2125,3.01,2026-01-21 11:00:00
3546,4,2126,2.94,2026-02-17 14:00:00
3547,18,2126,1.15,2026-02-17 14:00:00
3548,21,2127,4.99,2026-03-08 16:30:00
3549,11,2128,1.99,2026-04-07 17:30:00
3550,14,2128,4.17,2026-04-07 17:30:00
3551,15,2128,3.10,2026-04-07 17:30:00
3552,21,2129,4.91,2026-04-30 15:30:00
3553,4,2130,4.63,2026-05-25 09:30:00
3554,19,2131,0.60,2026-06-07 09:30:00
3555,27,2131,5.69,2026-06-07 09:30:00
3556,5,2132,5.93,2025-12-23 12:00:00
3557,30,2132,4.87,2025-12-23 12:00:00
3558,10,2132,1.13,2025-12-23 12:00:00
3559,10,2133,5.58,2026-01-06 15:30:00
3560,22,2134,1.46,2026-01-31 18:30:00
3561,28,2135,5.82,2026-02-19 10:30:00
3562,2,2135,3.14,2026-02-19 10:30:00
3563,5,2136,4.62,2026-03-16 16:30:00
3564,11,2137,4.29,2026-04-25 17:30:00
3565,28,2137,4.72,2026-04-25 17:30:00
3566,12,2137,1.72,2026-04-25 17:30:00
3567,20,2138,1.02,2026-05-23 17:00:00
3568,21,2139,1.81,2026-06-13 16:30:00
3569,28,2140,1.21,2025-12-22 18:30:00
3570,30,2140,1.47,2025-12-22 18:30:00
3571,29,2140,2.04,2025-12-22 18:30:00
3572,16,2141,1.12,2026-02-03 09:30:00
3573,21,2141,4.80,2026-02-03 09:30:00
3574,4,2142,4.34,2026-02-22 17:30:00
3575,2,2143,4.32,2026-03-09 15:30:00
3576,15,2144,0.93,2026-04-18 15:00:00
3577,10,2144,4.10,2026-04-18 15:00:00
3578,12,2144,1.56,2026-04-18 15:00:00
3579,1,2145,5.08,2026-05-27 08:30:00
3580,17,2146,4.13,2026-06-27 08:00:00
3581,28,2147,2.90,2025-12-25 17:30:00
3582,5,2147,5.85,2025-12-25 17:30:00
3583,30,2147,2.36,2025-12-25 17:30:00
3584,9,2148,1.80,2026-01-20 17:00:00
3585,20,2149,5.85,2026-02-15 09:00:00
3586,7,2150,0.72,2026-03-22 15:00:00
3587,16,2151,4.31,2026-05-02 12:00:00
3588,13,2152,1.70,2026-05-20 08:30:00
3589,13,2153,2.39,2026-06-15 18:30:00
3590,5,2153,5.05,2026-06-15 18:30:00
3591,12,2153,3.78,2026-06-15 18:30:00
3592,16,2153,2.69,2026-06-15 18:30:00
3593,30,2154,4.34,2025-10-13 15:30:00
3594,6,2154,4.23,2025-10-13 15:30:00
3595,28,2154,2.00,2025-10-13 15:30:00
3596,29,2155,1.07,2025-12-08 11:00:00
3597,30,2155,2.46,2025-12-08 11:00:00
3598,5,2156,5.31,2026-01-24 17:30:00
3599,8,2156,1.79,2026-01-24 17:30:00
3600,29,2157,1.85,2026-02-28 13:00:00
3601,3,2158,3.71,2026-04-13 10:30:00
3602,29,2158,2.30,2026-04-13 10:30:00
3603,2,2158,5.89,2026-04-13 10:30:00
3604,4,2159,5.48,2026-05-28 18:00:00
3605,2,2159,5.29,2026-05-28 18:00:00
3606,2,2160,0.53,2026-07-25 16:00:00
3607,5,2161,5.60,2026-05-13 10:00:00
3608,30,2161,2.60,2026-05-13 10:00:00
3609,29,2161,4.01,2026-05-13 10:00:00
3610,10,2162,4.61,2026-06-06 19:00:00
3611,5,2162,4.00,2026-06-06 19:00:00
3612,9,2163,5.18,2026-06-28 12:00:00
3613,5,2164,1.22,2026-07-15 08:30:00
3614,29,2165,5.36,2025-12-31 08:00:00
3615,4,2166,3.69,2026-01-17 19:30:00
3616,26,2167,3.09,2026-02-28 09:00:00
3617,14,2168,1.47,2026-03-21 11:30:00
3618,2,2168,2.47,2026-03-21 11:30:00
3619,13,2169,5.50,2026-05-02 19:30:00
3620,29,2170,2.46,2026-06-13 09:00:00
3621,26,2170,4.76,2026-06-13 09:00:00
3622,2,2171,1.01,2026-07-12 17:30:00
3623,20,2171,5.69,2026-07-12 17:30:00
3624,28,2172,1.25,2026-02-04 11:30:00
3625,9,2173,3.75,2026-03-03 17:00:00
3626,5,2173,5.63,2026-03-03 17:00:00
3627,15,2174,3.22,2026-04-16 13:30:00
3628,28,2174,2.73,2026-04-16 13:30:00
3629,18,2175,3.06,2026-05-27 19:30:00
3630,11,2176,3.72,2026-06-20 18:00:00
3631,27,2177,4.70,2026-07-22 20:00:00
3632,24,2177,0.88,2026-07-22 20:00:00
3633,10,2178,5.37,2026-02-16 13:00:00
3634,1,2179,3.21,2026-03-08 12:30:00
3635,27,2179,5.33,2026-03-08 12:30:00
3636,13,2179,3.12,2026-03-08 12:30:00
3637,19,2180,1.64,2026-04-05 20:00:00
3638,13,2180,5.35,2026-04-05 20:00:00
3639,3,2181,0.58,2026-05-03 18:30:00
3640,6,2181,3.34,2026-05-03 18:30:00
3641,1,2182,4.05,2026-05-19 09:00:00
3642,7,2183,4.00,2026-06-14 19:00:00
3643,10,2183,1.85,2026-06-14 19:00:00
3644,18,2183,4.56,2026-06-14 19:00:00
3645,6,2184,4.26,2025-12-17 12:00:00
3646,29,2184,3.85,2025-12-17 12:00:00
3647,6,2185,4.84,2026-01-12 20:00:00
3648,5,2185,4.16,2026-01-12 20:00:00
3649,28,2185,0.89,2026-01-12 20:00:00
3650,28,2186,4.73,2026-03-09 16:00:00
3651,8,2187,3.79,2026-04-15 12:30:00
3652,20,2188,0.77,2026-05-07 09:30:00
3653,3,2188,2.70,2026-05-07 09:30:00
3654,11,2189,1.40,2026-06-07 09:30:00
3655,6,2189,5.71,2026-06-07 09:30:00
3656,29,2190,0.53,2026-04-18 14:00:00
3657,10,2190,3.71,2026-04-18 14:00:00
3658,28,2190,4.78,2026-04-18 14:00:00
3659,28,2191,0.89,2026-05-13 10:30:00
3660,10,2192,4.89,2026-06-10 08:00:00
3661,1,2192,5.38,2026-06-10 08:00:00
3662,1,2193,1.88,2026-06-21 10:00:00
3663,29,2194,2.04,2026-01-28 12:30:00
3664,28,2194,5.40,2026-01-28 12:30:00
3665,28,2195,3.74,2026-02-14 14:30:00
3666,18,2196,1.75,2026-03-16 12:30:00
3667,1,2197,2.70,2026-04-13 19:30:00
3668,29,2198,4.80,2026-05-06 16:00:00
3669,13,2199,2.34,2026-06-10 10:30:00
3670,10,2200,5.91,2026-06-27 08:30:00
3671,24,2200,0.95,2026-06-27 08:30:00
3672,29,2201,0.50,2026-04-26 19:30:00
3673,5,2201,1.06,2026-04-26 19:30:00
3674,6,2202,5.87,2026-05-26 19:00:00
3675,20,2202,3.48,2026-05-26 19:00:00
3676,13,2203,3.97,2026-06-09 17:30:00
3677,27,2203,0.70,2026-06-09 17:30:00
3678,20,2204,3.69,2026-06-20 16:00:00
3679,1,2205,1.19,2026-07-13 20:00:00
3680,10,2205,4.42,2026-07-13 20:00:00
3681,10,2206,2.49,2026-02-16 16:00:00
3682,6,2207,2.96,2026-03-11 16:30:00
3683,29,2207,1.28,2026-03-11 16:30:00
3684,5,2207,2.07,2026-03-11 16:30:00
3685,10,2207,1.75,2026-03-11 16:30:00
3686,28,2207,2.14,2026-03-11 16:30:00
3687,1,2208,2.03,2026-04-08 18:00:00
3688,29,2209,4.63,2026-05-19 17:30:00
3689,10,2210,5.86,2026-06-20 08:00:00
3690,28,2211,0.87,2026-02-08 13:30:00
3691,5,2211,5.60,2026-02-08 13:30:00
3692,6,2212,4.19,2026-03-07 19:00:00
3693,17,2213,3.63,2026-03-21 10:00:00
3694,18,2213,2.66,2026-03-21 10:00:00
3695,13,2214,5.93,2026-04-21 17:00:00
3696,9,2214,5.98,2026-04-21 17:00:00
3697,19,2214,5.94,2026-04-21 17:00:00
3698,4,2215,1.09,2026-05-05 13:00:00
3699,20,2215,3.35,2026-05-05 13:00:00
3700,26,2215,3.57,2026-05-05 13:00:00
3701,27,2216,5.92,2026-05-19 11:30:00
3702,4,2216,2.88,2026-05-19 11:30:00
3703,1,2217,1.63,2026-06-16 14:00:00
3704,10,2218,2.92,2025-12-23 11:00:00
3705,10,2219,2.07,2026-01-18 11:00:00
3706,28,2219,3.89,2026-01-18 11:00:00
3707,6,2220,4.03,2026-02-14 08:00:00
3708,23,2221,1.87,2026-03-11 18:30:00
3709,1,2221,0.81,2026-03-11 18:30:00
3710,20,2222,2.92,2026-04-01 10:30:00
3711,27,2223,3.47,2026-04-27 09:00:00
3712,18,2223,0.67,2026-04-27 09:00:00
3713,10,2223,4.29,2026-04-27 09:00:00
3714,6,2224,0.95,2026-05-25 16:30:00
3715,5,2225,5.95,2026-06-18 09:00:00
3716,4,2225,4.97,2026-06-18 09:00:00
3717,13,2225,4.34,2026-06-18 09:00:00
3718,20,2226,5.04,2026-07-13 10:00:00
3719,17,2226,3.68,2026-07-13 10:00:00
3720,6,2227,0.66,2026-02-28 13:00:00
3721,30,2227,1.89,2026-02-28 13:00:00
3722,7,2228,3.60,2026-04-09 17:00:00
3723,3,2229,4.08,2026-04-30 17:30:00
3724,1,2229,3.83,2026-04-30 17:30:00
3725,21,2229,5.50,2026-04-30 17:30:00
3726,17,2230,2.00,2026-05-21 11:00:00
3727,18,2231,5.61,2026-06-17 18:30:00
3728,30,2232,1.07,2026-02-01 19:00:00
3729,28,2233,4.16,2026-02-21 17:30:00
3730,18,2234,4.48,2026-03-21 10:30:00
3731,15,2235,5.86,2026-04-22 14:00:00
3732,2,2236,4.50,2026-05-13 13:30:00
3733,28,2237,2.15,2026-05-30 11:30:00
3734,24,2237,5.52,2026-05-30 11:30:00
3735,28,2238,1.01,2026-04-11 09:30:00
3736,30,2238,3.41,2026-04-11 09:30:00
3737,6,2238,1.17,2026-04-11 09:30:00
3738,5,2239,2.82,2026-04-20 12:00:00
3739,6,2239,5.39,2026-04-20 12:00:00
3740,28,2240,0.54,2026-05-06 19:30:00
3741,5,2240,1.94,2026-05-06 19:30:00
3742,5,2241,1.89,2026-05-30 19:00:00
3743,6,2242,5.91,2026-05-17 17:00:00
3744,11,2243,2.14,2026-06-06 08:00:00
3745,10,2243,5.67,2026-06-06 08:00:00
3746,2,2244,5.31,2026-06-24 11:30:00
3747,30,2245,2.28,2025-12-06 20:00:00
3748,28,2245,2.42,2025-12-06 20:00:00
3749,10,2246,1.85,2025-12-29 08:30:00
3750,4,2247,4.55,2026-01-25 18:30:00
3751,20,2247,2.84,2026-01-25 18:30:00
3752,1,2248,2.65,2026-02-17 09:00:00
3753,4,2248,2.16,2026-02-17 09:00:00
3754,29,2249,0.63,2026-03-14 10:00:00
3755,18,2249,5.20,2026-03-14 10:00:00
3756,4,2250,4.93,2026-04-06 08:30:00
3757,3,2250,3.33,2026-04-06 08:30:00
3758,16,2251,5.43,2026-05-02 18:00:00
3759,1,2252,5.16,2026-05-24 10:00:00
3760,17,2252,2.18,2026-05-24 10:00:00
3761,2,2252,4.59,2026-05-24 10:00:00
3762,9,2253,0.56,2026-06-20 10:00:00
3763,26,2253,4.74,2026-06-20 10:00:00
3764,26,2254,5.71,2026-07-12 13:30:00
3765,30,2255,4.79,2026-05-18 20:00:00
3766,10,2255,1.72,2026-05-18 20:00:00
3767,6,2256,5.61,2026-05-31 16:30:00
3768,17,2256,1.72,2026-05-31 16:30:00
3769,12,2256,1.02,2026-05-31 16:30:00
3770,16,2257,1.08,2026-06-30 14:30:00
3771,30,2258,2.42,2026-05-24 17:30:00
3772,5,2258,5.73,2026-05-24 17:30:00
3773,5,2259,2.18,2026-06-06 09:00:00
3774,18,2260,3.25,2026-06-15 14:00:00
3775,29,2260,5.92,2026-06-15 14:00:00
3776,5,2261,0.64,2026-06-28 17:00:00
3777,17,2261,2.58,2026-06-28 17:00:00
3778,10,2262,1.05,2026-04-04 14:30:00
3779,2,2263,4.19,2026-04-15 14:30:00
3780,14,2264,2.10,2026-05-16 09:00:00
3781,25,2264,4.62,2026-05-16 09:00:00
3782,12,2264,2.41,2026-05-16 09:00:00
3783,9,2265,3.72,2026-05-30 08:00:00
3784,23,2265,4.66,2026-05-30 08:00:00
3785,21,2265,2.77,2026-05-30 08:00:00
3786,29,2266,5.20,2026-02-05 15:00:00
3787,26,2267,1.73,2026-03-11 10:30:00
3788,14,2268,2.61,2026-04-11 19:00:00
3789,17,2269,4.17,2026-04-25 17:30:00
3790,3,2270,5.17,2026-05-21 08:00:00
3791,10,2271,4.15,2026-06-01 09:00:00
3792,21,2271,1.29,2026-06-01 09:00:00
3793,15,2272,4.74,2026-06-18 12:00:00
3794,11,2272,0.86,2026-06-18 12:00:00
3795,5,2273,1.65,2025-10-29 16:30:00
3796,6,2273,1.86,2025-10-29 16:30:00
3797,28,2274,1.47,2025-11-20 18:30:00
3798,3,2275,3.63,2025-12-13 11:30:00
3799,16,2275,5.26,2025-12-13 11:30:00
3800,18,2276,0.77,2026-01-04 18:00:00
3801,4,2277,3.85,2026-01-26 14:00:00
3802,25,2278,3.99,2026-02-18 11:00:00
3803,7,2278,2.34,2026-02-18 11:00:00
3804,3,2279,3.25,2026-03-12 16:30:00
3805,14,2279,3.21,2026-03-12 16:30:00
3806,5,2280,3.02,2026-04-09 14:00:00
3807,10,2281,1.23,2026-05-04 19:30:00
3808,18,2281,3.39,2026-05-04 19:30:00
3809,29,2282,3.33,2026-05-27 11:30:00
3810,2,2283,2.12,2026-06-23 09:30:00
3811,27,2284,5.81,2026-07-18 18:30:00
3812,28,2285,2.87,2025-09-17 13:00:00
3813,29,2285,0.57,2025-09-17 13:00:00
3814,28,2286,2.62,2025-10-07 18:30:00
3815,5,2286,5.51,2025-10-07 18:30:00
3816,6,2286,5.11,2025-10-07 18:30:00
3817,28,2287,4.82,2025-10-29 19:30:00
3818,3,2288,1.57,2025-11-22 15:00:00
3819,15,2289,3.04,2025-12-17 11:00:00
3820,25,2289,1.15,2025-12-17 11:00:00
3821,16,2290,4.00,2026-01-10 13:00:00
3822,7,2291,1.58,2026-02-02 19:00:00
3823,25,2291,4.77,2026-02-02 19:00:00
3824,26,2292,4.80,2026-02-25 12:00:00
3825,29,2293,2.37,2026-03-19 18:30:00
3826,21,2293,1.57,2026-03-19 18:30:00
3827,17,2294,2.98,2026-04-08 17:30:00
3828,13,2294,3.59,2026-04-08 17:30:00
3829,10,2294,3.95,2026-04-08 17:30:00
3830,1,2295,2.05,2026-04-30 13:00:00
3831,4,2295,3.54,2026-04-30 13:00:00
3832,13,2296,5.64,2026-05-26 14:00:00
3833,4,2297,2.89,2026-06-18 09:30:00
3834,4,2298,1.20,2026-07-12 16:30:00
3835,30,2299,4.17,2026-05-07 20:00:00
3836,6,2300,5.68,2026-05-14 11:00:00
3837,30,2300,3.46,2026-05-14 11:00:00
3838,17,2301,3.56,2026-05-21 08:00:00
3839,27,2302,1.34,2026-06-07 08:00:00
3840,14,2302,0.82,2026-06-07 08:00:00
3841,24,2302,1.16,2026-06-07 08:00:00
3842,5,2302,0.85,2026-06-07 08:00:00
3843,29,2303,2.16,2026-06-20 09:30:00
3844,3,2303,1.52,2026-06-20 09:30:00
3845,15,2303,0.68,2026-06-20 09:30:00
3846,29,2304,2.81,2026-07-02 12:00:00
3847,29,2305,1.06,2026-05-28 19:00:00
3848,5,2305,0.62,2026-05-28 19:00:00
3849,28,2305,1.62,2026-05-28 19:00:00
3850,10,2306,4.71,2026-06-20 14:30:00
3851,1,2307,2.76,2026-07-01 18:00:00
3852,28,2307,3.30,2026-07-01 18:00:00
3853,8,2307,3.57,2026-07-01 18:00:00
3854,29,2308,3.85,2026-07-15 19:00:00
3855,6,2309,5.58,2026-03-31 11:00:00
3856,30,2309,2.12,2026-03-31 11:00:00
3857,30,2310,3.57,2026-04-19 12:00:00
3858,16,2311,0.60,2026-05-02 19:00:00
3859,13,2311,2.07,2026-05-02 19:00:00
3860,13,2312,5.08,2026-05-16 10:30:00
3861,17,2313,2.18,2026-05-23 12:30:00
3862,4,2313,1.16,2026-05-23 12:30:00
3863,9,2314,5.33,2026-06-04 11:30:00
3864,4,2314,5.50,2026-06-04 11:30:00
3865,28,2315,0.69,2026-03-04 19:00:00
3866,6,2315,4.83,2026-03-04 19:00:00
3867,5,2316,4.41,2026-03-28 12:30:00
3868,15,2317,3.82,2026-04-18 11:30:00
3869,5,2318,5.57,2026-05-13 17:30:00
3870,25,2318,3.84,2026-05-13 17:30:00
3871,10,2319,4.40,2026-06-04 08:00:00
3872,11,2319,0.58,2026-06-04 08:00:00
3873,28,2320,3.98,2026-03-18 19:30:00
3874,10,2321,5.61,2026-04-11 13:30:00
3875,4,2322,5.98,2026-04-26 10:30:00
3876,5,2323,5.46,2026-05-13 11:30:00
3877,29,2323,5.45,2026-05-13 11:30:00
3878,19,2324,2.04,2026-05-25 15:00:00
3879,15,2324,3.85,2026-05-25 15:00:00
3880,29,2325,1.93,2026-04-05 19:30:00
3881,10,2326,0.95,2026-04-22 11:30:00
3882,8,2327,1.72,2026-05-23 14:30:00
3883,1,2328,2.10,2026-06-04 14:00:00
3884,15,2329,1.57,2026-06-30 11:00:00
3885,10,2330,3.06,2026-03-04 16:30:00
3886,30,2330,5.63,2026-03-04 16:30:00
3887,28,2331,1.22,2026-03-30 12:00:00
3888,10,2331,4.25,2026-03-30 12:00:00
3889,28,2332,4.72,2026-04-26 18:30:00
3890,2,2333,0.72,2026-05-16 13:00:00
3891,13,2334,2.81,2026-06-06 15:30:00
3892,24,2334,3.47,2026-06-06 15:30:00
3893,28,2335,1.23,2026-04-30 09:00:00
3894,30,2335,4.01,2026-04-30 09:00:00
3895,29,2335,5.17,2026-04-30 09:00:00
3896,29,2336,3.57,2026-05-16 08:30:00
3897,1,2337,4.64,2026-05-30 20:00:00
3898,10,2337,1.57,2026-05-30 20:00:00
3899,6,2338,3.21,2026-01-22 08:00:00
3900,14,2339,4.37,2026-02-28 17:00:00
3901,13,2340,2.19,2026-04-07 11:30:00
3902,14,2340,0.90,2026-04-07 11:30:00
3903,23,2340,1.20,2026-04-07 11:30:00
3904,6,2341,5.32,2026-05-03 09:30:00
3905,18,2342,3.74,2026-06-15 16:00:00
3906,28,2343,0.59,2026-02-28 08:30:00
3907,21,2344,5.39,2026-03-22 13:30:00
3908,19,2344,3.02,2026-03-22 13:30:00
3909,25,2344,5.55,2026-03-22 13:30:00
3910,11,2345,4.65,2026-04-11 13:30:00
3911,18,2346,4.25,2026-05-04 09:00:00
3912,7,2347,3.11,2026-05-30 17:30:00
3913,4,2348,4.73,2026-07-02 08:00:00
3914,28,2349,2.32,2026-03-24 08:00:00
3915,29,2349,2.09,2026-03-24 08:00:00
3916,7,2350,1.21,2026-04-27 18:00:00
3917,26,2350,5.93,2026-04-27 18:00:00
3918,19,2351,4.49,2026-05-12 10:30:00
3919,2,2352,3.82,2026-05-30 09:00:00
3920,6,2353,0.91,2026-06-14 10:30:00
3921,12,2353,1.02,2026-06-14 10:30:00
3922,26,2354,2.16,2026-06-30 12:30:00
3923,25,2354,3.85,2026-06-30 12:30:00
3924,29,2355,2.12,2026-01-15 18:30:00
3925,30,2356,2.35,2026-02-07 14:00:00
3926,9,2357,2.35,2026-03-03 13:00:00
3927,8,2358,2.04,2026-04-25 09:00:00
3928,1,2358,4.60,2026-04-25 09:00:00
3929,29,2358,3.39,2026-04-25 09:00:00
3930,2,2359,5.13,2026-06-13 09:00:00
3931,1,2360,5.50,2026-07-16 09:30:00
3932,5,2361,1.56,2025-10-19 12:00:00
3933,30,2361,1.51,2025-10-19 12:00:00
3934,28,2362,0.80,2025-11-13 17:00:00
3935,7,2363,1.93,2026-01-07 09:00:00
3936,8,2363,4.57,2026-01-07 09:00:00
3937,5,2364,4.33,2026-02-10 15:30:00
3938,28,2365,0.95,2026-03-03 19:00:00
3939,5,2365,2.31,2026-03-03 19:00:00
3940,14,2366,2.84,2026-04-06 20:00:00
3941,18,2366,1.75,2026-04-06 20:00:00
3942,12,2367,3.83,2026-05-28 16:00:00
3943,21,2368,4.68,2026-07-13 11:30:00
3944,10,2369,2.89,2026-04-22 08:00:00
3945,29,2369,2.86,2026-04-22 08:00:00
3946,5,2369,2.79,2026-04-22 08:00:00
3947,28,2370,3.02,2026-05-02 19:30:00
3948,17,2371,1.74,2026-05-24 11:00:00
3949,25,2372,2.05,2026-06-13 11:00:00
3950,24,2372,1.44,2026-06-13 11:00:00
3951,6,2373,3.95,2026-02-02 09:00:00
3952,5,2373,2.72,2026-02-02 09:00:00
3953,30,2374,0.64,2026-02-24 09:00:00
3954,28,2374,2.41,2026-02-24 09:00:00
3955,8,2375,1.94,2026-03-24 13:30:00
3956,29,2376,3.43,2026-04-04 08:30:00
3957,8,2376,4.99,2026-04-04 08:30:00
3958,17,2377,4.01,2026-04-22 19:30:00
3959,23,2377,1.42,2026-04-22 19:30:00
3960,14,2378,5.94,2026-05-16 16:00:00
3961,7,2378,5.39,2026-05-16 16:00:00
3962,3,2379,1.22,2026-06-02 13:00:00
3963,14,2379,2.04,2026-06-02 13:00:00
3964,28,2380,1.80,2025-09-06 14:30:00
3965,10,2381,2.73,2025-09-30 09:30:00
3966,28,2381,4.95,2025-09-30 09:30:00
3967,5,2381,3.64,2025-09-30 09:30:00
3968,6,2382,3.52,2025-10-25 18:00:00
3969,18,2383,3.28,2025-11-15 10:00:00
3970,12,2384,5.05,2025-12-04 16:00:00
3971,16,2385,3.54,2025-12-28 08:30:00
3972,9,2385,3.28,2025-12-28 08:30:00
3973,10,2386,5.71,2026-01-17 14:30:00
3974,25,2387,5.11,2026-02-09 16:00:00
3975,18,2388,2.95,2026-03-05 09:30:00
3976,6,2388,1.45,2026-03-05 09:30:00
3977,6,2389,1.33,2026-03-28 12:30:00
3978,13,2389,3.17,2026-03-28 12:30:00
3979,1,2390,3.92,2026-04-22 19:00:00
3980,9,2390,0.75,2026-04-22 19:00:00
3981,27,2390,0.95,2026-04-22 19:00:00
3982,14,2391,4.19,2026-05-14 20:00:00
3983,28,2392,5.63,2026-06-04 08:30:00
3984,5,2392,4.61,2026-06-04 08:30:00
3985,28,2393,1.65,2026-06-27 12:30:00
3986,12,2393,1.70,2026-06-27 12:30:00
3987,10,2394,1.96,2026-01-20 16:30:00
3988,23,2395,5.81,2026-02-12 11:30:00
3989,16,2395,4.70,2026-02-12 11:30:00
3990,20,2395,3.69,2026-02-12 11:30:00
3991,24,2396,2.09,2026-03-03 18:30:00
3992,5,2396,1.37,2026-03-03 18:30:00
3993,29,2396,3.48,2026-03-03 18:30:00
3994,16,2397,4.72,2026-03-25 10:30:00
3995,27,2398,1.24,2026-04-30 19:30:00
3996,29,2399,0.65,2026-06-13 16:00:00
3997,12,2399,5.01,2026-06-13 16:00:00
3998,10,2399,3.47,2026-06-13 16:00:00
3999,2,2400,2.13,2026-06-30 19:00:00
4000,19,2400,1.40,2026-06-30 19:00:00
